"TABLE_NAME","ROWS_IN_ORACLE","ROWS_IN_POSTGRES","COPY_STATUS","START TIME","END TIME","TIME_TAKEN"
"FT_ALGO_RPRO","0","0","EMPTY_TABLE","0 seconds"
"FT_ILOG_ILGP","0","0","EMPTY_TABLE","0 seconds"
"FT_ILOG_ILGR","0","0","EMPTY_TABLE","0 seconds"
"FT_ILOG_RMXG","0","0","EMPTY_TABLE","0 seconds"
"FT_ILOG_RMXS","0","0","EMPTY_TABLE","0 seconds"
"FT_O_ADEL","2838","0","COPY","01/08/2022 23:03:53","01/08/2022 23:03:55","2 seconds"
"FT_O_AHID","0","0","EMPTY_TABLE","0 seconds"
"FT_O_ARCH","0","0","EMPTY_TABLE","0 seconds"
"FT_O_ARCHIVE_STATS","0","0","EMPTY_TABLE","0 seconds"
"FT_O_ARNG","0","0","EMPTY_TABLE","0 seconds"
"FT_O_AUDT","0","0","EMPTY_TABLE","0 seconds"
"FT_O_AUIC","0","0","EMPTY_TABLE","0 seconds"
"FT_O_AUIR","0","0","EMPTY_TABLE","0 seconds"
"FT_O_AUIT","0","0","EMPTY_TABLE","0 seconds"
"FT_O_BAAI","0","0","EMPTY_TABLE","0 seconds"
"FT_O_BAAP","0","0","EMPTY_TABLE","0 seconds"
"FT_O_BFMM","0","0","EMPTY_TABLE","0 seconds"
"FT_O_CAQH","132","132","COPY","01/08/2022 23:04:40","01/08/2022 23:04:42","2 seconds"
"FT_O_CAQP","2321","2321","COPY","01/08/2022 23:04:44","01/08/2022 23:04:46","2 seconds"
"FT_O_CARD","0","0","EMPTY_TABLE","0 seconds"
"FT_O_CARM","0","0","EMPTY_TABLE","0 seconds"
"FT_O_CARQ","86","86","COPY","01/08/2022 23:04:55","01/08/2022 23:04:58","2 seconds"
"FT_O_CART","0","0","EMPTY_TABLE","0 seconds"
"FT_O_CCUI","0","0","EMPTY_TABLE","0 seconds"
"FT_O_CKLU","0","0","EMPTY_TABLE","0 seconds"
"FT_O_CONV","0","0","EMPTY_TABLE","0 seconds"
"FT_O_CR01","0","0","EMPTY_TABLE","0 seconds"
"FT_O_CSUG","0","0","EMPTY_TABLE","0 seconds"
"FT_O_DAFC","0","0","EMPTY_TABLE","0 seconds"
"FT_O_DAFP","0","0","EMPTY_TABLE","0 seconds"
"FT_O_DCHI","0","0","EMPTY_TABLE","0 seconds"
"FT_O_DCPR","0","0","EMPTY_TABLE","0 seconds"
"FT_O_DQNA","0","0","EMPTY_TABLE","0 seconds"
"FT_O_DQNS","0","0","EMPTY_TABLE","0 seconds"
"FT_O_DSCH","0","0","EMPTY_TABLE","0 seconds"
"FT_O_DSOI","0","0","EMPTY_TABLE","0 seconds"
"FT_O_DTAB","0","0","EMPTY_TABLE","0 seconds"
"FT_O_DTLN","0","0","EMPTY_TABLE","0 seconds"
"FT_O_EMEL","0","0","EMPTY_TABLE","0 seconds"
"FT_O_EXLG","19099263","19099263","COPY","01/08/2022 23:05:58","01/08/2022 23:07:35","96 seconds"
"FT_O_FLPT","0","0","EMPTY_TABLE","0 seconds"
"FT_O_FPDF","0","0","EMPTY_TABLE","0 seconds"
"FT_O_GASB","0","0","EMPTY_TABLE","0 seconds"
"FT_O_GLEF","0","0","EMPTY_TABLE","0 seconds"
"FT_O_HKEY","0","0","EMPTY_TABLE","0 seconds"
"FT_O_HOLD_L","0","0","EMPTY_TABLE","0 seconds"
"FT_O_HRNG","0","0","EMPTY_TABLE","0 seconds"
"FT_O_IABI","0","0","EMPTY_TABLE","0 seconds"
"FT_O_IDPC","0","0","EMPTY_TABLE","0 seconds"
"FT_O_ISJB","0","0","EMPTY_TABLE","0 seconds"
"FT_O_ISPP","0","0","EMPTY_TABLE","0 seconds"
"FT_O_LDAP","0","0","EMPTY_TABLE","0 seconds"
"FT_O_LGIN","0","0","EMPTY_TABLE","0 seconds"
"FT_O_LIIS","0","0","EMPTY_TABLE","0 seconds"
"FT_O_LKEY","0","0","EMPTY_TABLE","0 seconds"
"FT_O_LOCK","46972","46972","COPY","01/08/2022 23:08:30","01/08/2022 23:08:35","4 seconds"
"FT_O_LOTS_L","0","0","EMPTY_TABLE","0 seconds"
"FT_O_LRNG","0","0","EMPTY_TABLE","0 seconds"
"FT_O_MASU","0","0","EMPTY_TABLE","0 seconds"
"FT_O_MKEY","1873","1873","COPY","01/08/2022 23:08:47","01/08/2022 23:08:50","2 seconds"
"FT_O_MKMR","0","0","EMPTY_TABLE","0 seconds"
"FT_O_MSHF","0","0","EMPTY_TABLE","0 seconds"
"FT_O_MSHL","0","0","EMPTY_TABLE","0 seconds"
"FT_O_MSHR","0","0","EMPTY_TABLE","0 seconds"
"FT_O_MUBP","0","0","EMPTY_TABLE","0 seconds"
"FT_O_MUDF","6","6","COPY","01/08/2022 23:09:11","01/08/2022 23:09:13","2 seconds"
"FT_O_MUEX","0","0","EMPTY_TABLE","0 seconds"
"FT_O_MUIN","0","0","EMPTY_TABLE","0 seconds"
"FT_O_NLPM","0","0","EMPTY_TABLE","0 seconds"
"FT_O_PADF","0","0","EMPTY_TABLE","0 seconds"
"FT_O_PAGI","0","0","EMPTY_TABLE","0 seconds"
"FT_O_PAGO","0","0","EMPTY_TABLE","0 seconds"
"FT_O_PCAH","0","0","EMPTY_TABLE","0 seconds"
"FT_O_PGAT","0","0","EMPTY_TABLE","0 seconds"
"FT_O_PGDF","0","0","EMPTY_TABLE","0 seconds"
"FT_O_PGKP","0","0","EMPTY_TABLE","0 seconds"
"FT_O_PGPT","0","0","EMPTY_TABLE","0 seconds"
"FT_O_PGTD","18","18","COPY","01/08/2022 23:09:51","01/08/2022 23:09:54","2 seconds"
"FT_O_PGTP","0","0","EMPTY_TABLE","0 seconds"
"FT_O_PGTR","0","0","EMPTY_TABLE","0 seconds"
"FT_O_PKEY","0","0","EMPTY_TABLE","0 seconds"
"FT_O_POSN_L","0","0","EMPTY_TABLE","0 seconds"
"FT_O_PPJB","0","0","EMPTY_TABLE","0 seconds"
"FT_O_PRGE","0","0","EMPTY_TABLE","0 seconds"
"FT_O_PRJB","0","0","EMPTY_TABLE","0 seconds"
"FT_O_PRNG","0","0","EMPTY_TABLE","0 seconds"
"FT_O_PRRS","0","0","EMPTY_TABLE","0 seconds"
"FT_O_PRTF","0","0","EMPTY_TABLE","0 seconds"
"FT_O_PSST","1","1","COPY","01/08/2022 23:10:34","01/08/2022 23:10:36","1 seconds"
"FT_O_PURGE_STATS","0","0","EMPTY_TABLE","0 seconds"
"FT_O_RESC","0","0","EMPTY_TABLE","0 seconds"
"FT_O_RRLG","0","0","EMPTY_TABLE","0 seconds"
"FT_O_RSRT","0","0","EMPTY_TABLE","0 seconds"
"FT_O_RTBA_HIST","0","0","EMPTY_TABLE","0 seconds"
"FT_O_RTBA_TL","0","0","EMPTY_TABLE","0 seconds"
"FT_O_RTHA","0","0","EMPTY_TABLE","0 seconds"
"FT_O_RTHA_TL","0","0","EMPTY_TABLE","0 seconds"
"FT_O_RTSA_TL","0","0","EMPTY_TABLE","0 seconds"
"FT_O_SCCF","0","0","EMPTY_TABLE","0 seconds"
"FT_O_SCDD","0","0","EMPTY_TABLE","0 seconds"
"FT_O_SCPS","0","0","EMPTY_TABLE","0 seconds"
"FT_O_SSMI","0","0","EMPTY_TABLE","0 seconds"
"FT_O_SSMS","0","0","EMPTY_TABLE","0 seconds"
"FT_O_STTM","6","6","COPY","01/08/2022 23:11:47","01/08/2022 23:11:51","4 seconds"
"FT_O_SUMMARY_STATS","0","0","EMPTY_TABLE","0 seconds"
"FT_O_TIMELINE","1","1","COPY","01/08/2022 23:12:03","01/08/2022 23:12:07","4 seconds"
"FT_O_TIMELINE_HIST","0","0","EMPTY_TABLE","0 seconds"
"FT_O_TLDF","9","9","COPY","01/08/2022 23:12:12","01/08/2022 23:12:14","2 seconds"
"FT_O_TRCC","27","27","COPY","01/08/2022 23:12:16","01/08/2022 23:12:19","2 seconds"
"FT_O_TRCD","27","27","COPY","01/08/2022 23:12:21","01/08/2022 23:12:23","2 seconds"
"FT_O_TRCN","6","6","COPY","01/08/2022 23:12:25","01/08/2022 23:12:27","2 seconds"
"FT_O_TRNG","0","0","EMPTY_TABLE","0 seconds"
"FT_O_TRSC","0","0","EMPTY_TABLE","0 seconds"
"FT_O_TRSV","0","0","EMPTY_TABLE","0 seconds"
"FT_O_UIAM","0","0","EMPTY_TABLE","0 seconds"
"FT_O_UIBL","383","383","COPY","01/08/2022 23:12:43","01/08/2022 23:12:45","2 seconds"
"FT_O_UIBM","0","0","EMPTY_TABLE","0 seconds"
"FT_O_UICH","0","0","EMPTY_TABLE","0 seconds"
"FT_O_UICO","0","0","EMPTY_TABLE","0 seconds"
"FT_O_UIDS","0","0","EMPTY_TABLE","0 seconds"
"FT_O_UIEB","0","0","EMPTY_TABLE","0 seconds"
"FT_O_UIEC","0","0","EMPTY_TABLE","0 seconds"
"FT_O_UIEP","0","0","EMPTY_TABLE","0 seconds"
"FT_O_UIMC","0","0","EMPTY_TABLE","0 seconds"
"FT_O_UIMS","172","172","COPY","01/08/2022 23:13:16","01/08/2022 23:13:18","2 seconds"
"FT_O_UINM","0","0","EMPTY_TABLE","0 seconds"
"FT_O_UIOL","397","397","COPY","01/08/2022 23:13:24","01/08/2022 23:13:26","2 seconds"
"FT_O_UIPR","56","56","COPY","01/08/2022 23:13:28","01/08/2022 23:13:30","1 seconds"
"FT_O_UIRE","1","1","COPY","01/08/2022 23:13:32","01/08/2022 23:13:34","2 seconds"
"FT_O_UISA","0","0","EMPTY_TABLE","0 seconds"
"FT_O_UISB","0","0","EMPTY_TABLE","0 seconds"
"FT_O_UISC","0","0","EMPTY_TABLE","0 seconds"
"FT_O_UISD","0","0","EMPTY_TABLE","0 seconds"
"FT_O_UISH","0","0","EMPTY_TABLE","0 seconds"
"FT_O_UISP","0","0","EMPTY_TABLE","0 seconds"
"FT_O_UISR","0","0","EMPTY_TABLE","0 seconds"
"FT_O_UISS","0","0","EMPTY_TABLE","0 seconds"
"FT_O_UIST","0","0","EMPTY_TABLE","0 seconds"
"FT_O_UITB","0","0","EMPTY_TABLE","0 seconds"
"FT_O_UITP","0","0","EMPTY_TABLE","0 seconds"
"FT_O_USER_TL","0","0","EMPTY_TABLE","0 seconds"
"FT_O_USRQ","0","0","EMPTY_TABLE","0 seconds"
"FT_O_VCEI","0","0","EMPTY_TABLE","0 seconds"
"FT_O_VDCS","0","0","EMPTY_TABLE","0 seconds"
"FT_O_VYFR","0","0","EMPTY_TABLE","0 seconds"
"FT_O_VYID","0","0","EMPTY_TABLE","0 seconds"
"FT_O_VYRR","0","0","EMPTY_TABLE","0 seconds"
"FT_O_VYRS","0","0","EMPTY_TABLE","0 seconds"
"FT_O_VYRT","0","0","EMPTY_TABLE","0 seconds"
"FT_O_WFEA","0","0","EMPTY_TABLE","0 seconds"
"FT_O_WKMS","0","0","EMPTY_TABLE","0 seconds"
"FT_T_AABP","0","0","EMPTY_TABLE","0 seconds"
"FT_T_AACO","0","0","EMPTY_TABLE","0 seconds"
"FT_T_AAME","28","28","COPY","01/08/2022 23:14:56","01/08/2022 23:14:59","2 seconds"
"FT_T_AAPI","7","7","COPY","01/08/2022 23:15:01","01/08/2022 23:15:03","1 seconds"
"FT_T_AAPR","0","0","EMPTY_TABLE","0 seconds"
"FT_T_AAPS","0","0","EMPTY_TABLE","0 seconds"
"FT_T_AASW","0","0","EMPTY_TABLE","0 seconds"
"FT_T_ABDF","3","3","COPY","01/08/2022 23:15:15","01/08/2022 23:15:18","3 seconds"
"FT_T_ABKI","0","0","EMPTY_TABLE","0 seconds"
"FT_T_ABMR","0","0","EMPTY_TABLE","0 seconds"
"FT_T_ACAC","0","0","EMPTY_TABLE","0 seconds"
"FT_T_ACAH","0","0","EMPTY_TABLE","0 seconds"
"FT_T_ACAJ","0","0","EMPTY_TABLE","0 seconds"
"FT_T_ACAL","0","0","EMPTY_TABLE","0 seconds"
"FT_T_ACAR","625","625","COPY","01/08/2022 23:15:40","01/08/2022 23:15:43","2 seconds"
"FT_T_ACAV","0","0","EMPTY_TABLE","0 seconds"
"FT_T_ACBA","0","0","EMPTY_TABLE","0 seconds"
"FT_T_ACCA","0","0","EMPTY_TABLE","0 seconds"
"FT_T_ACCL","0","0","EMPTY_TABLE","0 seconds"
"FT_T_ACCM","0","0","EMPTY_TABLE","0 seconds"
"FT_T_ACCO","0","0","EMPTY_TABLE","0 seconds"
"FT_T_ACCP","0","0","EMPTY_TABLE","0 seconds"
"FT_T_ACCR","0","0","EMPTY_TABLE","0 seconds"
"FT_T_ACCS","0","0","EMPTY_TABLE","0 seconds"
"FT_T_ACCT","0","0","EMPTY_TABLE","0 seconds"
"FT_T_ACCV","0","0","EMPTY_TABLE","0 seconds"
"FT_T_ACDC","0","0","EMPTY_TABLE","0 seconds"
"FT_T_ACDD","0","0","EMPTY_TABLE","0 seconds"
"FT_T_ACDE","0","0","EMPTY_TABLE","0 seconds"
"FT_T_ACDL","0","0","EMPTY_TABLE","0 seconds"
"FT_T_ACDR","0","0","EMPTY_TABLE","0 seconds"
"FT_T_ACDW","0","0","EMPTY_TABLE","0 seconds"
"FT_T_ACEM","0","0","EMPTY_TABLE","0 seconds"
"FT_T_ACEN","0","0","EMPTY_TABLE","0 seconds"
"FT_T_ACFN","0","0","EMPTY_TABLE","0 seconds"
"FT_T_ACGP","0","0","EMPTY_TABLE","0 seconds"
"FT_T_ACGR","0","0","EMPTY_TABLE","0 seconds"
"FT_T_ACGU","0","0","EMPTY_TABLE","0 seconds"
"FT_T_ACHI","0","0","EMPTY_TABLE","0 seconds"
"FT_T_ACID","0","0","EMPTY_TABLE","0 seconds"
"FT_T_ACIN","0","0","EMPTY_TABLE","0 seconds"
"FT_T_ACIP","0","0","EMPTY_TABLE","0 seconds"
"FT_T_ACLP","0","0","EMPTY_TABLE","0 seconds"
"FT_T_ACOH","0","0","EMPTY_TABLE","0 seconds"
"FT_T_ACOJ","0","0","EMPTY_TABLE","0 seconds"
"FT_T_ACOP","0","0","EMPTY_TABLE","0 seconds"
"FT_T_ACOR","77","77","COPY","01/08/2022 23:17:32","01/08/2022 23:17:35","2 seconds"
"FT_T_ACOV","0","0","EMPTY_TABLE","0 seconds"
"FT_T_ACPI","0","0","EMPTY_TABLE","0 seconds"
"FT_T_ACRB","0","0","EMPTY_TABLE","0 seconds"
"FT_T_ACRD","0","0","EMPTY_TABLE","0 seconds"
"FT_T_ACRE","0","0","EMPTY_TABLE","0 seconds"
"FT_T_ACRR","0","0","EMPTY_TABLE","0 seconds"
"FT_T_ACRT","0","0","EMPTY_TABLE","0 seconds"
"FT_T_ACRW","0","0","EMPTY_TABLE","0 seconds"
"FT_T_ACSO","0","0","EMPTY_TABLE","0 seconds"
"FT_T_ACSS","0","0","EMPTY_TABLE","0 seconds"
"FT_T_ACST","0","0","EMPTY_TABLE","0 seconds"
"FT_T_ACTA","0","0","EMPTY_TABLE","0 seconds"
"FT_T_ACTC","0","0","EMPTY_TABLE","0 seconds"
"FT_T_ACTF","0","0","EMPTY_TABLE","0 seconds"
"FT_T_ACTI","0","0","EMPTY_TABLE","0 seconds"
"FT_T_ACTP","10","10","COPY","01/08/2022 23:18:29","01/08/2022 23:18:31","2 seconds"
"FT_T_ACTR","0","0","EMPTY_TABLE","0 seconds"
"FT_T_ACVC","0","0","EMPTY_TABLE","0 seconds"
"FT_T_ACVD","0","0","EMPTY_TABLE","0 seconds"
"FT_T_ACVT","0","0","EMPTY_TABLE","0 seconds"
"FT_T_ADCH","0","0","EMPTY_TABLE","0 seconds"
"FT_T_ADDU","0","0","EMPTY_TABLE","0 seconds"
"FT_T_ADFM","0","0","EMPTY_TABLE","0 seconds"
"FT_T_ADIN","0","0","EMPTY_TABLE","0 seconds"
"FT_T_ADOC","0","0","EMPTY_TABLE","0 seconds"
"FT_T_ADPU","0","0","EMPTY_TABLE","0 seconds"
"FT_T_ADRF","0","0","EMPTY_TABLE","0 seconds"
"FT_T_ADST","0","0","EMPTY_TABLE","0 seconds"
"FT_T_ADTP","2191","2191","COPY","01/08/2022 23:19:13","01/08/2022 23:19:16","2 seconds"
"FT_T_AEAR","0","0","EMPTY_TABLE","0 seconds"
"FT_T_AFIA","0","0","EMPTY_TABLE","0 seconds"
"FT_T_AFLD","0","0","EMPTY_TABLE","0 seconds"
"FT_T_AFLM","0","0","EMPTY_TABLE","0 seconds"
"FT_T_AFLT","0","0","EMPTY_TABLE","0 seconds"
"FT_T_AFPR","0","0","EMPTY_TABLE","0 seconds"
"FT_T_AFXT","0","0","EMPTY_TABLE","0 seconds"
"FT_T_AGCV","0","0","EMPTY_TABLE","0 seconds"
"FT_T_AGDC","0","0","EMPTY_TABLE","0 seconds"
"FT_T_AGDH","0","0","EMPTY_TABLE","0 seconds"
"FT_T_AGFO","0","0","EMPTY_TABLE","0 seconds"
"FT_T_AGLP","0","0","EMPTY_TABLE","0 seconds"
"FT_T_AGPP","0","0","EMPTY_TABLE","0 seconds"
"FT_T_AGRP","0","0","EMPTY_TABLE","0 seconds"
"FT_T_AGTR","0","0","EMPTY_TABLE","0 seconds"
"FT_T_AHTD","0","0","EMPTY_TABLE","0 seconds"
"FT_T_AIAD","0","0","EMPTY_TABLE","0 seconds"
"FT_T_AICL","0","0","EMPTY_TABLE","0 seconds"
"FT_T_AISR","0","0","EMPTY_TABLE","0 seconds"
"FT_T_AISW","0","0","EMPTY_TABLE","0 seconds"
"FT_T_AITV","0","0","EMPTY_TABLE","0 seconds"
"FT_T_ALID","260496","260496","COPY","01/08/2022 23:20:28","01/08/2022 23:20:37","9 seconds"
"FT_T_ALOI","0","0","EMPTY_TABLE","0 seconds"
"FT_T_ALTD","0","0","EMPTY_TABLE","0 seconds"
"FT_T_AMXP","0","0","EMPTY_TABLE","0 seconds"
"FT_T_ANTF","0","0","EMPTY_TABLE","0 seconds"
"FT_T_AOAR","0","0","EMPTY_TABLE","0 seconds"
"FT_T_AOCM","0","0","EMPTY_TABLE","0 seconds"
"FT_T_AOEV","0","0","EMPTY_TABLE","0 seconds"
"FT_T_AOFV","0","0","EMPTY_TABLE","0 seconds"
"FT_T_AOID","0","0","EMPTY_TABLE","0 seconds"
"FT_T_AOIL","0","0","EMPTY_TABLE","0 seconds"
"FT_T_AOPI","0","0","EMPTY_TABLE","0 seconds"
"FT_T_AOPP","0","0","EMPTY_TABLE","0 seconds"
"FT_T_AOPT","0","0","EMPTY_TABLE","0 seconds"
"FT_T_AOST","0","0","EMPTY_TABLE","0 seconds"
"FT_T_AOUS","0","0","EMPTY_TABLE","0 seconds"
"FT_T_APAD","0","0","EMPTY_TABLE","0 seconds"
"FT_T_APCI","5","5","COPY","01/08/2022 23:21:29","01/08/2022 23:21:31","1 seconds"
"FT_T_APDE","73","73","COPY","01/08/2022 23:21:33","01/08/2022 23:21:35","1 seconds"
"FT_T_APDF","66","66","COPY","01/08/2022 23:21:37","01/08/2022 23:21:39","1 seconds"
"FT_T_APDV","0","0","EMPTY_TABLE","0 seconds"
"FT_T_APEI","0","0","EMPTY_TABLE","0 seconds"
"FT_T_APEX","0","0","EMPTY_TABLE","0 seconds"
"FT_T_APFP","288","288","COPY","01/08/2022 23:21:49","01/08/2022 23:21:52","2 seconds"
"FT_T_APIM","0","0","EMPTY_TABLE","0 seconds"
"FT_T_APLB","0","0","EMPTY_TABLE","0 seconds"
"FT_T_APPT","101","101","COPY","01/08/2022 23:21:59","01/08/2022 23:22:02","2 seconds"
"FT_T_APRM","0","0","EMPTY_TABLE","0 seconds"
"FT_T_APRV","0","0","EMPTY_TABLE","0 seconds"
"FT_T_AROP","0","0","EMPTY_TABLE","0 seconds"
"FT_T_ARPV","0","0","EMPTY_TABLE","0 seconds"
"FT_T_ARST","0","0","EMPTY_TABLE","0 seconds"
"FT_T_ASCD","0","0","EMPTY_TABLE","0 seconds"
"FT_T_ASCU","0","0","EMPTY_TABLE","0 seconds"
"FT_T_ASGV","0","0","EMPTY_TABLE","0 seconds"
"FT_T_ASID","0","0","EMPTY_TABLE","0 seconds"
"FT_T_ASIN","0","0","EMPTY_TABLE","0 seconds"
"FT_T_ASST","0","0","EMPTY_TABLE","0 seconds"
"FT_T_ATAC","0","0","EMPTY_TABLE","0 seconds"
"FT_T_ATAL","0","0","EMPTY_TABLE","0 seconds"
"FT_T_ATCD","0","0","EMPTY_TABLE","0 seconds"
"FT_T_ATDS","0","0","EMPTY_TABLE","0 seconds"
"FT_T_ATEV","0","0","EMPTY_TABLE","0 seconds"
"FT_T_ATGP","0","0","EMPTY_TABLE","0 seconds"
"FT_T_ATGR","0","0","EMPTY_TABLE","0 seconds"
"FT_T_ATIF","0","0","EMPTY_TABLE","0 seconds"
"FT_T_ATIN","0","0","EMPTY_TABLE","0 seconds"
"FT_T_ATRC","0","0","EMPTY_TABLE","0 seconds"
"FT_T_ATRG","0","0","EMPTY_TABLE","0 seconds"
"FT_T_ATRL","0","0","EMPTY_TABLE","0 seconds"
"FT_T_ATRN","0","0","EMPTY_TABLE","0 seconds"
"FT_T_AUCD","0","0","EMPTY_TABLE","0 seconds"
"FT_T_AUGP","28","28","COPY","01/08/2022 23:23:22","01/08/2022 23:23:23","1 seconds"
"FT_T_AUGR","18","18","COPY","01/08/2022 23:23:25","01/08/2022 23:23:27","1 seconds"
"FT_T_AUOR","0","0","EMPTY_TABLE","0 seconds"
"FT_T_AUPP","0","0","EMPTY_TABLE","0 seconds"
"FT_T_AURL","0","0","EMPTY_TABLE","0 seconds"
"FT_T_AURP","18","18","COPY","01/08/2022 23:23:38","01/08/2022 23:23:40","1 seconds"
"FT_T_AUSR","30","30","COPY","01/08/2022 23:23:41","01/08/2022 23:23:44","2 seconds"
"FT_T_AUST","0","0","EMPTY_TABLE","0 seconds"
"FT_T_AUUR","0","0","EMPTY_TABLE","0 seconds"
"FT_T_AVED","0","0","EMPTY_TABLE","0 seconds"
"FT_T_AVID","0","0","EMPTY_TABLE","0 seconds"
"FT_T_AVMO","0","0","EMPTY_TABLE","0 seconds"
"FT_T_AVMX","0","0","EMPTY_TABLE","0 seconds"
"FT_T_AVPS","0","0","EMPTY_TABLE","0 seconds"
"FT_T_AWAS","0","0","EMPTY_TABLE","0 seconds"
"FT_T_AWDF","0","0","EMPTY_TABLE","0 seconds"
"FT_T_AWGP","0","0","EMPTY_TABLE","0 seconds"
"FT_T_AWGR","0","0","EMPTY_TABLE","0 seconds"
"FT_T_AXST","0","0","EMPTY_TABLE","0 seconds"
"FT_T_AYGP","0","0","EMPTY_TABLE","0 seconds"
"FT_T_AYGR","0","0","EMPTY_TABLE","0 seconds"
"FT_T_BALH","0","0","EMPTY_TABLE","0 seconds"
"FT_T_BCOR","0","0","EMPTY_TABLE","0 seconds"
"FT_T_BDCH","185271","185271","COPY","01/08/2022 23:24:34","01/08/2022 23:24:50","16 seconds"
"FT_T_BDST","185448","185448","COPY","01/08/2022 23:24:53","01/08/2022 23:25:06","13 seconds"
"FT_T_BEDF","0","0","EMPTY_TABLE","0 seconds"
"FT_T_BEVD","0","0","EMPTY_TABLE","0 seconds"
"FT_T_BEVE","0","0","EMPTY_TABLE","0 seconds"
"FT_T_BEVI","0","0","EMPTY_TABLE","0 seconds"
"FT_T_BEVP","0","0","EMPTY_TABLE","0 seconds"
"FT_T_BEVR","0","0","EMPTY_TABLE","0 seconds"
"FT_T_BHEX","0","0","EMPTY_TABLE","0 seconds"
"FT_T_BHST","0","0","EMPTY_TABLE","0 seconds"
"FT_T_BKCA","0","0","EMPTY_TABLE","0 seconds"
"FT_T_BLTR","0","0","EMPTY_TABLE","0 seconds"
"FT_T_BLTS","0","0","EMPTY_TABLE","0 seconds"
"FT_T_BNAN","0","0","EMPTY_TABLE","0 seconds"
"FT_T_BNCC","0","0","EMPTY_TABLE","0 seconds"
"FT_T_BNCH","90","90","COPY","01/08/2022 23:25:50","01/08/2022 23:25:53","3 seconds"
"FT_T_BNCL","0","0","EMPTY_TABLE","0 seconds"
"FT_T_BNCM","0","0","EMPTY_TABLE","0 seconds"
"FT_T_BNCS","0","0","EMPTY_TABLE","0 seconds"
"FT_T_BNDE","0","0","EMPTY_TABLE","0 seconds"
"FT_T_BNGP","0","0","EMPTY_TABLE","0 seconds"
"FT_T_BNGR","0","0","EMPTY_TABLE","0 seconds"
"FT_T_BNGU","0","0","EMPTY_TABLE","0 seconds"
"FT_T_BNID","90","90","COPY","01/08/2022 23:26:18","01/08/2022 23:26:20","2 seconds"
"FT_T_BNIN","0","0","EMPTY_TABLE","0 seconds"
"FT_T_BNMW","0","0","EMPTY_TABLE","0 seconds"
"FT_T_BNPM","1","1","COPY","01/08/2022 23:26:28","01/08/2022 23:26:30","1 seconds"
"FT_T_BNPS","0","0","EMPTY_TABLE","0 seconds"
"FT_T_BNPT","0","0","EMPTY_TABLE","0 seconds"
"FT_T_BNRS","0","0","EMPTY_TABLE","0 seconds"
"FT_T_BNRT","0","0","EMPTY_TABLE","0 seconds"
"FT_T_BNSP","0","0","EMPTY_TABLE","0 seconds"
"FT_T_BNSS","0","0","EMPTY_TABLE","0 seconds"
"FT_T_BNST","22","22","COPY","01/08/2022 23:26:51","01/08/2022 23:26:53","2 seconds"
"FT_T_BNSU","0","0","EMPTY_TABLE","0 seconds"
"FT_T_BNSV","0","0","EMPTY_TABLE","0 seconds"
"FT_T_BNSY","17","17","COPY","01/08/2022 23:27:00","01/08/2022 23:27:02","1 seconds"
"FT_T_BNTM","0","0","EMPTY_TABLE","0 seconds"
"FT_T_BNTY","4","4","COPY","01/08/2022 23:27:07","01/08/2022 23:27:09","2 seconds"
"FT_T_BNVC","0","0","EMPTY_TABLE","0 seconds"
"FT_T_BNVL","0","0","EMPTY_TABLE","0 seconds"
"FT_T_BNVP","0","0","EMPTY_TABLE","0 seconds"
"FT_T_BNXR","0","0","EMPTY_TABLE","0 seconds"
"FT_T_BOAP","0","0","EMPTY_TABLE","0 seconds"
"FT_T_BOOK","0","0","EMPTY_TABLE","0 seconds"
"FT_T_BOOP","0","0","EMPTY_TABLE","0 seconds"
"FT_T_BORD","0","0","EMPTY_TABLE","0 seconds"
"FT_T_BPST","0","0","EMPTY_TABLE","0 seconds"
"FT_T_BRBR","0","0","EMPTY_TABLE","0 seconds"
"FT_T_BRDR","0","0","EMPTY_TABLE","0 seconds"
"FT_T_BRGC","0","0","EMPTY_TABLE","0 seconds"
"FT_T_BRGP","0","0","EMPTY_TABLE","0 seconds"
"FT_T_BRGR","0","0","EMPTY_TABLE","0 seconds"
"FT_T_BRID","0","0","EMPTY_TABLE","0 seconds"
"FT_T_BRIN","0","0","EMPTY_TABLE","0 seconds"
"FT_T_BRMI","0","0","EMPTY_TABLE","0 seconds"
"FT_T_BRPA","0","0","EMPTY_TABLE","0 seconds"
"FT_T_BTID","0","0","EMPTY_TABLE","0 seconds"
"FT_T_CACC","1","1","COPY","01/08/2022 23:28:11","01/08/2022 23:28:13","2 seconds"
"FT_T_CACR","0","0","EMPTY_TABLE","0 seconds"
"FT_T_CADF","2052","2052","COPY","01/08/2022 23:28:18","01/08/2022 23:28:20","2 seconds"
"FT_T_CADH","0","0","EMPTY_TABLE","0 seconds"
"FT_T_CADP","37255","37255","COPY","01/08/2022 23:28:25","01/08/2022 23:28:30","4 seconds"
"FT_T_CAGR","0","0","EMPTY_TABLE","0 seconds"
"FT_T_CAMO","0","0","EMPTY_TABLE","0 seconds"
"FT_T_CAVA","0","0","EMPTY_TABLE","0 seconds"
"FT_T_CAVH","0","0","EMPTY_TABLE","0 seconds"
"FT_T_CAVJ","0","0","EMPTY_TABLE","0 seconds"
"FT_T_CAVR","652","652","COPY","01/08/2022 23:28:54","01/08/2022 23:29:00","5 seconds"
"FT_T_CCAC","0","0","EMPTY_TABLE","0 seconds"
"FT_T_CCFO","0","0","EMPTY_TABLE","0 seconds"
"FT_T_CCON","0","0","EMPTY_TABLE","0 seconds"
"FT_T_CCOP","0","0","EMPTY_TABLE","0 seconds"
"FT_T_CCRA","0","0","EMPTY_TABLE","0 seconds"
"FT_T_CCRC","0","0","EMPTY_TABLE","0 seconds"
"FT_T_CCRF","2191","2191","COPY","01/08/2022 23:29:23","01/08/2022 23:29:27","3 seconds"
"FT_T_CCRL","0","0","EMPTY_TABLE","0 seconds"
"FT_T_CCRS","0","0","EMPTY_TABLE","0 seconds"
"FT_T_CCSE","0","0","EMPTY_TABLE","0 seconds"
"FT_T_CCTA","0","0","EMPTY_TABLE","0 seconds"
"FT_T_CDCD","0","0","EMPTY_TABLE","0 seconds"
"FT_T_CDCF","0","0","EMPTY_TABLE","0 seconds"
"FT_T_CDCH","0","0","EMPTY_TABLE","0 seconds"
"FT_T_CDCI","0","0","EMPTY_TABLE","0 seconds"
"FT_T_CDCN","0","0","EMPTY_TABLE","0 seconds"
"FT_T_CDCO","0","0","EMPTY_TABLE","0 seconds"
"FT_T_CDMO","0","0","EMPTY_TABLE","0 seconds"
"FT_T_CDMS","0","0","EMPTY_TABLE","0 seconds"
"FT_T_CDOC","0","0","EMPTY_TABLE","0 seconds"
"FT_T_CDOP","0","0","EMPTY_TABLE","0 seconds"
"FT_T_CDVL","0","0","EMPTY_TABLE","0 seconds"
"FT_T_CEAR","0","0","EMPTY_TABLE","0 seconds"
"FT_T_CEDA","0","0","EMPTY_TABLE","0 seconds"
"FT_T_CFDF","36","36","COPY","01/08/2022 23:30:27","01/08/2022 23:30:29","1 seconds"
"FT_T_CFID","0","0","EMPTY_TABLE","0 seconds"
"FT_T_CFRM","0","0","EMPTY_TABLE","0 seconds"
"FT_T_CGAR","0","0","EMPTY_TABLE","0 seconds"
"FT_T_CHAL","0","0","EMPTY_TABLE","0 seconds"
"FT_T_CIPD","0","0","EMPTY_TABLE","0 seconds"
"FT_T_CIPR","0","0","EMPTY_TABLE","0 seconds"
"FT_T_CISR","0","0","EMPTY_TABLE","0 seconds"
"FT_T_CLAR","0","0","EMPTY_TABLE","0 seconds"
"FT_T_CLAV","0","0","EMPTY_TABLE","0 seconds"
"FT_T_CLEX","0","0","EMPTY_TABLE","0 seconds"
"FT_T_CLFA","0","0","EMPTY_TABLE","0 seconds"
"FT_T_CLFS","0","0","EMPTY_TABLE","0 seconds"
"FT_T_CLIN","0","0","EMPTY_TABLE","0 seconds"
"FT_T_CLLA","0","0","EMPTY_TABLE","0 seconds"
"FT_T_CLLE","0","0","EMPTY_TABLE","0 seconds"
"FT_T_CLLN","0","0","EMPTY_TABLE","0 seconds"
"FT_T_CLMI","2386","2386","COPY","01/08/2022 23:31:22","01/08/2022 23:31:25","2 seconds"
"FT_T_CLMN","0","0","EMPTY_TABLE","0 seconds"
"FT_T_CLMR","0","0","EMPTY_TABLE","0 seconds"
"FT_T_CLOT","0","0","EMPTY_TABLE","0 seconds"
"FT_T_CLPA","0","0","EMPTY_TABLE","0 seconds"
"FT_T_CLPO","0","0","EMPTY_TABLE","0 seconds"
"FT_T_CLSC","0","0","EMPTY_TABLE","0 seconds"
"FT_T_CLSP","0","0","EMPTY_TABLE","0 seconds"
"FT_T_CLST","0","0","EMPTY_TABLE","0 seconds"
"FT_T_CLTR","0","0","EMPTY_TABLE","0 seconds"
"FT_T_CMAS","0","0","EMPTY_TABLE","0 seconds"
"FT_T_CMDF","0","0","EMPTY_TABLE","0 seconds"
"FT_T_CMMC","0","0","EMPTY_TABLE","0 seconds"
"FT_T_CMPP","0","0","EMPTY_TABLE","0 seconds"
"FT_T_CMSC","0","0","EMPTY_TABLE","0 seconds"
"FT_T_CNBS","84","84","COPY","01/08/2022 23:32:19","01/08/2022 23:32:22","2 seconds"
"FT_T_CNDF","635","635","COPY","01/08/2022 23:32:24","01/08/2022 23:32:26","2 seconds"
"FT_T_CNDV","4608","4608","COPY","01/08/2022 23:32:29","01/08/2022 23:32:32","3 seconds"
"FT_T_CNEN","0","0","EMPTY_TABLE","0 seconds"
"FT_T_CNGP","911","911","COPY","01/08/2022 23:32:37","01/08/2022 23:32:39","2 seconds"
"FT_T_CNGR","643","643","COPY","01/08/2022 23:32:42","01/08/2022 23:32:45","2 seconds"
"FT_T_CNRG","180","180","COPY","01/08/2022 23:32:47","01/08/2022 23:32:50","2 seconds"
"FT_T_CNSA","0","0","EMPTY_TABLE","0 seconds"
"FT_T_CNSM","0","0","EMPTY_TABLE","0 seconds"
"FT_T_CNSS","0","0","EMPTY_TABLE","0 seconds"
"FT_T_CNST","0","0","EMPTY_TABLE","0 seconds"
"FT_T_CNTA","0","0","EMPTY_TABLE","0 seconds"
"FT_T_CNTC","0","0","EMPTY_TABLE","0 seconds"
"FT_T_CNTY","259","259","COPY","01/08/2022 23:33:13","01/08/2022 23:33:15","2 seconds"
"FT_T_COCI","0","0","EMPTY_TABLE","0 seconds"
"FT_T_COCO","0","0","EMPTY_TABLE","0 seconds"
"FT_T_CODF","0","0","EMPTY_TABLE","0 seconds"
"FT_T_COLD","0","0","EMPTY_TABLE","0 seconds"
"FT_T_COLP","0","0","EMPTY_TABLE","0 seconds"
"FT_T_COLS","0","0","EMPTY_TABLE","0 seconds"
"FT_T_COMA","0","0","EMPTY_TABLE","0 seconds"
"FT_T_COMC","288630925","288630925","COPY","01/08/2022 23:33:41","01/08/2022 23:52:52","1150 seconds"
"FT_T_COMD","0","0","EMPTY_TABLE","0 seconds"
"FT_T_COMI","0","0","EMPTY_TABLE","0 seconds"
"FT_T_COMM","0","0","EMPTY_TABLE","0 seconds"
"FT_T_COMO","0","0","EMPTY_TABLE","0 seconds"
"FT_T_COMP","0","0","EMPTY_TABLE","0 seconds"
"FT_T_COMR","0","0","EMPTY_TABLE","0 seconds"
"FT_T_COMT","0","0","EMPTY_TABLE","0 seconds"
"FT_T_COMV","0","0","EMPTY_TABLE","0 seconds"
"FT_T_COMY","0","0","EMPTY_TABLE","0 seconds"
"FT_T_COSG","0","0","EMPTY_TABLE","0 seconds"
"FT_T_COSP","0","0","EMPTY_TABLE","0 seconds"
"FT_T_COST","0","0","EMPTY_TABLE","0 seconds"
"FT_T_COVA","0","0","EMPTY_TABLE","0 seconds"
"FT_T_COVH","0","0","EMPTY_TABLE","0 seconds"
"FT_T_COVJ","0","0","EMPTY_TABLE","0 seconds"
"FT_T_COVR","77","77","COPY","01/08/2022 23:53:41","01/08/2022 23:53:44","3 seconds"
"FT_T_CPDF","1","1","COPY","01/08/2022 23:53:46","01/08/2022 23:53:48","1 seconds"
"FT_T_CPPR","0","0","EMPTY_TABLE","0 seconds"
"FT_T_CPYR","713","713","COPY","01/08/2022 23:53:53","01/08/2022 23:53:55","2 seconds"
"FT_T_CRAM","0","0","EMPTY_TABLE","0 seconds"
"FT_T_CRCR","0","0","EMPTY_TABLE","0 seconds"
"FT_T_CREG","11","11","COPY","01/08/2022 23:54:02","01/08/2022 23:54:04","1 seconds"
"FT_T_CRGP","0","0","EMPTY_TABLE","0 seconds"
"FT_T_CRGR","0","0","EMPTY_TABLE","0 seconds"
"FT_T_CRPS","0","0","EMPTY_TABLE","0 seconds"
"FT_T_CRST","0","0","EMPTY_TABLE","0 seconds"
"FT_T_CSCP","0","0","EMPTY_TABLE","0 seconds"
"FT_T_CSCT","0","0","EMPTY_TABLE","0 seconds"
"FT_T_CSDF","18","18","COPY","01/08/2022 23:54:25","01/08/2022 23:54:27","1 seconds"
"FT_T_CSDP","0","0","EMPTY_TABLE","0 seconds"
"FT_T_CSEN","0","0","EMPTY_TABLE","0 seconds"
"FT_T_CSET","0","0","EMPTY_TABLE","0 seconds"
"FT_T_CSFP","0","0","EMPTY_TABLE","0 seconds"
"FT_T_CSFR","0","0","EMPTY_TABLE","0 seconds"
"FT_T_CSHV","0","0","EMPTY_TABLE","0 seconds"
"FT_T_CSIP","13","13","COPY","01/08/2022 23:54:48","01/08/2022 23:54:50","2 seconds"
"FT_T_CSJR","0","0","EMPTY_TABLE","0 seconds"
"FT_T_CSPD","0","0","EMPTY_TABLE","0 seconds"
"FT_T_CSPR","0","0","EMPTY_TABLE","0 seconds"
"FT_T_CSPT","0","0","EMPTY_TABLE","0 seconds"
"FT_T_CSST","0","0","EMPTY_TABLE","0 seconds"
"FT_T_CSTA","0","0","EMPTY_TABLE","0 seconds"
"FT_T_CSTP","0","0","EMPTY_TABLE","0 seconds"
"FT_T_CSVB","0","0","EMPTY_TABLE","0 seconds"
"FT_T_CSXR","0","0","EMPTY_TABLE","0 seconds"
"FT_T_CTCH","0","0","EMPTY_TABLE","0 seconds"
"FT_T_CTGU","0","0","EMPTY_TABLE","0 seconds"
"FT_T_CTRR","0","0","EMPTY_TABLE","0 seconds"
"FT_T_CUCF","0","0","EMPTY_TABLE","0 seconds"
"FT_T_CUCH","0","0","EMPTY_TABLE","0 seconds"
"FT_T_CUCL","0","0","EMPTY_TABLE","0 seconds"
"FT_T_CUCM","0","0","EMPTY_TABLE","0 seconds"
"FT_T_CUCN","0","0","EMPTY_TABLE","0 seconds"
"FT_T_CUDD","0","0","EMPTY_TABLE","0 seconds"
"FT_T_CUDE","0","0","EMPTY_TABLE","0 seconds"
"FT_T_CUDR","0","0","EMPTY_TABLE","0 seconds"
"FT_T_CUEH","0","0","EMPTY_TABLE","0 seconds"
"FT_T_CUGP","0","0","EMPTY_TABLE","0 seconds"
"FT_T_CUGR","0","0","EMPTY_TABLE","0 seconds"
"FT_T_CUGU","0","0","EMPTY_TABLE","0 seconds"
"FT_T_CUIA","0","0","EMPTY_TABLE","0 seconds"
"FT_T_CUID","0","0","EMPTY_TABLE","0 seconds"
"FT_T_CUJH","0","0","EMPTY_TABLE","0 seconds"
"FT_T_CULB","0","0","EMPTY_TABLE","0 seconds"
"FT_T_CURL","0","0","EMPTY_TABLE","0 seconds"
"FT_T_CURT","0","0","EMPTY_TABLE","0 seconds"
"FT_T_CUSO","0","0","EMPTY_TABLE","0 seconds"
"FT_T_CUSS","0","0","EMPTY_TABLE","0 seconds"
"FT_T_CUST","0","0","EMPTY_TABLE","0 seconds"
"FT_T_CUTY","11","11","COPY","01/08/2022 23:56:39","01/08/2022 23:56:42","2 seconds"
"FT_T_CUXD","0","0","EMPTY_TABLE","0 seconds"
"FT_T_CVCD","4","4","COPY","01/08/2022 23:56:47","01/08/2022 23:56:49","1 seconds"
"FT_T_CVDF","0","0","EMPTY_TABLE","0 seconds"
"FT_T_CVGP","0","0","EMPTY_TABLE","0 seconds"
"FT_T_CVGR","0","0","EMPTY_TABLE","0 seconds"
"FT_T_CYCH","654","654","COPY","01/08/2022 23:57:00","01/08/2022 23:57:03","2 seconds"
"FT_T_CYCN","0","0","EMPTY_TABLE","0 seconds"
"FT_T_DBMI","0","0","EMPTY_TABLE","0 seconds"
"FT_T_DCAS","0","0","EMPTY_TABLE","0 seconds"
"FT_T_DCDF","0","0","EMPTY_TABLE","0 seconds"
"FT_T_DCEX","0","0","EMPTY_TABLE","0 seconds"
"FT_T_DCGP","0","0","EMPTY_TABLE","0 seconds"
"FT_T_DCGR","0","0","EMPTY_TABLE","0 seconds"
"FT_T_DCIN","0","0","EMPTY_TABLE","0 seconds"
"FT_T_DCNG","0","0","EMPTY_TABLE","0 seconds"
"FT_T_DCNL","0","0","EMPTY_TABLE","0 seconds"
"FT_T_DCNP","0","0","EMPTY_TABLE","0 seconds"
"FT_T_DCXT","0","0","EMPTY_TABLE","0 seconds"
"FT_T_DDRP","0","0","EMPTY_TABLE","0 seconds"
"FT_T_DDTE","0","0","EMPTY_TABLE","0 seconds"
"FT_T_DEFR","0","0","EMPTY_TABLE","0 seconds"
"FT_T_DEOP","0","0","EMPTY_TABLE","0 seconds"
"FT_T_DIAC","0","0","EMPTY_TABLE","0 seconds"
"FT_T_DINC","0","0","EMPTY_TABLE","0 seconds"
"FT_T_DINR","0","0","EMPTY_TABLE","0 seconds"
"FT_T_DINT","0","0","EMPTY_TABLE","0 seconds"
"FT_T_DITA","0","0","EMPTY_TABLE","0 seconds"
"FT_T_DITD","0","0","EMPTY_TABLE","0 seconds"
"FT_T_DLBR","0","0","EMPTY_TABLE","0 seconds"
"FT_T_DLCR","0","0","EMPTY_TABLE","0 seconds"
"FT_T_DLER","0","0","EMPTY_TABLE","0 seconds"
"FT_T_DLGP","0","0","EMPTY_TABLE","0 seconds"
"FT_T_DLGR","0","0","EMPTY_TABLE","0 seconds"
"FT_T_DLID","0","0","EMPTY_TABLE","0 seconds"
"FT_T_DMGP","0","0","EMPTY_TABLE","0 seconds"
"FT_T_DMGR","0","0","EMPTY_TABLE","0 seconds"
"FT_T_DPIC","349","349","COPY","01/08/2022 23:58:38","01/08/2022 23:58:40","2 seconds"
"FT_T_DPID","0","0","EMPTY_TABLE","0 seconds"
"FT_T_DPIR","0","0","EMPTY_TABLE","0 seconds"
"FT_T_DPRG","0","0","EMPTY_TABLE","0 seconds"
"FT_T_DRAR","0","0","EMPTY_TABLE","0 seconds"
"FT_T_DREP","0","0","EMPTY_TABLE","0 seconds"
"FT_T_DRGP","0","0","EMPTY_TABLE","0 seconds"
"FT_T_DRGR","0","0","EMPTY_TABLE","0 seconds"
"FT_T_DRID","0","0","EMPTY_TABLE","0 seconds"
"FT_T_DRMI","0","0","EMPTY_TABLE","0 seconds"
"FT_T_DRVO","1383","1383","COPY","01/08/2022 23:59:10","01/08/2022 23:59:13","2 seconds"
"FT_T_DRVR","208","208","COPY","01/08/2022 23:59:14","01/08/2022 23:59:16","2 seconds"
"FT_T_DSBI","0","0","EMPTY_TABLE","0 seconds"
"FT_T_DSCD","0","0","EMPTY_TABLE","0 seconds"
"FT_T_DSDF","665","665","COPY","01/08/2022 23:59:24","01/08/2022 23:59:27","2 seconds"
"FT_T_DSFP","12877","12877","COPY","01/08/2022 23:59:29","01/08/2022 23:59:33","3 seconds"
"FT_T_DSID","9","9","COPY","01/08/2022 23:59:35","01/08/2022 23:59:36","1 seconds"
"FT_T_DSRC","124","124","COPY","01/08/2022 23:59:38","01/08/2022 23:59:40","1 seconds"
"FT_T_DSRU","270","270","COPY","01/08/2022 23:59:42","01/08/2022 23:59:43","1 seconds"
"FT_T_DTDF","37257","37257","COPY","01/08/2022 23:59:45","01/08/2022 23:59:49","4 seconds"
"FT_T_DVLO","0","0","EMPTY_TABLE","0 seconds"
"FT_T_DVLS","0","0","EMPTY_TABLE","0 seconds"
"FT_T_DVSC","0","0","EMPTY_TABLE","0 seconds"
"FT_T_DVSD","0","0","EMPTY_TABLE","0 seconds"
"FT_T_DWDF","1","1","COPY","02/08/2022 00:00:07","02/08/2022 00:00:09","2 seconds"
"FT_T_DWDS","1","1","COPY","02/08/2022 00:00:11","02/08/2022 00:00:13","2 seconds"
"FT_T_DWED","0","0","EMPTY_TABLE","0 seconds"
"FT_T_EACR","0","0","EMPTY_TABLE","0 seconds"
"FT_T_EADR","2149","2149","COPY","02/08/2022 00:00:21","02/08/2022 00:00:24","2 seconds"
"FT_T_EAGR","0","0","EMPTY_TABLE","0 seconds"
"FT_T_EAIC","0","0","EMPTY_TABLE","0 seconds"
"FT_T_EAPR","0","0","EMPTY_TABLE","0 seconds"
"FT_T_ECGR","0","0","EMPTY_TABLE","0 seconds"
"FT_T_ECRL","0","0","EMPTY_TABLE","0 seconds"
"FT_T_ECST","0","0","EMPTY_TABLE","0 seconds"
"FT_T_ECUR","0","0","EMPTY_TABLE","0 seconds"
"FT_T_EDMV","3133","3133","COPY","02/08/2022 00:00:47","02/08/2022 00:00:50","2 seconds"
"FT_T_EDMX","0","0","EMPTY_TABLE","0 seconds"
"FT_T_EEGR","0","0","EMPTY_TABLE","0 seconds"
"FT_T_EEMR","0","0","EMPTY_TABLE","0 seconds"
"FT_T_EERL","0","0","EMPTY_TABLE","0 seconds"
"FT_T_EETR","0","0","EMPTY_TABLE","0 seconds"
"FT_T_EFDR","0","0","EMPTY_TABLE","0 seconds"
"FT_T_EFFD","0","0","EMPTY_TABLE","0 seconds"
"FT_T_EFIR","0","0","EMPTY_TABLE","0 seconds"
"FT_T_EFLD","0","0","EMPTY_TABLE","0 seconds"
"FT_T_EFLM","0","0","EMPTY_TABLE","0 seconds"
"FT_T_EFOI","0","0","EMPTY_TABLE","0 seconds"
"FT_T_EGAR","0","0","EMPTY_TABLE","0 seconds"
"FT_T_EGRC","0","0","EMPTY_TABLE","0 seconds"
"FT_T_EGRL","0","0","EMPTY_TABLE","0 seconds"
"FT_T_EGRP","0","0","EMPTY_TABLE","0 seconds"
"FT_T_EIAR","0","0","EMPTY_TABLE","0 seconds"
"FT_T_EIAT","216","216","COPY","02/08/2022 00:01:45","02/08/2022 00:01:47","2 seconds"
"FT_T_EIAX","0","0","EMPTY_TABLE","0 seconds"
"FT_T_EIDI","0","0","EMPTY_TABLE","0 seconds"
"FT_T_EINC","0","0","EMPTY_TABLE","0 seconds"
"FT_T_EISR","0","0","EMPTY_TABLE","0 seconds"
"FT_T_EIST","1517","1517","COPY","02/08/2022 00:02:02","02/08/2022 00:02:05","2 seconds"
"FT_T_EISX","0","0","EMPTY_TABLE","0 seconds"
"FT_T_ELAR","0","0","EMPTY_TABLE","0 seconds"
"FT_T_ELGA","0","0","EMPTY_TABLE","0 seconds"
"FT_T_EMAP","0","0","EMPTY_TABLE","0 seconds"
"FT_T_EMAR","0","0","EMPTY_TABLE","0 seconds"
"FT_T_EMCL","0","0","EMPTY_TABLE","0 seconds"
"FT_T_EMCP","0","0","EMPTY_TABLE","0 seconds"
"FT_T_EMCS","0","0","EMPTY_TABLE","0 seconds"
"FT_T_EMER","0","0","EMPTY_TABLE","0 seconds"
"FT_T_EMFM","0","0","EMPTY_TABLE","0 seconds"
"FT_T_EMGP","0","0","EMPTY_TABLE","0 seconds"
"FT_T_EMGR","0","0","EMPTY_TABLE","0 seconds"
"FT_T_EMGU","0","0","EMPTY_TABLE","0 seconds"
"FT_T_EMID","0","0","EMPTY_TABLE","0 seconds"
"FT_T_EMKR","0","0","EMPTY_TABLE","0 seconds"
"FT_T_EMLR","0","0","EMPTY_TABLE","0 seconds"
"FT_T_EMMG","0","0","EMPTY_TABLE","0 seconds"
"FT_T_EMML","0","0","EMPTY_TABLE","0 seconds"
"FT_T_EMMO","0","0","EMPTY_TABLE","0 seconds"
"FT_T_EMMP","0","0","EMPTY_TABLE","0 seconds"
"FT_T_EMOR","0","0","EMPTY_TABLE","0 seconds"
"FT_T_EMPL","0","0","EMPTY_TABLE","0 seconds"
"FT_T_EMRG","0","0","EMPTY_TABLE","0 seconds"
"FT_T_EMRL","0","0","EMPTY_TABLE","0 seconds"
"FT_T_EMST","0","0","EMPTY_TABLE","0 seconds"
"FT_T_EMXS","0","0","EMPTY_TABLE","0 seconds"
"FT_T_ENCA","0","0","EMPTY_TABLE","0 seconds"
"FT_T_ENCD","0","0","EMPTY_TABLE","0 seconds"
"FT_T_ENCH","11296","11296","COPY","02/08/2022 00:03:46","02/08/2022 00:03:50","4 seconds"
"FT_T_ENCL","0","0","EMPTY_TABLE","0 seconds"
"FT_T_ENDF","20","20","COPY","02/08/2022 00:03:55","02/08/2022 00:03:57","1 seconds"
"FT_T_ENFR","0","0","EMPTY_TABLE","0 seconds"
"FT_T_ENGP","0","0","EMPTY_TABLE","0 seconds"
"FT_T_ENGR","0","0","EMPTY_TABLE","0 seconds"
"FT_T_ENGU","0","0","EMPTY_TABLE","0 seconds"
"FT_T_ENID","0","0","EMPTY_TABLE","0 seconds"
"FT_T_ENLI","0","0","EMPTY_TABLE","0 seconds"
"FT_T_ENOP","1","1","COPY","02/08/2022 00:04:17","02/08/2022 00:04:20","2 seconds"
"FT_T_ENPR","0","0","EMPTY_TABLE","0 seconds"
"FT_T_ENST","0","0","EMPTY_TABLE","0 seconds"
"FT_T_ENTR","2","2","COPY","02/08/2022 00:04:29","02/08/2022 00:04:31","1 seconds"
"FT_T_ENVC","0","0","EMPTY_TABLE","0 seconds"
"FT_T_ENVI","0","0","EMPTY_TABLE","0 seconds"
"FT_T_ENVR","0","0","EMPTY_TABLE","0 seconds"
"FT_T_EOIP","0","0","EMPTY_TABLE","0 seconds"
"FT_T_EOPB","0","0","EMPTY_TABLE","0 seconds"
"FT_T_EOPI","0","0","EMPTY_TABLE","0 seconds"
"FT_T_EPAR","0","0","EMPTY_TABLE","0 seconds"
"FT_T_EPFR","0","0","EMPTY_TABLE","0 seconds"
"FT_T_EPLR","0","0","EMPTY_TABLE","0 seconds"
"FT_T_EPRR","0","0","EMPTY_TABLE","0 seconds"
"FT_T_EPST","0","0","EMPTY_TABLE","0 seconds"
"FT_T_EQCH","101570","101570","COPY","02/08/2022 00:05:09","02/08/2022 00:05:16","7 seconds"
"FT_T_EQST","12508","12508","COPY","02/08/2022 00:05:18","02/08/2022 00:05:23","4 seconds"
"FT_T_ERFD","0","0","EMPTY_TABLE","0 seconds"
"FT_T_ERGC","0","0","EMPTY_TABLE","0 seconds"
"FT_T_ERGP","0","0","EMPTY_TABLE","0 seconds"
"FT_T_ERID","0","0","EMPTY_TABLE","0 seconds"
"FT_T_ERSP","1747","1747","COPY","02/08/2022 00:05:40","02/08/2022 00:05:42","2 seconds"
"FT_T_ERVL","0","0","EMPTY_TABLE","0 seconds"
"FT_T_ESBR","0","0","EMPTY_TABLE","0 seconds"
"FT_T_ESEQ","0","0","EMPTY_TABLE","0 seconds"
"FT_T_ETAG","0","0","EMPTY_TABLE","0 seconds"
"FT_T_ETAM","0","0","EMPTY_TABLE","0 seconds"
"FT_T_ETCF","0","0","EMPTY_TABLE","0 seconds"
"FT_T_ETCL","0","0","EMPTY_TABLE","0 seconds"
"FT_T_ETCM","0","0","EMPTY_TABLE","0 seconds"
"FT_T_ETDF","0","0","EMPTY_TABLE","0 seconds"
"FT_T_ETEV","0","0","EMPTY_TABLE","0 seconds"
"FT_T_ETFD","0","0","EMPTY_TABLE","0 seconds"
"FT_T_ETHD","0","0","EMPTY_TABLE","0 seconds"
"FT_T_ETID","0","0","EMPTY_TABLE","0 seconds"
"FT_T_ETIN","0","0","EMPTY_TABLE","0 seconds"
"FT_T_ETMG","0","0","EMPTY_TABLE","0 seconds"
"FT_T_ETPY","0","0","EMPTY_TABLE","0 seconds"
"FT_T_ETRD","0","0","EMPTY_TABLE","0 seconds"
"FT_T_ETRG","0","0","EMPTY_TABLE","0 seconds"
"FT_T_ETRN","0","0","EMPTY_TABLE","0 seconds"
"FT_T_ETRP","0","0","EMPTY_TABLE","0 seconds"
"FT_T_ETRR","0","0","EMPTY_TABLE","0 seconds"
"FT_T_ETSR","0","0","EMPTY_TABLE","0 seconds"
"FT_T_ETST","0","0","EMPTY_TABLE","0 seconds"
"FT_T_EVCH","0","0","EMPTY_TABLE","0 seconds"
"FT_T_EVCL","99","99","COPY","02/08/2022 00:06:58","02/08/2022 00:07:01","2 seconds"
"FT_T_EVDF","106","106","COPY","02/08/2022 00:07:03","02/08/2022 00:07:06","2 seconds"
"FT_T_EVNM","80","80","COPY","02/08/2022 00:07:07","02/08/2022 00:07:09","2 seconds"
"FT_T_EVTR","297","297","COPY","02/08/2022 00:07:11","02/08/2022 00:07:14","2 seconds"
"FT_T_EVXD","0","0","EMPTY_TABLE","0 seconds"
"FT_T_EXAB","0","0","EMPTY_TABLE","0 seconds"
"FT_T_EXAC","0","0","EMPTY_TABLE","0 seconds"
"FT_T_EXBC","0","0","EMPTY_TABLE","0 seconds"
"FT_T_EXDV","0","0","EMPTY_TABLE","0 seconds"
"FT_T_EXFI","0","0","EMPTY_TABLE","0 seconds"
"FT_T_EXFM","0","0","EMPTY_TABLE","0 seconds"
"FT_T_EXFX","0","0","EMPTY_TABLE","0 seconds"
"FT_T_EXIB","0","0","EMPTY_TABLE","0 seconds"
"FT_T_EXIE","0","0","EMPTY_TABLE","0 seconds"
"FT_T_EXIL","0","0","EMPTY_TABLE","0 seconds"
"FT_T_EXIN","0","0","EMPTY_TABLE","0 seconds"
"FT_T_EXIS","0","0","EMPTY_TABLE","0 seconds"
"FT_T_EXMA","0","0","EMPTY_TABLE","0 seconds"
"FT_T_EXMB","0","0","EMPTY_TABLE","0 seconds"
"FT_T_EXMC","0","0","EMPTY_TABLE","0 seconds"
"FT_T_EXMM","0","0","EMPTY_TABLE","0 seconds"
"FT_T_EXSC","0","0","EMPTY_TABLE","0 seconds"
"FT_T_EXST","0","0","EMPTY_TABLE","0 seconds"
"FT_T_EXTR","0","0","EMPTY_TABLE","0 seconds"
"FT_T_FAGP","0","0","EMPTY_TABLE","0 seconds"
"FT_T_FAGR","0","0","EMPTY_TABLE","0 seconds"
"FT_T_FBDA","0","0","EMPTY_TABLE","0 seconds"
"FT_T_FBIN","0","0","EMPTY_TABLE","0 seconds"
"FT_T_FBMR","0","0","EMPTY_TABLE","0 seconds"
"FT_T_FCIN","0","0","EMPTY_TABLE","0 seconds"
"FT_T_FEBL","0","0","EMPTY_TABLE","0 seconds"
"FT_T_FECH","17929","17929","COPY","02/08/2022 00:08:38","02/08/2022 00:08:42","3 seconds"
"FT_T_FEMH","0","0","EMPTY_TABLE","0 seconds"
"FT_T_FEMR","0","0","EMPTY_TABLE","0 seconds"
"FT_T_FEMS","0","0","EMPTY_TABLE","0 seconds"
"FT_T_FERT","0","0","EMPTY_TABLE","0 seconds"
"FT_T_FETP","0","0","EMPTY_TABLE","0 seconds"
"FT_T_FETX","0","0","EMPTY_TABLE","0 seconds"
"FT_T_FEXM","0","0","EMPTY_TABLE","0 seconds"
"FT_T_FFRL","0","0","EMPTY_TABLE","0 seconds"
"FT_T_FFRT","0","0","EMPTY_TABLE","0 seconds"
"FT_T_FIAU","0","0","EMPTY_TABLE","0 seconds"
"FT_T_FIBP","0","0","EMPTY_TABLE","0 seconds"
"FT_T_FIBU","0","0","EMPTY_TABLE","0 seconds"
"FT_T_FICL","60087","60087","COPY","02/08/2022 00:09:20","02/08/2022 00:09:24","4 seconds"
"FT_T_FICM","0","0","EMPTY_TABLE","0 seconds"
"FT_T_FIDA","0","0","EMPTY_TABLE","0 seconds"
"FT_T_FIDC","0","0","EMPTY_TABLE","0 seconds"
"FT_T_FIDE","0","0","EMPTY_TABLE","0 seconds"
"FT_T_FIDH","0","0","EMPTY_TABLE","0 seconds"
"FT_T_FIEM","0","0","EMPTY_TABLE","0 seconds"
"FT_T_FIEV","0","0","EMPTY_TABLE","0 seconds"
"FT_T_FIGP","0","0","EMPTY_TABLE","0 seconds"
"FT_T_FIGR","0","0","EMPTY_TABLE","0 seconds"
"FT_T_FIGU","16439","16439","COPY","02/08/2022 00:09:54","02/08/2022 00:09:57","3 seconds"
"FT_T_FIIC","0","0","EMPTY_TABLE","0 seconds"
"FT_T_FIID","28774","28774","COPY","02/08/2022 00:10:07","02/08/2022 00:10:15","8 seconds"
"FT_T_FIIN","0","0","EMPTY_TABLE","0 seconds"
"FT_T_FILD","343","343","COPY","02/08/2022 00:10:26","02/08/2022 00:10:31","4 seconds"
"FT_T_FILF","2911","2911","COPY","02/08/2022 00:10:36","02/08/2022 00:10:41","5 seconds"
"FT_T_FINR","308","308","COPY","02/08/2022 00:10:45","02/08/2022 00:10:52","7 seconds"
"FT_T_FINS","32130","32130","COPY","02/08/2022 00:10:55","02/08/2022 00:11:01","5 seconds"
"FT_T_FINV","0","0","EMPTY_TABLE","0 seconds"
"FT_T_FIRA","0","0","EMPTY_TABLE","0 seconds"
"FT_T_FIRL","0","0","EMPTY_TABLE","0 seconds"
"FT_T_FIRR","0","0","EMPTY_TABLE","0 seconds"
"FT_T_FIRS","0","0","EMPTY_TABLE","0 seconds"
"FT_T_FIRT","0","0","EMPTY_TABLE","0 seconds"
"FT_T_FISO","0","0","EMPTY_TABLE","0 seconds"
"FT_T_FISP","0","0","EMPTY_TABLE","0 seconds"
"FT_T_FISR","0","0","EMPTY_TABLE","0 seconds"
"FT_T_FISS","0","0","EMPTY_TABLE","0 seconds"
"FT_T_FIST","9733","9733","COPY","02/08/2022 00:11:32","02/08/2022 00:11:35","2 seconds"
"FT_T_FISV","0","0","EMPTY_TABLE","0 seconds"
"FT_T_FLAR","0","0","EMPTY_TABLE","0 seconds"
"FT_T_FLDP","0","0","EMPTY_TABLE","0 seconds"
"FT_T_FLER","0","0","EMPTY_TABLE","0 seconds"
"FT_T_FLIN","0","0","EMPTY_TABLE","0 seconds"
"FT_T_FLLG","0","0","EMPTY_TABLE","0 seconds"
"FT_T_FLMR","0","0","EMPTY_TABLE","0 seconds"
"FT_T_FLPD","391","391","COPY","02/08/2022 00:11:58","02/08/2022 00:12:00","1 seconds"
"FT_T_FLRD","0","0","EMPTY_TABLE","0 seconds"
"FT_T_FLSP","0","0","EMPTY_TABLE","0 seconds"
"FT_T_FLST","0","0","EMPTY_TABLE","0 seconds"
"FT_T_FMMX","0","0","EMPTY_TABLE","0 seconds"
"FT_T_FMTA","0","0","EMPTY_TABLE","0 seconds"
"FT_T_FNCG","0","0","EMPTY_TABLE","0 seconds"
"FT_T_FNCH","419","419","COPY","02/08/2022 00:12:20","02/08/2022 00:12:24","4 seconds"
"FT_T_FNIR","44428","44428","COPY","02/08/2022 00:12:26","02/08/2022 00:12:30","4 seconds"
"FT_T_FNLM","0","0","EMPTY_TABLE","0 seconds"
"FT_T_FNSC","0","0","EMPTY_TABLE","0 seconds"
"FT_T_FNSR","0","0","EMPTY_TABLE","0 seconds"
"FT_T_FNST","0","0","EMPTY_TABLE","0 seconds"
"FT_T_FNVD","0","0","EMPTY_TABLE","0 seconds"
"FT_T_FNVS","0","0","EMPTY_TABLE","0 seconds"
"FT_T_FOIN","0","0","EMPTY_TABLE","0 seconds"
"FT_T_FOLN","0","0","EMPTY_TABLE","0 seconds"
"FT_T_FORM","0","0","EMPTY_TABLE","0 seconds"
"FT_T_FPAR","0","0","EMPTY_TABLE","0 seconds"
"FT_T_FPAY","0","0","EMPTY_TABLE","0 seconds"
"FT_T_FPGU","0","0","EMPTY_TABLE","0 seconds"
"FT_T_FPID","0","0","EMPTY_TABLE","0 seconds"
"FT_T_FPIP","0","0","EMPTY_TABLE","0 seconds"
"FT_T_FPPR","0","0","EMPTY_TABLE","0 seconds"
"FT_T_FPRO","0","0","EMPTY_TABLE","0 seconds"
"FT_T_FPTR","0","0","EMPTY_TABLE","0 seconds"
"FT_T_FRAP","0","0","EMPTY_TABLE","0 seconds"
"FT_T_FRCA","104","104","COPY","02/08/2022 00:13:25","02/08/2022 00:13:27","1 seconds"
"FT_T_FRCH","0","0","EMPTY_TABLE","0 seconds"
"FT_T_FRCL","0","0","EMPTY_TABLE","0 seconds"
"FT_T_FRCP","0","0","EMPTY_TABLE","0 seconds"
"FT_T_FRFM","0","0","EMPTY_TABLE","0 seconds"
"FT_T_FRGC","0","0","EMPTY_TABLE","0 seconds"
"FT_T_FRGP","0","0","EMPTY_TABLE","0 seconds"
"FT_T_FRGR","0","0","EMPTY_TABLE","0 seconds"
"FT_T_FRGU","0","0","EMPTY_TABLE","0 seconds"
"FT_T_FRIA","0","0","EMPTY_TABLE","0 seconds"
"FT_T_FRID","0","0","EMPTY_TABLE","0 seconds"
"FT_T_FRIP","0","0","EMPTY_TABLE","0 seconds"
"FT_T_FRMF","0","0","EMPTY_TABLE","0 seconds"
"FT_T_FRMI","0","0","EMPTY_TABLE","0 seconds"
"FT_T_FRMK","0","0","EMPTY_TABLE","0 seconds"
"FT_T_FRPR","0","0","EMPTY_TABLE","0 seconds"
"FT_T_FRRL","0","0","EMPTY_TABLE","0 seconds"
"FT_T_FRRT","0","0","EMPTY_TABLE","0 seconds"
"FT_T_FRST","0","0","EMPTY_TABLE","0 seconds"
"FT_T_FSBL","0","0","EMPTY_TABLE","0 seconds"
"FT_T_FSCF","0","0","EMPTY_TABLE","0 seconds"
"FT_T_FSCL","0","0","EMPTY_TABLE","0 seconds"
"FT_T_FSCT","0","0","EMPTY_TABLE","0 seconds"
"FT_T_FSIN","0","0","EMPTY_TABLE","0 seconds"
"FT_T_FSLI","0","0","EMPTY_TABLE","0 seconds"
"FT_T_FSRA","0","0","EMPTY_TABLE","0 seconds"
"FT_T_FSRG","0","0","EMPTY_TABLE","0 seconds"
"FT_T_FSRH","0","0","EMPTY_TABLE","0 seconds"
"FT_T_FSTA","0","0","EMPTY_TABLE","0 seconds"
"FT_T_FTBG","0","0","EMPTY_TABLE","0 seconds"
"FT_T_FTBL","0","0","EMPTY_TABLE","0 seconds"
"FT_T_FTCG","0","0","EMPTY_TABLE","0 seconds"
"FT_T_FTCH","0","0","EMPTY_TABLE","0 seconds"
"FT_T_FTDI","0","0","EMPTY_TABLE","0 seconds"
"FT_T_FTEX","0","0","EMPTY_TABLE","0 seconds"
"FT_T_FTGP","0","0","EMPTY_TABLE","0 seconds"
"FT_T_FTGR","0","0","EMPTY_TABLE","0 seconds"
"FT_T_FVSH","0","0","EMPTY_TABLE","0 seconds"
"FT_T_FVST","0","0","EMPTY_TABLE","0 seconds"
"FT_T_FXCH","0","0","EMPTY_TABLE","0 seconds"
"FT_T_FXRS","0","0","EMPTY_TABLE","0 seconds"
"FT_T_FXRT","0","0","EMPTY_TABLE","0 seconds"
"FT_T_FXST","0","0","EMPTY_TABLE","0 seconds"
"FT_T_FXVI","0","0","EMPTY_TABLE","0 seconds"
"FT_T_FZLP","0","0","EMPTY_TABLE","0 seconds"
"FT_T_FZLR","0","0","EMPTY_TABLE","0 seconds"
"FT_T_FZRD","0","0","EMPTY_TABLE","0 seconds"
"FT_T_FZRP","0","0","EMPTY_TABLE","0 seconds"
"FT_T_FZTC","0","0","EMPTY_TABLE","0 seconds"
"FT_T_FZTD","0","0","EMPTY_TABLE","0 seconds"
"FT_T_FZTP","0","0","EMPTY_TABLE","0 seconds"
"FT_T_FZWK","0","0","EMPTY_TABLE","0 seconds"
"FT_T_GCCM","0","0","EMPTY_TABLE","0 seconds"
"FT_T_GDCH","0","0","EMPTY_TABLE","0 seconds"
"FT_T_GDOC","0","0","EMPTY_TABLE","0 seconds"
"FT_T_GLAG","0","0","EMPTY_TABLE","0 seconds"
"FT_T_GLHP","0","0","EMPTY_TABLE","0 seconds"
"FT_T_GLLG","0","0","EMPTY_TABLE","0 seconds"
"FT_T_GLLL","0","0","EMPTY_TABLE","0 seconds"
"FT_T_GLRD","0","0","EMPTY_TABLE","0 seconds"
"FT_T_GLRL","0","0","EMPTY_TABLE","0 seconds"
"FT_T_GLUD","0","0","EMPTY_TABLE","0 seconds"
"FT_T_GNCC","0","0","EMPTY_TABLE","0 seconds"
"FT_T_GNCM","17640","17640","COPY","02/08/2022 00:16:39","02/08/2022 00:16:43","4 seconds"
"FT_T_GNIP","0","0","EMPTY_TABLE","0 seconds"
"FT_T_GNPC","0","0","EMPTY_TABLE","0 seconds"
"FT_T_GNPI","0","0","EMPTY_TABLE","0 seconds"
"FT_T_GNPP","0","0","EMPTY_TABLE","0 seconds"
"FT_T_GNRC","0","0","EMPTY_TABLE","0 seconds"
"FT_T_GNST","0","0","EMPTY_TABLE","0 seconds"
"FT_T_GNTR","0","0","EMPTY_TABLE","0 seconds"
"FT_T_GPCS","0","0","EMPTY_TABLE","0 seconds"
"FT_T_GPRC","0","0","EMPTY_TABLE","0 seconds"
"FT_T_GPVC","0","0","EMPTY_TABLE","0 seconds"
"FT_T_GPVP","0","0","EMPTY_TABLE","0 seconds"
"FT_T_GPWA","0","0","EMPTY_TABLE","0 seconds"
"FT_T_GTBD","0","0","EMPTY_TABLE","0 seconds"
"FT_T_GTBP","0","0","EMPTY_TABLE","0 seconds"
"FT_T_GTBS","0","0","EMPTY_TABLE","0 seconds"
"FT_T_GTST","0","0","EMPTY_TABLE","0 seconds"
"FT_T_GUCA","859","859","COPY","02/08/2022 00:17:34","02/08/2022 00:17:36","2 seconds"
"FT_T_GUDE","0","0","EMPTY_TABLE","0 seconds"
"FT_T_GUEM","0","0","EMPTY_TABLE","0 seconds"
"FT_T_GUGP","0","0","EMPTY_TABLE","0 seconds"
"FT_T_GUGR","0","0","EMPTY_TABLE","0 seconds"
"FT_T_GUID","2861","2861","COPY","02/08/2022 00:17:52","02/08/2022 00:17:54","2 seconds"
"FT_T_GUNL","0","0","EMPTY_TABLE","0 seconds"
"FT_T_GUNT","3388","3388","COPY","02/08/2022 00:17:58","02/08/2022 00:18:02","3 seconds"
"FT_T_GURE","0","0","EMPTY_TABLE","0 seconds"
"FT_T_GURT","0","0","EMPTY_TABLE","0 seconds"
"FT_T_GUSO","0","0","EMPTY_TABLE","0 seconds"
"FT_T_GUSS","0","0","EMPTY_TABLE","0 seconds"
"FT_T_GUST","0","0","EMPTY_TABLE","0 seconds"
"FT_T_GUSV","0","0","EMPTY_TABLE","0 seconds"
"FT_T_GUTZ","0","0","EMPTY_TABLE","0 seconds"
"FT_T_HCUT","0","0","EMPTY_TABLE","0 seconds"
"FT_T_HENC","0","0","EMPTY_TABLE","0 seconds"
"FT_T_HENH","0","0","EMPTY_TABLE","0 seconds"
"FT_T_HENJ","0","0","EMPTY_TABLE","0 seconds"
"FT_T_HENR","13","13","COPY","02/08/2022 00:18:43","02/08/2022 00:18:47","3 seconds"
"FT_T_HOLD","0","0","EMPTY_TABLE","0 seconds"
"FT_T_HOLH","0","0","EMPTY_TABLE","0 seconds"
"FT_T_HOLJ","0","0","EMPTY_TABLE","0 seconds"
"FT_T_HOLR","260","260","COPY","02/08/2022 00:18:58","02/08/2022 00:19:01","2 seconds"
"FT_T_HOLV","0","0","EMPTY_TABLE","0 seconds"
"FT_T_HSDF","4","4","COPY","02/08/2022 00:19:06","02/08/2022 00:19:08","1 seconds"
"FT_T_IAAM","0","0","EMPTY_TABLE","0 seconds"
"FT_T_IAAN","0","0","EMPTY_TABLE","0 seconds"
"FT_T_IAAS","0","0","EMPTY_TABLE","0 seconds"
"FT_T_IACC","0","0","EMPTY_TABLE","0 seconds"
"FT_T_IACD","153","153","COPY","02/08/2022 00:19:21","02/08/2022 00:19:23","1 seconds"
"FT_T_IACE","0","0","EMPTY_TABLE","0 seconds"
"FT_T_IACF","0","0","EMPTY_TABLE","0 seconds"
"FT_T_IACL","0","0","EMPTY_TABLE","0 seconds"
"FT_T_IACM","0","0","EMPTY_TABLE","0 seconds"
"FT_T_IACS","0","0","EMPTY_TABLE","0 seconds"
"FT_T_IADC","0","0","EMPTY_TABLE","0 seconds"
"FT_T_IADS","0","0","EMPTY_TABLE","0 seconds"
"FT_T_IADT","0","0","EMPTY_TABLE","0 seconds"
"FT_T_IAED","0","0","EMPTY_TABLE","0 seconds"
"FT_T_IAEH","0","0","EMPTY_TABLE","0 seconds"
"FT_T_IAEI","0","0","EMPTY_TABLE","0 seconds"
"FT_T_IAEL","0","0","EMPTY_TABLE","0 seconds"
"FT_T_IAES","0","0","EMPTY_TABLE","0 seconds"
"FT_T_IAEV","0","0","EMPTY_TABLE","0 seconds"
"FT_T_IAFI","0","0","EMPTY_TABLE","0 seconds"
"FT_T_IAFN","0","0","EMPTY_TABLE","0 seconds"
"FT_T_IAFP","0","0","EMPTY_TABLE","0 seconds"
"FT_T_IAFS","0","0","EMPTY_TABLE","0 seconds"
"FT_T_IAGP","0","0","EMPTY_TABLE","0 seconds"
"FT_T_IAGR","0","0","EMPTY_TABLE","0 seconds"
"FT_T_IAGU","0","0","EMPTY_TABLE","0 seconds"
"FT_T_IAIC","0","0","EMPTY_TABLE","0 seconds"
"FT_T_IAID","0","0","EMPTY_TABLE","0 seconds"
"FT_T_IAIN","0","0","EMPTY_TABLE","0 seconds"
"FT_T_IAIP","0","0","EMPTY_TABLE","0 seconds"
"FT_T_IAIR","0","0","EMPTY_TABLE","0 seconds"
"FT_T_IAIT","0","0","EMPTY_TABLE","0 seconds"
"FT_T_IALG","0","0","EMPTY_TABLE","0 seconds"
"FT_T_IALR","0","0","EMPTY_TABLE","0 seconds"
"FT_T_IAMA","0","0","EMPTY_TABLE","0 seconds"
"FT_T_IANI","0","0","EMPTY_TABLE","0 seconds"
"FT_T_IAOD","0","0","EMPTY_TABLE","0 seconds"
"FT_T_IAOF","0","0","EMPTY_TABLE","0 seconds"
"FT_T_IAOQ","0","0","EMPTY_TABLE","0 seconds"
"FT_T_IAPA","0","0","EMPTY_TABLE","0 seconds"
"FT_T_IAPD","0","0","EMPTY_TABLE","0 seconds"
"FT_T_IAPM","0","0","EMPTY_TABLE","0 seconds"
"FT_T_IAPR","0","0","EMPTY_TABLE","0 seconds"
"FT_T_IAPS","0","0","EMPTY_TABLE","0 seconds"
"FT_T_IAPU","0","0","EMPTY_TABLE","0 seconds"
"FT_T_IAQU","0","0","EMPTY_TABLE","0 seconds"
"FT_T_IARD","0","0","EMPTY_TABLE","0 seconds"
"FT_T_IASA","0","0","EMPTY_TABLE","0 seconds"
"FT_T_IASC","0","0","EMPTY_TABLE","0 seconds"
"FT_T_IASS","0","0","EMPTY_TABLE","0 seconds"
"FT_T_IATB","0","0","EMPTY_TABLE","0 seconds"
"FT_T_IATC","0","0","EMPTY_TABLE","0 seconds"
"FT_T_IATP","0","0","EMPTY_TABLE","0 seconds"
"FT_T_IATR","0","0","EMPTY_TABLE","0 seconds"
"FT_T_IATT","0","0","EMPTY_TABLE","0 seconds"
"FT_T_IATY","221","221","COPY","02/08/2022 00:22:19","02/08/2022 00:22:22","3 seconds"
"FT_T_IAVL","0","0","EMPTY_TABLE","0 seconds"
"FT_T_IAVS","0","0","EMPTY_TABLE","0 seconds"
"FT_T_IAXR","0","0","EMPTY_TABLE","0 seconds"
"FT_T_IBMR","71","71","COPY","02/08/2022 00:22:40","02/08/2022 00:22:42","2 seconds"
"FT_T_ICGR","0","0","EMPTY_TABLE","0 seconds"
"FT_T_ICSC","0","0","EMPTY_TABLE","0 seconds"
"FT_T_ICUH","0","0","EMPTY_TABLE","0 seconds"
"FT_T_ICUR","0","0","EMPTY_TABLE","0 seconds"
"FT_T_IDCF","0","0","EMPTY_TABLE","0 seconds"
"FT_T_IDCH","0","0","EMPTY_TABLE","0 seconds"
"FT_T_IDCR","0","0","EMPTY_TABLE","0 seconds"
"FT_T_IDCS","64","64","COPY","02/08/2022 00:23:17","02/08/2022 00:23:19","2 seconds"
"FT_T_IDDF","0","0","EMPTY_TABLE","0 seconds"
"FT_T_IDGP","0","0","EMPTY_TABLE","0 seconds"
"FT_T_IDGR","0","0","EMPTY_TABLE","0 seconds"
"FT_T_IDMC","0","0","EMPTY_TABLE","0 seconds"
"FT_T_IDMV","47973","47973","COPY","02/08/2022 00:23:41","02/08/2022 00:23:46","5 seconds"
"FT_T_IEDF","141209","141209","COPY","02/08/2022 00:23:49","02/08/2022 00:24:03","14 seconds"
"FT_T_IENC","0","0","EMPTY_TABLE","0 seconds"
"FT_T_IEVP","80990","80990","COPY","02/08/2022 00:24:09","02/08/2022 00:24:15","5 seconds"
"FT_T_ILAR","0","0","EMPTY_TABLE","0 seconds"
"FT_T_IMKR","0","0","EMPTY_TABLE","0 seconds"
"FT_T_IMXR","0","0","EMPTY_TABLE","0 seconds"
"FT_T_INCH","0","0","EMPTY_TABLE","0 seconds"
"FT_T_INCL","22705","22705","COPY","02/08/2022 00:24:33","02/08/2022 00:24:37","4 seconds"
"FT_T_INCS","226","226","COPY","02/08/2022 00:24:38","02/08/2022 00:24:41","2 seconds"
"FT_T_INLM","0","0","EMPTY_TABLE","0 seconds"
"FT_T_INRE","0","0","EMPTY_TABLE","0 seconds"
"FT_T_INRO","0","0","EMPTY_TABLE","0 seconds"
"FT_T_INRS","0","0","EMPTY_TABLE","0 seconds"
"FT_T_INSN","0","0","EMPTY_TABLE","0 seconds"
"FT_T_INVC","0","0","EMPTY_TABLE","0 seconds"
"FT_T_INVD","0","0","EMPTY_TABLE","0 seconds"
"FT_T_INVI","0","0","EMPTY_TABLE","0 seconds"
"FT_T_INVL","0","0","EMPTY_TABLE","0 seconds"
"FT_T_INVS","0","0","EMPTY_TABLE","0 seconds"
"FT_T_IPAS","0","0","EMPTY_TABLE","0 seconds"
"FT_T_IPDF","579240","579240","COPY","02/08/2022 00:25:37","02/08/2022 00:25:53","15 seconds"
"FT_T_IPGP","0","0","EMPTY_TABLE","0 seconds"
"FT_T_IPGR","0","0","EMPTY_TABLE","0 seconds"
"FT_T_IPST","8","8","COPY","02/08/2022 00:26:02","02/08/2022 00:26:04","2 seconds"
"FT_T_IPTD","0","0","EMPTY_TABLE","0 seconds"
"FT_T_IRAS","0","0","EMPTY_TABLE","0 seconds"
"FT_T_IRBR","0","0","EMPTY_TABLE","0 seconds"
"FT_T_IRCL","60087","60087","COPY","02/08/2022 00:26:15","02/08/2022 00:26:21","5 seconds"
"FT_T_IRDE","3247","3247","COPY","02/08/2022 00:26:22","02/08/2022 00:26:25","2 seconds"
"FT_T_IREC","55","55","COPY","02/08/2022 00:26:27","02/08/2022 00:26:30","2 seconds"
"FT_T_IRGP","0","0","EMPTY_TABLE","0 seconds"
"FT_T_IRGR","0","0","EMPTY_TABLE","0 seconds"
"FT_T_IRGU","16439","16439","COPY","02/08/2022 00:26:38","02/08/2022 00:26:42","3 seconds"
"FT_T_IRID","18414","18414","COPY","02/08/2022 00:26:44","02/08/2022 00:26:47","3 seconds"
"FT_T_IRRD","0","0","EMPTY_TABLE","0 seconds"
"FT_T_IRRL","30578","30578","COPY","02/08/2022 00:26:52","02/08/2022 00:26:56","3 seconds"
"FT_T_IRRT","0","0","EMPTY_TABLE","0 seconds"
"FT_T_IRST","9732","9732","COPY","02/08/2022 00:27:01","02/08/2022 00:27:05","4 seconds"
"FT_T_IRTY","51","51","COPY","02/08/2022 00:27:09","02/08/2022 00:27:11","2 seconds"
"FT_T_ISAM","0","0","EMPTY_TABLE","0 seconds"
"FT_T_ISAN","0","0","EMPTY_TABLE","0 seconds"
"FT_T_ISAS","36577","36577","COPY","02/08/2022 00:27:20","02/08/2022 00:27:26","6 seconds"
"FT_T_ISCA","0","0","EMPTY_TABLE","0 seconds"
"FT_T_ISCD","167","167","COPY","02/08/2022 00:27:32","02/08/2022 00:27:34","2 seconds"
"FT_T_ISCG","0","0","EMPTY_TABLE","0 seconds"
"FT_T_ISCL","635492","635492","COPY","02/08/2022 00:27:39","02/08/2022 00:27:53","13 seconds"
"FT_T_ISCM","6390","6390","COPY","02/08/2022 00:27:56","02/08/2022 00:27:59","3 seconds"
"FT_T_ISCV","0","0","EMPTY_TABLE","0 seconds"
"FT_T_ISDC","0","0","EMPTY_TABLE","0 seconds"
"FT_T_ISDE","289858","289858","COPY","02/08/2022 00:28:08","02/08/2022 00:28:17","8 seconds"
"FT_T_ISDH","0","0","EMPTY_TABLE","0 seconds"
"FT_T_ISDI","0","0","EMPTY_TABLE","0 seconds"
"FT_T_ISDT","0","0","EMPTY_TABLE","0 seconds"
"FT_T_ISGP","0","0","EMPTY_TABLE","0 seconds"
"FT_T_ISGR","0","0","EMPTY_TABLE","0 seconds"
"FT_T_ISGU","537876","537876","COPY","02/08/2022 00:28:35","02/08/2022 00:28:47","11 seconds"
"FT_T_ISHQ","0","0","EMPTY_TABLE","0 seconds"
"FT_T_ISID","1346878","1346878","COPY","02/08/2022 00:28:53","02/08/2022 00:29:15","21 seconds"
"FT_T_ISJD","0","0","EMPTY_TABLE","0 seconds"
"FT_T_ISLB","0","0","EMPTY_TABLE","0 seconds"
"FT_T_ISLL","11817","11817","COPY","02/08/2022 00:29:27","02/08/2022 00:29:31","4 seconds"
"FT_T_ISMC","901487","901487","COPY","02/08/2022 00:29:34","02/08/2022 00:29:51","17 seconds"
"FT_T_ISNP","0","0","EMPTY_TABLE","0 seconds"
"FT_T_ISOV","0","0","EMPTY_TABLE","0 seconds"
"FT_T_ISPA","0","0","EMPTY_TABLE","0 seconds"
"FT_T_ISPC","0","0","EMPTY_TABLE","0 seconds"
"FT_T_ISPH","0","0","EMPTY_TABLE","0 seconds"
"FT_T_ISPR","0","0","EMPTY_TABLE","0 seconds"
"FT_T_ISPS","0","0","EMPTY_TABLE","0 seconds"
"FT_T_ISPT","0","0","EMPTY_TABLE","0 seconds"
"FT_T_ISRP","0","0","EMPTY_TABLE","0 seconds"
"FT_T_ISRR","12685","12685","COPY","02/08/2022 00:30:30","02/08/2022 00:30:33","3 seconds"
"FT_T_ISRS","0","0","EMPTY_TABLE","0 seconds"
"FT_T_ISRT","185787","185787","COPY","02/08/2022 00:30:39","02/08/2022 00:30:50","10 seconds"
"FT_T_ISRV","0","0","EMPTY_TABLE","0 seconds"
"FT_T_ISSC","0","0","EMPTY_TABLE","0 seconds"
"FT_T_ISSO","0","0","EMPTY_TABLE","0 seconds"
"FT_T_ISSR","18414","18414","COPY","02/08/2022 00:31:08","02/08/2022 00:31:14","5 seconds"
"FT_T_ISSS","0","0","EMPTY_TABLE","0 seconds"
"FT_T_ISST","3453305","3453305","COPY","02/08/2022 00:31:19","02/08/2022 00:31:59","40 seconds"
"FT_T_ISSU","206285","206285","COPY","02/08/2022 00:32:02","02/08/2022 00:32:14","12 seconds"
"FT_T_ISSV","0","0","EMPTY_TABLE","0 seconds"
"FT_T_ISTA","0","0","EMPTY_TABLE","0 seconds"
"FT_T_ISTF","0","0","EMPTY_TABLE","0 seconds"
"FT_T_ISTK","0","0","EMPTY_TABLE","0 seconds"
"FT_T_ISTV","0","0","EMPTY_TABLE","0 seconds"
"FT_T_ISTY","264","264","COPY","02/08/2022 00:32:35","02/08/2022 00:32:38","2 seconds"
"FT_T_ISUC","0","0","EMPTY_TABLE","0 seconds"
"FT_T_ISUP","0","0","EMPTY_TABLE","0 seconds"
"FT_T_ISXR","0","0","EMPTY_TABLE","0 seconds"
"FT_T_ITCD","0","0","EMPTY_TABLE","0 seconds"
"FT_T_ITCI","0","0","EMPTY_TABLE","0 seconds"
"FT_T_ITGP","0","0","EMPTY_TABLE","0 seconds"
"FT_T_ITGR","1","1","COPY","02/08/2022 00:33:02","02/08/2022 00:33:04","2 seconds"
"FT_T_ITRN","0","0","EMPTY_TABLE","0 seconds"
"FT_T_ITXT","0","0","EMPTY_TABLE","0 seconds"
"FT_T_IYCL","0","0","EMPTY_TABLE","0 seconds"
"FT_T_IYRA","0","0","EMPTY_TABLE","0 seconds"
"FT_T_IYRF","0","0","EMPTY_TABLE","0 seconds"
"FT_T_JBDF","0","0","EMPTY_TABLE","0 seconds"
"FT_T_JBLG","0","0","EMPTY_TABLE","0 seconds"
"FT_T_JBOV","0","0","EMPTY_TABLE","0 seconds"
"FT_T_JBSP","0","0","EMPTY_TABLE","0 seconds"
"FT_T_JBST","0","0","EMPTY_TABLE","0 seconds"
"FT_T_LAAN","0","0","EMPTY_TABLE","0 seconds"
"FT_T_LAAP","0","0","EMPTY_TABLE","0 seconds"
"FT_T_LAAT","0","0","EMPTY_TABLE","0 seconds"
"FT_T_LACD","0","0","EMPTY_TABLE","0 seconds"
"FT_T_LACP","0","0","EMPTY_TABLE","0 seconds"
"FT_T_LACV","0","0","EMPTY_TABLE","0 seconds"
"FT_T_LAGR","0","0","EMPTY_TABLE","0 seconds"
"FT_T_LAID","0","0","EMPTY_TABLE","0 seconds"
"FT_T_LAIP","0","0","EMPTY_TABLE","0 seconds"
"FT_T_LAOV","0","0","EMPTY_TABLE","0 seconds"
"FT_T_LARS","0","0","EMPTY_TABLE","0 seconds"
"FT_T_LATH","0","0","EMPTY_TABLE","0 seconds"
"FT_T_LCME","0","0","EMPTY_TABLE","0 seconds"
"FT_T_LEDE","0","0","EMPTY_TABLE","0 seconds"
"FT_T_LEDF","0","0","EMPTY_TABLE","0 seconds"
"FT_T_LEID","0","0","EMPTY_TABLE","0 seconds"
"FT_T_LENC","0","0","EMPTY_TABLE","0 seconds"
"FT_T_LENH","0","0","EMPTY_TABLE","0 seconds"
"FT_T_LENJ","0","0","EMPTY_TABLE","0 seconds"
"FT_T_LENR","0","0","EMPTY_TABLE","0 seconds"
"FT_T_LGCH","9","9","COPY","02/08/2022 00:34:55","02/08/2022 00:34:57","2 seconds"
"FT_T_LGER","202","202","COPY","02/08/2022 00:34:59","02/08/2022 00:35:01","2 seconds"
"FT_T_LGGP","3","3","COPY","02/08/2022 00:35:03","02/08/2022 00:35:05","1 seconds"
"FT_T_LGGR","4","4","COPY","02/08/2022 00:35:08","02/08/2022 00:35:10","2 seconds"
"FT_T_LGID","0","0","EMPTY_TABLE","0 seconds"
"FT_T_LGLI","157","157","COPY","02/08/2022 00:35:19","02/08/2022 00:35:22","2 seconds"
"FT_T_LGTY","9","9","COPY","02/08/2022 00:35:23","02/08/2022 00:35:26","2 seconds"
"FT_T_LICD","0","0","EMPTY_TABLE","0 seconds"
"FT_T_LIYR","0","0","EMPTY_TABLE","0 seconds"
"FT_T_LLRL","0","0","EMPTY_TABLE","0 seconds"
"FT_T_LMAH","0","0","EMPTY_TABLE","0 seconds"
"FT_T_LMBD","0","0","EMPTY_TABLE","0 seconds"
"FT_T_LMCH","86684","86684","COPY","02/08/2022 00:35:49","02/08/2022 00:35:59","10 seconds"
"FT_T_LMDL","0","0","EMPTY_TABLE","0 seconds"
"FT_T_LMDS","0","0","EMPTY_TABLE","0 seconds"
"FT_T_LMEX","0","0","EMPTY_TABLE","0 seconds"
"FT_T_LMGP","0","0","EMPTY_TABLE","0 seconds"
"FT_T_LMGR","0","0","EMPTY_TABLE","0 seconds"
"FT_T_LMGU","0","0","EMPTY_TABLE","0 seconds"
"FT_T_LMHS","0","0","EMPTY_TABLE","0 seconds"
"FT_T_LMID","0","0","EMPTY_TABLE","0 seconds"
"FT_T_LMIS","0","0","EMPTY_TABLE","0 seconds"
"FT_T_LMPP","0","0","EMPTY_TABLE","0 seconds"
"FT_T_LMQV","0","0","EMPTY_TABLE","0 seconds"
"FT_T_LMRT","0","0","EMPTY_TABLE","0 seconds"
"FT_T_LMST","159515","159515","COPY","02/08/2022 00:36:41","02/08/2022 00:36:59","18 seconds"
"FT_T_LMTG","0","0","EMPTY_TABLE","0 seconds"
"FT_T_LMTY","0","0","EMPTY_TABLE","0 seconds"
"FT_T_LMUS","0","0","EMPTY_TABLE","0 seconds"
"FT_T_LOTH","0","0","EMPTY_TABLE","0 seconds"
"FT_T_LOTJ","0","0","EMPTY_TABLE","0 seconds"
"FT_T_LOTR","82","82","COPY","02/08/2022 00:37:24","02/08/2022 00:37:28","4 seconds"
"FT_T_LOTS","0","0","EMPTY_TABLE","0 seconds"
"FT_T_LOTV","0","0","EMPTY_TABLE","0 seconds"
"FT_T_LPIN","0","0","EMPTY_TABLE","0 seconds"
"FT_T_LPMT","0","0","EMPTY_TABLE","0 seconds"
"FT_T_LPPR","0","0","EMPTY_TABLE","0 seconds"
"FT_T_LPPT","0","0","EMPTY_TABLE","0 seconds"
"FT_T_LPRT","0","0","EMPTY_TABLE","0 seconds"
"FT_T_LPSG","0","0","EMPTY_TABLE","0 seconds"
"FT_T_MADC","0","0","EMPTY_TABLE","0 seconds"
"FT_T_MADR","2191","2191","COPY","02/08/2022 00:38:08","02/08/2022 00:38:12","3 seconds"
"FT_T_MAGD","0","0","EMPTY_TABLE","0 seconds"
"FT_T_MAGH","0","0","EMPTY_TABLE","0 seconds"
"FT_T_MAGM","0","0","EMPTY_TABLE","0 seconds"
"FT_T_MBMR","0","0","EMPTY_TABLE","0 seconds"
"FT_T_MCDF","0","0","EMPTY_TABLE","0 seconds"
"FT_T_MDCF","0","0","EMPTY_TABLE","0 seconds"
"FT_T_MDDF","279","279","COPY","02/08/2022 00:38:42","02/08/2022 00:38:48","5 seconds"
"FT_T_MDEC","332","332","COPY","02/08/2022 00:38:51","02/08/2022 00:38:54","3 seconds"
"FT_T_MDGP","0","0","EMPTY_TABLE","0 seconds"
"FT_T_MDGR","0","0","EMPTY_TABLE","0 seconds"
"FT_T_MDSP","6850","6850","COPY","02/08/2022 00:39:06","02/08/2022 00:39:10","4 seconds"
"FT_T_MDTP","0","0","EMPTY_TABLE","0 seconds"
"FT_T_MDTT","0","0","EMPTY_TABLE","0 seconds"
"FT_T_MDTY","255","255","COPY","02/08/2022 00:39:22","02/08/2022 00:39:27","5 seconds"
"FT_T_MFMT","25","25","COPY","02/08/2022 00:39:30","02/08/2022 00:39:33","3 seconds"
"FT_T_MICL","0","0","EMPTY_TABLE","0 seconds"
"FT_T_MICM","20518594","20518594","COPY","02/08/2022 00:39:41","02/08/2022 01:04:59","1517 seconds"
"FT_T_MISR","0","0","EMPTY_TABLE","0 seconds"
"FT_T_MIXR","719213","719213","COPY","02/08/2022 01:05:05","02/08/2022 01:05:17","11 seconds"
"FT_T_MKAA","0","0","EMPTY_TABLE","0 seconds"
"FT_T_MKAB","0","0","EMPTY_TABLE","0 seconds"
"FT_T_MKAE","0","0","EMPTY_TABLE","0 seconds"
"FT_T_MKAG","0","0","EMPTY_TABLE","0 seconds"
"FT_T_MKAP","0","0","EMPTY_TABLE","0 seconds"
"FT_T_MKAR","0","0","EMPTY_TABLE","0 seconds"
"FT_T_MKCA","0","0","EMPTY_TABLE","0 seconds"
"FT_T_MKCB","0","0","EMPTY_TABLE","0 seconds"
"FT_T_MKCD","0","0","EMPTY_TABLE","0 seconds"
"FT_T_MKCL","0","0","EMPTY_TABLE","0 seconds"
"FT_T_MKCP","0","0","EMPTY_TABLE","0 seconds"
"FT_T_MKCR","0","0","EMPTY_TABLE","0 seconds"
"FT_T_MKDV","0","0","EMPTY_TABLE","0 seconds"
"FT_T_MKFD","0","0","EMPTY_TABLE","0 seconds"
"FT_T_MKGC","0","0","EMPTY_TABLE","0 seconds"
"FT_T_MKGP","0","0","EMPTY_TABLE","0 seconds"
"FT_T_MKGR","0","0","EMPTY_TABLE","0 seconds"
"FT_T_MKGU","0","0","EMPTY_TABLE","0 seconds"
"FT_T_MKID","3727","3727","COPY","02/08/2022 01:06:19","02/08/2022 01:06:21","2 seconds"
"FT_T_MKIS","227012","227012","COPY","02/08/2022 01:06:23","02/08/2022 01:06:37","13 seconds"
"FT_T_MKPR","0","0","EMPTY_TABLE","0 seconds"
"FT_T_MKQS","0","0","EMPTY_TABLE","0 seconds"
"FT_T_MKRL","0","0","EMPTY_TABLE","0 seconds"
"FT_T_MKRV","0","0","EMPTY_TABLE","0 seconds"
"FT_T_MKTC","0","0","EMPTY_TABLE","0 seconds"
"FT_T_MKTS","0","0","EMPTY_TABLE","0 seconds"
"FT_T_MMCA","0","0","EMPTY_TABLE","0 seconds"
"FT_T_MMRL","0","0","EMPTY_TABLE","0 seconds"
"FT_T_MMXR","0","0","EMPTY_TABLE","0 seconds"
"FT_T_MNCH","0","0","EMPTY_TABLE","0 seconds"
"FT_T_MNES","0","0","EMPTY_TABLE","0 seconds"
"FT_T_MNPU","0","0","EMPTY_TABLE","0 seconds"
"FT_T_MODF","1655","1655","COPY","02/08/2022 01:07:22","02/08/2022 01:07:25","2 seconds"
"FT_T_MPPT","0","0","EMPTY_TABLE","0 seconds"
"FT_T_MPRC","0","0","EMPTY_TABLE","0 seconds"
"FT_T_MPVP","0","0","EMPTY_TABLE","0 seconds"
"FT_T_MRKT","3308","3308","COPY","02/08/2022 01:07:38","02/08/2022 01:07:42","4 seconds"
"FT_T_MRLP","0","0","EMPTY_TABLE","0 seconds"
"FT_T_MROV","0","0","EMPTY_TABLE","0 seconds"
"FT_T_MRSP","0","0","EMPTY_TABLE","0 seconds"
"FT_T_MSCH","0","0","EMPTY_TABLE","0 seconds"
"FT_T_MSDF","775","775","COPY","02/08/2022 01:07:59","02/08/2022 01:08:01","2 seconds"
"FT_T_MSEF","0","0","EMPTY_TABLE","0 seconds"
"FT_T_MSGF","0","0","EMPTY_TABLE","0 seconds"
"FT_T_MSGO","0","0","EMPTY_TABLE","0 seconds"
"FT_T_MSGP","0","0","EMPTY_TABLE","0 seconds"
"FT_T_MSGR","0","0","EMPTY_TABLE","0 seconds"
"FT_T_MSGS","0","0","EMPTY_TABLE","0 seconds"
"FT_T_MSGV","0","0","EMPTY_TABLE","0 seconds"
"FT_T_MTAH","0","0","EMPTY_TABLE","0 seconds"
"FT_T_MTCN","0","0","EMPTY_TABLE","0 seconds"
"FT_T_MTCS","0","0","EMPTY_TABLE","0 seconds"
"FT_T_MTDC","0","0","EMPTY_TABLE","0 seconds"
"FT_T_MTDI","0","0","EMPTY_TABLE","0 seconds"
"FT_T_MTDP","0","0","EMPTY_TABLE","0 seconds"
"FT_T_MTEX","0","0","EMPTY_TABLE","0 seconds"
"FT_T_MTFC","0","0","EMPTY_TABLE","0 seconds"
"FT_T_MTFD","0","0","EMPTY_TABLE","0 seconds"
"FT_T_MTFP","0","0","EMPTY_TABLE","0 seconds"
"FT_T_MTGD","0","0","EMPTY_TABLE","0 seconds"
"FT_T_MTGP","0","0","EMPTY_TABLE","0 seconds"
"FT_T_MTGR","0","0","EMPTY_TABLE","0 seconds"
"FT_T_MTOV","0","0","EMPTY_TABLE","0 seconds"
"FT_T_MTPS","0","0","EMPTY_TABLE","0 seconds"
"FT_T_MTPT","0","0","EMPTY_TABLE","0 seconds"
"FT_T_MTRI","0","0","EMPTY_TABLE","0 seconds"
"FT_T_MTRS","0","0","EMPTY_TABLE","0 seconds"
"FT_T_MTRX","0","0","EMPTY_TABLE","0 seconds"
"FT_T_MTST","0","0","EMPTY_TABLE","0 seconds"
"FT_T_MTTY","0","0","EMPTY_TABLE","0 seconds"
"FT_T_MTUS","0","0","EMPTY_TABLE","0 seconds"
"FT_T_MTXI","0","0","EMPTY_TABLE","0 seconds"
"FT_T_MTXV","0","0","EMPTY_TABLE","0 seconds"
"FT_T_MUPH","0","0","EMPTY_TABLE","0 seconds"
"FT_T_MUPX","0","0","EMPTY_TABLE","0 seconds"
"FT_T_MUST","1734229","1734229","COPY","02/08/2022 01:09:58","02/08/2022 01:10:19","20 seconds"
"FT_T_MVPA","0","0","EMPTY_TABLE","0 seconds"
"FT_T_MVPF","0","0","EMPTY_TABLE","0 seconds"
"FT_T_MVPS","0","0","EMPTY_TABLE","0 seconds"
"FT_T_MXGP","0","0","EMPTY_TABLE","0 seconds"
"FT_T_MXGR","0","0","EMPTY_TABLE","0 seconds"
"FT_T_NAAJ","0","0","EMPTY_TABLE","0 seconds"
"FT_T_NAHO","0","0","EMPTY_TABLE","0 seconds"
"FT_T_NAOJ","0","0","EMPTY_TABLE","0 seconds"
"FT_T_NCAJ","0","0","EMPTY_TABLE","0 seconds"
"FT_T_NCDF","47","47","COPY","02/08/2022 01:10:51","02/08/2022 01:10:53","2 seconds"
"FT_T_NCOJ","0","0","EMPTY_TABLE","0 seconds"
"FT_T_NDMV","0","0","EMPTY_TABLE","0 seconds"
"FT_T_NFLD","0","0","EMPTY_TABLE","0 seconds"
"FT_T_NGCD","0","0","EMPTY_TABLE","0 seconds"
"FT_T_NGIN","0","0","EMPTY_TABLE","0 seconds"
"FT_T_NHOJ","0","0","EMPTY_TABLE","0 seconds"
"FT_T_NICD","0","0","EMPTY_TABLE","0 seconds"
"FT_T_NLNM","13","13","COPY","02/08/2022 01:11:17","02/08/2022 01:11:19","2 seconds"
"FT_T_NLOJ","0","0","EMPTY_TABLE","0 seconds"
"FT_T_NLXD","0","0","EMPTY_TABLE","0 seconds"
"FT_T_NOBP","0","0","EMPTY_TABLE","0 seconds"
"FT_T_NPCL","0","0","EMPTY_TABLE","0 seconds"
"FT_T_NPOJ","0","0","EMPTY_TABLE","0 seconds"
"FT_T_NPPR","6","6","COPY","02/08/2022 01:11:38","02/08/2022 01:11:40","1 seconds"
"FT_T_NTDF","1539","1539","COPY","02/08/2022 01:11:42","02/08/2022 01:11:44","2 seconds"
"FT_T_NTEL","0","0","EMPTY_TABLE","0 seconds"
"FT_T_NTKB","1","1","COPY","02/08/2022 01:11:49","02/08/2022 01:11:51","2 seconds"
"FT_T_NTLG","0","0","EMPTY_TABLE","0 seconds"
"FT_T_NTPM","6110","6110","COPY","02/08/2022 01:11:57","02/08/2022 01:11:59","2 seconds"
"FT_T_NTPV","0","0","EMPTY_TABLE","0 seconds"
"FT_T_NTRS","1467","1467","COPY","02/08/2022 01:12:04","02/08/2022 01:12:06","2 seconds"
"FT_T_NTXO","0","0","EMPTY_TABLE","0 seconds"
"FT_T_NTXT","1537","1537","COPY","02/08/2022 01:12:11","02/08/2022 01:12:14","2 seconds"
"FT_T_OACI","0","0","EMPTY_TABLE","0 seconds"
"FT_T_OPCH","150774","150774","COPY","02/08/2022 01:12:19","02/08/2022 01:12:29","9 seconds"
"FT_T_OPDF","0","0","EMPTY_TABLE","0 seconds"
"FT_T_OPGP","0","0","EMPTY_TABLE","0 seconds"
"FT_T_OPGR","0","0","EMPTY_TABLE","0 seconds"
"FT_T_OTAC","0","0","EMPTY_TABLE","0 seconds"
"FT_T_OTDF","0","0","EMPTY_TABLE","0 seconds"
"FT_T_OTOB","0","0","EMPTY_TABLE","0 seconds"
"FT_T_OTOP","0","0","EMPTY_TABLE","0 seconds"
"FT_T_OTPA","0","0","EMPTY_TABLE","0 seconds"
"FT_T_OTPS","0","0","EMPTY_TABLE","0 seconds"
"FT_T_OTRQ","0","0","EMPTY_TABLE","0 seconds"
"FT_T_OVRC","0","0","EMPTY_TABLE","0 seconds"
"FT_T_PAAR","0","0","EMPTY_TABLE","0 seconds"
"FT_T_PACL","0","0","EMPTY_TABLE","0 seconds"
"FT_T_PACM","0","0","EMPTY_TABLE","0 seconds"
"FT_T_PACR","0","0","EMPTY_TABLE","0 seconds"
"FT_T_PADC","0","0","EMPTY_TABLE","0 seconds"
"FT_T_PADE","0","0","EMPTY_TABLE","0 seconds"
"FT_T_PADH","0","0","EMPTY_TABLE","0 seconds"
"FT_T_PADR","0","0","EMPTY_TABLE","0 seconds"
"FT_T_PAER","0","0","EMPTY_TABLE","0 seconds"
"FT_T_PAGP","0","0","EMPTY_TABLE","0 seconds"
"FT_T_PAGR","0","0","EMPTY_TABLE","0 seconds"
"FT_T_PAGU","0","0","EMPTY_TABLE","0 seconds"
"FT_T_PAID","0","0","EMPTY_TABLE","0 seconds"
"FT_T_PALB","0","0","EMPTY_TABLE","0 seconds"
"FT_T_PALR","0","0","EMPTY_TABLE","0 seconds"
"FT_T_PAPR","0","0","EMPTY_TABLE","0 seconds"
"FT_T_PARG","0","0","EMPTY_TABLE","0 seconds"
"FT_T_PARL","0","0","EMPTY_TABLE","0 seconds"
"FT_T_PART","0","0","EMPTY_TABLE","0 seconds"
"FT_T_PASO","0","0","EMPTY_TABLE","0 seconds"
"FT_T_PAST","0","0","EMPTY_TABLE","0 seconds"
"FT_T_PATY","0","0","EMPTY_TABLE","0 seconds"
"FT_T_PBAT","0","0","EMPTY_TABLE","0 seconds"
"FT_T_PBCH","0","0","EMPTY_TABLE","0 seconds"
"FT_T_PBCU","0","0","EMPTY_TABLE","0 seconds"
"FT_T_PBDP","0","0","EMPTY_TABLE","0 seconds"
"FT_T_PBLM","0","0","EMPTY_TABLE","0 seconds"
"FT_T_PBMR","0","0","EMPTY_TABLE","0 seconds"
"FT_T_PBRQ","0","0","EMPTY_TABLE","0 seconds"
"FT_T_PBVP","0","0","EMPTY_TABLE","0 seconds"
"FT_T_PCAC","0","0","EMPTY_TABLE","0 seconds"
"FT_T_PCCM","0","0","EMPTY_TABLE","0 seconds"
"FT_T_PCCO","0","0","EMPTY_TABLE","0 seconds"
"FT_T_PCFD","0","0","EMPTY_TABLE","0 seconds"
"FT_T_PCGP","0","0","EMPTY_TABLE","0 seconds"
"FT_T_PCGR","0","0","EMPTY_TABLE","0 seconds"
"FT_T_PCLS","0","0","EMPTY_TABLE","0 seconds"
"FT_T_PCMX","0","0","EMPTY_TABLE","0 seconds"
"FT_T_PCOP","0","0","EMPTY_TABLE","0 seconds"
"FT_T_PCPF","0","0","EMPTY_TABLE","0 seconds"
"FT_T_PCRL","0","0","EMPTY_TABLE","0 seconds"
"FT_T_PCRP","0","0","EMPTY_TABLE","0 seconds"
"FT_T_PCRV","0","0","EMPTY_TABLE","0 seconds"
"FT_T_PCSE","0","0","EMPTY_TABLE","0 seconds"
"FT_T_PCST","0","0","EMPTY_TABLE","0 seconds"
"FT_T_PCTA","0","0","EMPTY_TABLE","0 seconds"
"FT_T_PDCH","0","0","EMPTY_TABLE","0 seconds"
"FT_T_PDDF","0","0","EMPTY_TABLE","0 seconds"
"FT_T_PDGP","0","0","EMPTY_TABLE","0 seconds"
"FT_T_PDGR","0","0","EMPTY_TABLE","0 seconds"
"FT_T_PDIN","0","0","EMPTY_TABLE","0 seconds"
"FT_T_PDLI","0","0","EMPTY_TABLE","0 seconds"
"FT_T_PDRP","0","0","EMPTY_TABLE","0 seconds"
"FT_T_PDRQ","0","0","EMPTY_TABLE","0 seconds"
"FT_T_PDRV","0","0","EMPTY_TABLE","0 seconds"
"FT_T_PECN","0","0","EMPTY_TABLE","0 seconds"
"FT_T_PEDE","0","0","EMPTY_TABLE","0 seconds"
"FT_T_PEDF","46044","46044","COPY","02/08/2022 01:16:26","02/08/2022 01:16:33","7 seconds"
"FT_T_PENC","0","0","EMPTY_TABLE","0 seconds"
"FT_T_PENH","0","0","EMPTY_TABLE","0 seconds"
"FT_T_PENJ","0","0","EMPTY_TABLE","0 seconds"
"FT_T_PENM","0","0","EMPTY_TABLE","0 seconds"
"FT_T_PENR","7","7","COPY","02/08/2022 01:16:49","02/08/2022 01:16:52","2 seconds"
"FT_T_PEVD","0","0","EMPTY_TABLE","0 seconds"
"FT_T_PEVI","0","0","EMPTY_TABLE","0 seconds"
"FT_T_PEVL","0","0","EMPTY_TABLE","0 seconds"
"FT_T_PEVP","46044","46044","COPY","02/08/2022 01:17:05","02/08/2022 01:17:10","4 seconds"
"FT_T_PFAA","0","0","EMPTY_TABLE","0 seconds"
"FT_T_PFAC","0","0","EMPTY_TABLE","0 seconds"
"FT_T_PFAG","0","0","EMPTY_TABLE","0 seconds"
"FT_T_PFAM","0","0","EMPTY_TABLE","0 seconds"
"FT_T_PFAP","0","0","EMPTY_TABLE","0 seconds"
"FT_T_PFAR","0","0","EMPTY_TABLE","0 seconds"
"FT_T_PFCD","0","0","EMPTY_TABLE","0 seconds"
"FT_T_PFCH","0","0","EMPTY_TABLE","0 seconds"
"FT_T_PFCM","0","0","EMPTY_TABLE","0 seconds"
"FT_T_PFCV","0","0","EMPTY_TABLE","0 seconds"
"FT_T_PFCY","0","0","EMPTY_TABLE","0 seconds"
"FT_T_PFDC","0","0","EMPTY_TABLE","0 seconds"
"FT_T_PFDH","0","0","EMPTY_TABLE","0 seconds"
"FT_T_PFGP","0","0","EMPTY_TABLE","0 seconds"
"FT_T_PFGR","0","0","EMPTY_TABLE","0 seconds"
"FT_T_PFIC","0","0","EMPTY_TABLE","0 seconds"
"FT_T_PFIN","0","0","EMPTY_TABLE","0 seconds"
"FT_T_PFRT","0","0","EMPTY_TABLE","0 seconds"
"FT_T_PFTR","0","0","EMPTY_TABLE","0 seconds"
"FT_T_PGAR","0","0","EMPTY_TABLE","0 seconds"
"FT_T_PGIN","0","0","EMPTY_TABLE","0 seconds"
"FT_T_PGMD","80","80","COPY","02/08/2022 01:18:46","02/08/2022 01:18:49","2 seconds"
"FT_T_PGTB","23","23","COPY","02/08/2022 01:18:51","02/08/2022 01:18:53","2 seconds"
"FT_T_PIRL","0","0","EMPTY_TABLE","0 seconds"
"FT_T_PISR","0","0","EMPTY_TABLE","0 seconds"
"FT_T_PIYR","0","0","EMPTY_TABLE","0 seconds"
"FT_T_PJPN","0","0","EMPTY_TABLE","0 seconds"
"FT_T_PJPP","0","0","EMPTY_TABLE","0 seconds"
"FT_T_PKCT","0","0","EMPTY_TABLE","0 seconds"
"FT_T_PKDF","0","0","EMPTY_TABLE","0 seconds"
"FT_T_PKIN","0","0","EMPTY_TABLE","0 seconds"
"FT_T_PKRP","0","0","EMPTY_TABLE","0 seconds"
"FT_T_PKRQ","0","0","EMPTY_TABLE","0 seconds"
"FT_T_PLAR","0","0","EMPTY_TABLE","0 seconds"
"FT_T_PLMP","0","0","EMPTY_TABLE","0 seconds"
"FT_T_PLMR","0","0","EMPTY_TABLE","0 seconds"
"FT_T_PLNE","0","0","EMPTY_TABLE","0 seconds"
"FT_T_PLOG","0","0","EMPTY_TABLE","0 seconds"
"FT_T_PLST","0","0","EMPTY_TABLE","0 seconds"
"FT_T_PMLR","0","0","EMPTY_TABLE","0 seconds"
"FT_T_PMPP","0","0","EMPTY_TABLE","0 seconds"
"FT_T_PMUS","0","0","EMPTY_TABLE","0 seconds"
"FT_T_PNAC","0","0","EMPTY_TABLE","0 seconds"
"FT_T_PNCO","0","0","EMPTY_TABLE","0 seconds"
"FT_T_PNDF","0","0","EMPTY_TABLE","0 seconds"
"FT_T_PNPP","0","0","EMPTY_TABLE","0 seconds"
"FT_T_PNPT","0","0","EMPTY_TABLE","0 seconds"
"FT_T_PNSE","0","0","EMPTY_TABLE","0 seconds"
"FT_T_PNSG","0","0","EMPTY_TABLE","0 seconds"
"FT_T_POGP","0","0","EMPTY_TABLE","0 seconds"
"FT_T_POGR","0","0","EMPTY_TABLE","0 seconds"
"FT_T_POSH","0","0","EMPTY_TABLE","0 seconds"
"FT_T_POSJ","0","0","EMPTY_TABLE","0 seconds"
"FT_T_POSN","0","0","EMPTY_TABLE","0 seconds"
"FT_T_POSR","676","676","COPY","02/08/2022 01:20:41","02/08/2022 01:20:45","4 seconds"
"FT_T_POSV","0","0","EMPTY_TABLE","0 seconds"
"FT_T_PPCL","0","0","EMPTY_TABLE","0 seconds"
"FT_T_PPDC","0","0","EMPTY_TABLE","0 seconds"
"FT_T_PPDF","79842","79842","COPY","02/08/2022 01:20:57","02/08/2022 01:21:03","6 seconds"
"FT_T_PPDH","0","0","EMPTY_TABLE","0 seconds"
"FT_T_PPDS","0","0","EMPTY_TABLE","0 seconds"
"FT_T_PPED","0","0","EMPTY_TABLE","0 seconds"
"FT_T_PPEX","0","0","EMPTY_TABLE","0 seconds"
"FT_T_PPGP","0","0","EMPTY_TABLE","0 seconds"
"FT_T_PPGR","0","0","EMPTY_TABLE","0 seconds"
"FT_T_PPGU","0","0","EMPTY_TABLE","0 seconds"
"FT_T_PPID","0","0","EMPTY_TABLE","0 seconds"
"FT_T_PPLM","0","0","EMPTY_TABLE","0 seconds"
"FT_T_PPRL","0","0","EMPTY_TABLE","0 seconds"
"FT_T_PPRT","0","0","EMPTY_TABLE","0 seconds"
"FT_T_PPRY","0","0","EMPTY_TABLE","0 seconds"
"FT_T_PPSO","0","0","EMPTY_TABLE","0 seconds"
"FT_T_PPSS","0","0","EMPTY_TABLE","0 seconds"
"FT_T_PPST","0","0","EMPTY_TABLE","0 seconds"
"FT_T_PPTY","0","0","EMPTY_TABLE","0 seconds"
"FT_T_PPVL","0","0","EMPTY_TABLE","0 seconds"
"FT_T_PRAC","0","0","EMPTY_TABLE","0 seconds"
"FT_T_PRAG","0","0","EMPTY_TABLE","0 seconds"
"FT_T_PRAR","0","0","EMPTY_TABLE","0 seconds"
"FT_T_PRCA","0","0","EMPTY_TABLE","0 seconds"
"FT_T_PRCL","0","0","EMPTY_TABLE","0 seconds"
"FT_T_PRCN","0","0","EMPTY_TABLE","0 seconds"
"FT_T_PRCP","0","0","EMPTY_TABLE","0 seconds"
"FT_T_PRDE","0","0","EMPTY_TABLE","0 seconds"
"FT_T_PRER","0","0","EMPTY_TABLE","0 seconds"
"FT_T_PRFD","0","0","EMPTY_TABLE","0 seconds"
"FT_T_PRFH","0","0","EMPTY_TABLE","0 seconds"
"FT_T_PRFS","0","0","EMPTY_TABLE","0 seconds"
"FT_T_PRGC","0","0","EMPTY_TABLE","0 seconds"
"FT_T_PRGP","1312","1312","COPY","02/08/2022 01:23:18","02/08/2022 01:23:23","5 seconds"
"FT_T_PRGR","165","165","COPY","02/08/2022 01:23:28","02/08/2022 01:23:33","4 seconds"
"FT_T_PRGU","0","0","EMPTY_TABLE","0 seconds"
"FT_T_PRID","0","0","EMPTY_TABLE","0 seconds"
"FT_T_PRLP","0","0","EMPTY_TABLE","0 seconds"
"FT_T_PRMK","11","11","COPY","02/08/2022 01:23:43","02/08/2022 01:23:45","2 seconds"
"FT_T_PRMM","20","20","COPY","02/08/2022 01:23:47","02/08/2022 01:23:49","1 seconds"
"FT_T_PROD","0","0","EMPTY_TABLE","0 seconds"
"FT_T_PROP","0","0","EMPTY_TABLE","0 seconds"
"FT_T_PROS","0","0","EMPTY_TABLE","0 seconds"
"FT_T_PRPU","0","0","EMPTY_TABLE","0 seconds"
"FT_T_PRRG","0","0","EMPTY_TABLE","0 seconds"
"FT_T_PRRT","0","0","EMPTY_TABLE","0 seconds"
"FT_T_PRST","0","0","EMPTY_TABLE","0 seconds"
"FT_T_PRSV","0","0","EMPTY_TABLE","0 seconds"
"FT_T_PRTB","0","0","EMPTY_TABLE","0 seconds"
"FT_T_PRTR","0","0","EMPTY_TABLE","0 seconds"
"FT_T_PRTS","0","0","EMPTY_TABLE","0 seconds"
"FT_T_PRTY","21","21","COPY","02/08/2022 01:24:31","02/08/2022 01:24:33","2 seconds"
"FT_T_PRVA","0","0","EMPTY_TABLE","0 seconds"
"FT_T_PRVI","0","0","EMPTY_TABLE","0 seconds"
"FT_T_PRVL","0","0","EMPTY_TABLE","0 seconds"
"FT_T_PSBR","0","0","EMPTY_TABLE","0 seconds"
"FT_T_PSTA","0","0","EMPTY_TABLE","0 seconds"
"FT_T_PTDF","86","86","COPY","02/08/2022 01:24:51","02/08/2022 01:24:54","2 seconds"
"FT_T_PTQM","0","0","EMPTY_TABLE","0 seconds"
"FT_T_PTRC","0","0","EMPTY_TABLE","0 seconds"
"FT_T_PVAC","0","0","EMPTY_TABLE","0 seconds"
"FT_T_PVCO","0","0","EMPTY_TABLE","0 seconds"
"FT_T_PVSS","0","0","EMPTY_TABLE","0 seconds"
"FT_T_PXCD","0","0","EMPTY_TABLE","0 seconds"
"FT_T_PXDF","0","0","EMPTY_TABLE","0 seconds"
"FT_T_PXGD","0","0","EMPTY_TABLE","0 seconds"
"FT_T_PXGP","0","0","EMPTY_TABLE","0 seconds"
"FT_T_PXIR","0","0","EMPTY_TABLE","0 seconds"
"FT_T_PYOP","0","0","EMPTY_TABLE","0 seconds"
"FT_T_PYSA","0","0","EMPTY_TABLE","0 seconds"
"FT_T_RBDP","0","0","EMPTY_TABLE","0 seconds"
"FT_T_RBDS","0","0","EMPTY_TABLE","0 seconds"
"FT_T_RCFA","0","0","EMPTY_TABLE","0 seconds"
"FT_T_RCFG","0","0","EMPTY_TABLE","0 seconds"
"FT_T_RCGR","0","0","EMPTY_TABLE","0 seconds"
"FT_T_RCPF","0","0","EMPTY_TABLE","0 seconds"
"FT_T_RDEX","0","0","EMPTY_TABLE","0 seconds"
"FT_T_RDPD","0","0","EMPTY_TABLE","0 seconds"
"FT_T_RDPR","0","0","EMPTY_TABLE","0 seconds"
"FT_T_REOB","0","0","EMPTY_TABLE","0 seconds"
"FT_T_REVO","0","0","EMPTY_TABLE","0 seconds"
"FT_T_RFQQ","0","0","EMPTY_TABLE","0 seconds"
"FT_T_RGAD","0","0","EMPTY_TABLE","0 seconds"
"FT_T_RGAL","0","0","EMPTY_TABLE","0 seconds"
"FT_T_RGAM","0","0","EMPTY_TABLE","0 seconds"
"FT_T_RGAT","6","6","COPY","02/08/2022 01:26:41","02/08/2022 01:26:43","2 seconds"
"FT_T_RGCH","80664","80664","COPY","02/08/2022 01:26:46","02/08/2022 01:26:54","8 seconds"
"FT_T_RGEX","0","0","EMPTY_TABLE","0 seconds"
"FT_T_RGID","0","0","EMPTY_TABLE","0 seconds"
"FT_T_RGIS","0","0","EMPTY_TABLE","0 seconds"
"FT_T_RGPD","0","0","EMPTY_TABLE","0 seconds"
"FT_T_RGRD","0","0","EMPTY_TABLE","0 seconds"
"FT_T_RGRG","0","0","EMPTY_TABLE","0 seconds"
"FT_T_RGRL","17","17","COPY","02/08/2022 01:27:19","02/08/2022 01:27:21","2 seconds"
"FT_T_RGRM","0","0","EMPTY_TABLE","0 seconds"
"FT_T_RGRP","0","0","EMPTY_TABLE","0 seconds"
"FT_T_RGRR","0","0","EMPTY_TABLE","0 seconds"
"FT_T_RGRT","0","0","EMPTY_TABLE","0 seconds"
"FT_T_RGSC","0","0","EMPTY_TABLE","0 seconds"
"FT_T_RGST","0","0","EMPTY_TABLE","0 seconds"
"FT_T_RGTD","0","0","EMPTY_TABLE","0 seconds"
"FT_T_RGTN","0","0","EMPTY_TABLE","0 seconds"
"FT_T_RICS","0","0","EMPTY_TABLE","0 seconds"
"FT_T_RIDF","108797","108797","COPY","02/08/2022 01:27:52","02/08/2022 01:27:59","6 seconds"
"FT_T_RISD","0","0","EMPTY_TABLE","0 seconds"
"FT_T_RISR","0","0","EMPTY_TABLE","0 seconds"
"FT_T_RISS","107482","107482","COPY","02/08/2022 01:28:08","02/08/2022 01:28:15","6 seconds"
"FT_T_RIST","4046","4046","COPY","02/08/2022 01:28:16","02/08/2022 01:28:20","3 seconds"
"FT_T_RIXR","139981","139981","COPY","02/08/2022 01:28:22","02/08/2022 01:28:28","6 seconds"
"FT_T_RKBT","0","0","EMPTY_TABLE","0 seconds"
"FT_T_RKCC","0","0","EMPTY_TABLE","0 seconds"
"FT_T_RKCG","0","0","EMPTY_TABLE","0 seconds"
"FT_T_RKFG","0","0","EMPTY_TABLE","0 seconds"
"FT_T_RKFI","0","0","EMPTY_TABLE","0 seconds"
"FT_T_RKFP","0","0","EMPTY_TABLE","0 seconds"
"FT_T_RKFR","0","0","EMPTY_TABLE","0 seconds"
"FT_T_RKFT","0","0","EMPTY_TABLE","0 seconds"
"FT_T_RKGJ","0","0","EMPTY_TABLE","0 seconds"
"FT_T_RKHB","0","0","EMPTY_TABLE","0 seconds"
"FT_T_RKLG","0","0","EMPTY_TABLE","0 seconds"
"FT_T_RKLM","0","0","EMPTY_TABLE","0 seconds"
"FT_T_RKLU","0","0","EMPTY_TABLE","0 seconds"
"FT_T_RKMC","0","0","EMPTY_TABLE","0 seconds"
"FT_T_RKMS","0","0","EMPTY_TABLE","0 seconds"
"FT_T_RKPC","0","0","EMPTY_TABLE","0 seconds"
"FT_T_RKPD","0","0","EMPTY_TABLE","0 seconds"
"FT_T_RKPL","0","0","EMPTY_TABLE","0 seconds"
"FT_T_RKPM","0","0","EMPTY_TABLE","0 seconds"
"FT_T_RKPS","0","0","EMPTY_TABLE","0 seconds"
"FT_T_RKSA","0","0","EMPTY_TABLE","0 seconds"
"FT_T_RKSC","0","0","EMPTY_TABLE","0 seconds"
"FT_T_RKSD","0","0","EMPTY_TABLE","0 seconds"
"FT_T_RKSE","0","0","EMPTY_TABLE","0 seconds"
"FT_T_RKSG","0","0","EMPTY_TABLE","0 seconds"
"FT_T_RKSP","0","0","EMPTY_TABLE","0 seconds"
"FT_T_RKTQ","0","0","EMPTY_TABLE","0 seconds"
"FT_T_RKVA","0","0","EMPTY_TABLE","0 seconds"
"FT_T_RKWT","0","0","EMPTY_TABLE","0 seconds"
"FT_T_RLDF","0","0","EMPTY_TABLE","0 seconds"
"FT_T_RLEI","0","0","EMPTY_TABLE","0 seconds"
"FT_T_RLEL","0","0","EMPTY_TABLE","0 seconds"
"FT_T_RLEM","0","0","EMPTY_TABLE","0 seconds"
"FT_T_RLIP","0","0","EMPTY_TABLE","0 seconds"
"FT_T_RLPM","0","0","EMPTY_TABLE","0 seconds"
"FT_T_RLPV","0","0","EMPTY_TABLE","0 seconds"
"FT_T_RLSC","0","0","EMPTY_TABLE","0 seconds"
"FT_T_RLSH","0","0","EMPTY_TABLE","0 seconds"
"FT_T_RLSI","0","0","EMPTY_TABLE","0 seconds"
"FT_T_RLSP","0","0","EMPTY_TABLE","0 seconds"
"FT_T_RLSV","0","0","EMPTY_TABLE","0 seconds"
"FT_T_RMAD","0","0","EMPTY_TABLE","0 seconds"
"FT_T_RMEI","0","0","EMPTY_TABLE","0 seconds"
"FT_T_RMOP","0","0","EMPTY_TABLE","0 seconds"
"FT_T_RMPE","0","0","EMPTY_TABLE","0 seconds"
"FT_T_RMPM","0","0","EMPTY_TABLE","0 seconds"
"FT_T_RMPS","0","0","EMPTY_TABLE","0 seconds"
"FT_T_RMPY","0","0","EMPTY_TABLE","0 seconds"
"FT_T_RMSA","0","0","EMPTY_TABLE","0 seconds"
"FT_T_RMSC","0","0","EMPTY_TABLE","0 seconds"
"FT_T_RMSI","0","0","EMPTY_TABLE","0 seconds"
"FT_T_RMSP","0","0","EMPTY_TABLE","0 seconds"
"FT_T_RMTS","0","0","EMPTY_TABLE","0 seconds"
"FT_T_ROVT","0","0","EMPTY_TABLE","0 seconds"
"FT_T_RPAD","0","0","EMPTY_TABLE","0 seconds"
"FT_T_RPIN","0","0","EMPTY_TABLE","0 seconds"
"FT_T_RPJA","0","0","EMPTY_TABLE","0 seconds"
"FT_T_RPRA","0","0","EMPTY_TABLE","0 seconds"
"FT_T_RQCT","0","0","EMPTY_TABLE","0 seconds"
"FT_T_RQEV","0","0","EMPTY_TABLE","0 seconds"
"FT_T_RQID","0","0","EMPTY_TABLE","0 seconds"
"FT_T_RQPT","0","0","EMPTY_TABLE","0 seconds"
"FT_T_RSCP","0","0","EMPTY_TABLE","0 seconds"
"FT_T_RSEN","0","0","EMPTY_TABLE","0 seconds"
"FT_T_RSFI","0","0","EMPTY_TABLE","0 seconds"
"FT_T_RSGA","0","0","EMPTY_TABLE","0 seconds"
"FT_T_RSHT","0","0","EMPTY_TABLE","0 seconds"
"FT_T_RSIG","0","0","EMPTY_TABLE","0 seconds"
"FT_T_RSIP","0","0","EMPTY_TABLE","0 seconds"
"FT_T_RSME","0","0","EMPTY_TABLE","0 seconds"
"FT_T_RSRG","0","0","EMPTY_TABLE","0 seconds"
"FT_T_RSUB","0","0","EMPTY_TABLE","0 seconds"
"FT_T_RTNG","764","764","COPY","02/08/2022 01:32:12","02/08/2022 01:32:15","2 seconds"
"FT_T_RTOP","0","0","EMPTY_TABLE","0 seconds"
"FT_T_RTQL","0","0","EMPTY_TABLE","0 seconds"
"FT_T_RTTR","0","0","EMPTY_TABLE","0 seconds"
"FT_T_RTVL","2521","2521","COPY","02/08/2022 01:32:28","02/08/2022 01:32:31","3 seconds"
"FT_T_RVAR","0","0","EMPTY_TABLE","0 seconds"
"FT_T_RVOP","0","0","EMPTY_TABLE","0 seconds"
"FT_T_RVPS","0","0","EMPTY_TABLE","0 seconds"
"FT_T_RVXR","0","0","EMPTY_TABLE","0 seconds"
"FT_T_SACR","0","0","EMPTY_TABLE","0 seconds"
"FT_T_SAID","0","0","EMPTY_TABLE","0 seconds"
"FT_T_SAPD","0","0","EMPTY_TABLE","0 seconds"
"FT_T_SBXJ","0","0","EMPTY_TABLE","0 seconds"
"FT_T_SCAI","2","2","COPY","02/08/2022 01:32:59","02/08/2022 01:33:02","2 seconds"
"FT_T_SCCM","0","0","EMPTY_TABLE","0 seconds"
"FT_T_SCDF","15","15","COPY","02/08/2022 01:33:07","02/08/2022 01:33:09","2 seconds"
"FT_T_SCDT","0","0","EMPTY_TABLE","0 seconds"
"FT_T_SCHP","17","17","COPY","02/08/2022 01:33:14","02/08/2022 01:33:16","1 seconds"
"FT_T_SCIN","0","0","EMPTY_TABLE","0 seconds"
"FT_T_SCIP","0","0","EMPTY_TABLE","0 seconds"
"FT_T_SCIS","0","0","EMPTY_TABLE","0 seconds"
"FT_T_SCMO","0","0","EMPTY_TABLE","0 seconds"
"FT_T_SCRD","0","0","EMPTY_TABLE","0 seconds"
"FT_T_SCRW","0","0","EMPTY_TABLE","0 seconds"
"FT_T_SCSP","0","0","EMPTY_TABLE","0 seconds"
"FT_T_SCTX","14445","14445","COPY","02/08/2022 01:33:39","02/08/2022 01:33:42","3 seconds"
"FT_T_SEGV","0","0","EMPTY_TABLE","0 seconds"
"FT_T_SEVT","0","0","EMPTY_TABLE","0 seconds"
"FT_T_SHST","0","0","EMPTY_TABLE","0 seconds"
"FT_T_SLAR","0","0","EMPTY_TABLE","0 seconds"
"FT_T_SLND","0","0","EMPTY_TABLE","0 seconds"
"FT_T_SLOC","0","0","EMPTY_TABLE","0 seconds"
"FT_T_SLSC","6","6","COPY","02/08/2022 01:34:02","02/08/2022 01:34:04","1 seconds"
"FT_T_SNCH","0","0","EMPTY_TABLE","0 seconds"
"FT_T_SNDE","0","0","EMPTY_TABLE","0 seconds"
"FT_T_SNFM","0","0","EMPTY_TABLE","0 seconds"
"FT_T_SNPA","0","0","EMPTY_TABLE","0 seconds"
"FT_T_SNPC","0","0","EMPTY_TABLE","0 seconds"
"FT_T_SNPO","0","0","EMPTY_TABLE","0 seconds"
"FT_T_SNPR","0","0","EMPTY_TABLE","0 seconds"
"FT_T_SNPS","0","0","EMPTY_TABLE","0 seconds"
"FT_T_SNRC","0","0","EMPTY_TABLE","0 seconds"
"FT_T_SNRE","0","0","EMPTY_TABLE","0 seconds"
"FT_T_SNUM","0","0","EMPTY_TABLE","0 seconds"
"FT_T_SPAD","0","0","EMPTY_TABLE","0 seconds"
"FT_T_SPAL","0","0","EMPTY_TABLE","0 seconds"
"FT_T_SPAQ","0","0","EMPTY_TABLE","0 seconds"
"FT_T_SPAS","0","0","EMPTY_TABLE","0 seconds"
"FT_T_SPCR","0","0","EMPTY_TABLE","0 seconds"
"FT_T_SPCT","0","0","EMPTY_TABLE","0 seconds"
"FT_T_SPDC","0","0","EMPTY_TABLE","0 seconds"
"FT_T_SPED","0","0","EMPTY_TABLE","0 seconds"
"FT_T_SPEL","0","0","EMPTY_TABLE","0 seconds"
"FT_T_SPEN","0","0","EMPTY_TABLE","0 seconds"
"FT_T_SPES","0","0","EMPTY_TABLE","0 seconds"
"FT_T_SPIC","0","0","EMPTY_TABLE","0 seconds"
"FT_T_SPID","0","0","EMPTY_TABLE","0 seconds"
"FT_T_SPIE","0","0","EMPTY_TABLE","0 seconds"
"FT_T_SPIL","0","0","EMPTY_TABLE","0 seconds"
"FT_T_SPIN","0","0","EMPTY_TABLE","0 seconds"
"FT_T_SPIS","0","0","EMPTY_TABLE","0 seconds"
"FT_T_SPRA","0","0","EMPTY_TABLE","0 seconds"
"FT_T_SPRD","0","0","EMPTY_TABLE","0 seconds"
"FT_T_SPRF","55","55","COPY","02/08/2022 01:35:41","02/08/2022 01:35:43","1 seconds"
"FT_T_SPRI","0","0","EMPTY_TABLE","0 seconds"
"FT_T_SPRL","0","0","EMPTY_TABLE","0 seconds"
"FT_T_SPRQ","0","0","EMPTY_TABLE","0 seconds"
"FT_T_SPRT","0","0","EMPTY_TABLE","0 seconds"
"FT_T_SPRX","0","0","EMPTY_TABLE","0 seconds"
"FT_T_SPSD","0","0","EMPTY_TABLE","0 seconds"
"FT_T_SPSL","0","0","EMPTY_TABLE","0 seconds"
"FT_T_SRLE","19","19","COPY","02/08/2022 01:36:06","02/08/2022 01:36:08","1 seconds"
"FT_T_SRPP","67","67","COPY","02/08/2022 01:36:09","02/08/2022 01:36:12","2 seconds"
"FT_T_SSAC","0","0","EMPTY_TABLE","0 seconds"
"FT_T_SSCI","0","0","EMPTY_TABLE","0 seconds"
"FT_T_SSCM","0","0","EMPTY_TABLE","0 seconds"
"FT_T_SSDL","0","0","EMPTY_TABLE","0 seconds"
"FT_T_SSIA","0","0","EMPTY_TABLE","0 seconds"
"FT_T_SSID","3","3","COPY","02/08/2022 01:36:31","02/08/2022 01:36:33","1 seconds"
"FT_T_SSIR","0","0","EMPTY_TABLE","0 seconds"
"FT_T_SSIS","0","0","EMPTY_TABLE","0 seconds"
"FT_T_SSST","0","0","EMPTY_TABLE","0 seconds"
"FT_T_STDF","1349","1349","COPY","02/08/2022 01:36:44","02/08/2022 01:36:47","3 seconds"
"FT_T_STDV","0","0","EMPTY_TABLE","0 seconds"
"FT_T_STFD","0","0","EMPTY_TABLE","0 seconds"
"FT_T_STPA","0","0","EMPTY_TABLE","0 seconds"
"FT_T_STPC","0","0","EMPTY_TABLE","0 seconds"
"FT_T_STPL","0","0","EMPTY_TABLE","0 seconds"
"FT_T_STRA","0","0","EMPTY_TABLE","0 seconds"
"FT_T_STTL","0","0","EMPTY_TABLE","0 seconds"
"FT_T_STUP","0","0","EMPTY_TABLE","0 seconds"
"FT_T_SUBD","0","0","EMPTY_TABLE","0 seconds"
"FT_T_SUCA","0","0","EMPTY_TABLE","0 seconds"
"FT_T_SUCL","0","0","EMPTY_TABLE","0 seconds"
"FT_T_SUCR","0","0","EMPTY_TABLE","0 seconds"
"FT_T_SUER","0","0","EMPTY_TABLE","0 seconds"
"FT_T_SUFR","0","0","EMPTY_TABLE","0 seconds"
"FT_T_SUGP","0","0","EMPTY_TABLE","0 seconds"
"FT_T_SUGR","0","0","EMPTY_TABLE","0 seconds"
"FT_T_SUGU","0","0","EMPTY_TABLE","0 seconds"
"FT_T_SUID","0","0","EMPTY_TABLE","0 seconds"
"FT_T_SUOP","0","0","EMPTY_TABLE","0 seconds"
"FT_T_SUPF","0","0","EMPTY_TABLE","0 seconds"
"FT_T_SUPL","0","0","EMPTY_TABLE","0 seconds"
"FT_T_SUPR","0","0","EMPTY_TABLE","0 seconds"
"FT_T_SUST","0","0","EMPTY_TABLE","0 seconds"
"FT_T_SVDF","0","0","EMPTY_TABLE","0 seconds"
"FT_T_SWCH","1981","1981","COPY","02/08/2022 01:38:07","02/08/2022 01:38:11","4 seconds"
"FT_T_SWRT","0","0","EMPTY_TABLE","0 seconds"
"FT_T_TAXF","0","0","EMPTY_TABLE","0 seconds"
"FT_T_TBAP","3822","3822","COPY","02/08/2022 01:38:20","02/08/2022 01:38:23","2 seconds"
"FT_T_TBCC","0","0","EMPTY_TABLE","0 seconds"
"FT_T_TBRC","0","0","EMPTY_TABLE","0 seconds"
"FT_T_TCDF","18","18","COPY","02/08/2022 01:38:32","02/08/2022 01:38:34","2 seconds"
"FT_T_TCTP","0","0","EMPTY_TABLE","0 seconds"
"FT_T_TCVA","0","0","EMPTY_TABLE","0 seconds"
"FT_T_TDRC","0","0","EMPTY_TABLE","0 seconds"
"FT_T_TDRD","0","0","EMPTY_TABLE","0 seconds"
"FT_T_TECG","0","0","EMPTY_TABLE","0 seconds"
"FT_T_TECL","563","563","COPY","02/08/2022 01:38:56","02/08/2022 01:38:58","2 seconds"
"FT_T_TEDF","915","915","COPY","02/08/2022 01:39:00","02/08/2022 01:39:02","2 seconds"
"FT_T_TEDP","0","0","EMPTY_TABLE","0 seconds"
"FT_T_TEGP","0","0","EMPTY_TABLE","0 seconds"
"FT_T_TERS","218","218","COPY","02/08/2022 01:39:11","02/08/2022 01:39:13","2 seconds"
"FT_T_TFCT","0","0","EMPTY_TABLE","0 seconds"
"FT_T_TFDF","329","329","COPY","02/08/2022 01:39:19","02/08/2022 01:39:22","2 seconds"
"FT_T_THID","0","0","EMPTY_TABLE","0 seconds"
"FT_T_THRT","0","0","EMPTY_TABLE","0 seconds"
"FT_T_TICK","0","0","EMPTY_TABLE","0 seconds"
"FT_T_TLST","0","0","EMPTY_TABLE","0 seconds"
"FT_T_TNCD","0","0","EMPTY_TABLE","0 seconds"
"FT_T_TNLE","0","0","EMPTY_TABLE","0 seconds"
"FT_T_TRAK","0","0","EMPTY_TABLE","0 seconds"
"FT_T_TRCL","246","246","COPY","02/08/2022 01:39:51","02/08/2022 01:39:53","2 seconds"
"FT_T_TRCM","0","0","EMPTY_TABLE","0 seconds"
"FT_T_TRCP","0","0","EMPTY_TABLE","0 seconds"
"FT_T_TRDC","0","0","EMPTY_TABLE","0 seconds"
"FT_T_TRDD","0","0","EMPTY_TABLE","0 seconds"
"FT_T_TRDF","430","430","COPY","02/08/2022 01:40:10","02/08/2022 01:40:12","2 seconds"
"FT_T_TRDL","0","0","EMPTY_TABLE","0 seconds"
"FT_T_TRDT","0","0","EMPTY_TABLE","0 seconds"
"FT_T_TREC","0","0","EMPTY_TABLE","0 seconds"
"FT_T_TRET","0","0","EMPTY_TABLE","0 seconds"
"FT_T_TRID","0","0","EMPTY_TABLE","0 seconds"
"FT_T_TRLM","0","0","EMPTY_TABLE","0 seconds"
"FT_T_TRMC","0","0","EMPTY_TABLE","0 seconds"
"FT_T_TRMP","0","0","EMPTY_TABLE","0 seconds"
"FT_T_TRMS","0","0","EMPTY_TABLE","0 seconds"
"FT_T_TRNM","396","396","COPY","02/08/2022 01:40:45","02/08/2022 01:40:48","2 seconds"
"FT_T_TRNR","246","246","COPY","02/08/2022 01:40:50","02/08/2022 01:40:53","2 seconds"
"FT_T_TROV","0","0","EMPTY_TABLE","0 seconds"
"FT_T_TRSP","242","242","COPY","02/08/2022 01:40:59","02/08/2022 01:41:01","2 seconds"
"FT_T_TRSS","1934","1934","COPY","02/08/2022 01:41:03","02/08/2022 01:41:05","2 seconds"
"FT_T_TRST","10192","10192","COPY","02/08/2022 01:41:07","02/08/2022 01:41:11","3 seconds"
"FT_T_TRTC","0","0","EMPTY_TABLE","0 seconds"
"FT_T_TRXD","0","0","EMPTY_TABLE","0 seconds"
"FT_T_TSBT","656","656","COPY","02/08/2022 01:41:20","02/08/2022 01:41:22","2 seconds"
"FT_T_TSDF","330","330","COPY","02/08/2022 01:41:24","02/08/2022 01:41:27","2 seconds"
"FT_T_TTAD","1809","1809","COPY","02/08/2022 01:41:28","02/08/2022 01:41:31","2 seconds"
"FT_T_TTCH","2047","2047","COPY","02/08/2022 01:41:33","02/08/2022 01:41:37","3 seconds"
"FT_T_TTRL","0","0","EMPTY_TABLE","0 seconds"
"FT_T_TVCL","0","0","EMPTY_TABLE","0 seconds"
"FT_T_TXCD","0","0","EMPTY_TABLE","0 seconds"
"FT_T_TXDR","0","0","EMPTY_TABLE","0 seconds"
"FT_T_TXEM","0","0","EMPTY_TABLE","0 seconds"
"FT_T_TXFA","0","0","EMPTY_TABLE","0 seconds"
"FT_T_TXRT","0","0","EMPTY_TABLE","0 seconds"
"FT_T_TXTY","0","0","EMPTY_TABLE","0 seconds"
"FT_T_TXWH","0","0","EMPTY_TABLE","0 seconds"
"FT_T_TZDF","63","63","COPY","02/08/2022 01:42:09","02/08/2022 01:42:12","2 seconds"
"FT_T_TZPD","57","57","COPY","02/08/2022 01:42:13","02/08/2022 01:42:15","1 seconds"
"FT_T_UCAT","1","1","COPY","02/08/2022 01:42:17","02/08/2022 01:42:19","1 seconds"
"FT_T_UCPC","0","0","EMPTY_TABLE","0 seconds"
"FT_T_UICC","0","0","EMPTY_TABLE","0 seconds"
"FT_T_UIDT","0","0","EMPTY_TABLE","0 seconds"
"FT_T_UNDM","0","0","EMPTY_TABLE","0 seconds"
"FT_T_UNIN","0","0","EMPTY_TABLE","0 seconds"
"FT_T_UPRM","0","0","EMPTY_TABLE","0 seconds"
"FT_T_USTA","0","0","EMPTY_TABLE","0 seconds"
"FT_T_USTS","0","0","EMPTY_TABLE","0 seconds"
"FT_T_UWCG","0","0","EMPTY_TABLE","0 seconds"
"FT_T_UWCH","129717","129717","COPY","02/08/2022 01:42:54","02/08/2022 01:43:03","8 seconds"
"FT_T_UWRG","0","0","EMPTY_TABLE","0 seconds"
"FT_T_UWST","16718","16718","COPY","02/08/2022 01:43:08","02/08/2022 01:43:12","4 seconds"
"FT_T_UWYR","0","0","EMPTY_TABLE","0 seconds"
"FT_T_VALA","0","0","EMPTY_TABLE","0 seconds"
"FT_T_VALN","0","0","EMPTY_TABLE","0 seconds"
"FT_T_VALO","3894","3894","COPY","02/08/2022 01:43:23","02/08/2022 01:43:25","2 seconds"
"FT_T_VALR","955","955","COPY","02/08/2022 01:43:27","02/08/2022 01:43:29","1 seconds"
"FT_T_VCBP","2","2","COPY","02/08/2022 01:43:31","02/08/2022 01:43:33","1 seconds"
"FT_T_VCRS","7618","7618","COPY","02/08/2022 01:43:34","02/08/2022 01:43:37","2 seconds"
"FT_T_VDAN","0","0","EMPTY_TABLE","0 seconds"
"FT_T_VDCD","0","0","EMPTY_TABLE","0 seconds"
"FT_T_VDCP","0","0","EMPTY_TABLE","0 seconds"
"FT_T_VDCR","0","0","EMPTY_TABLE","0 seconds"
"FT_T_VDED","0","0","EMPTY_TABLE","0 seconds"
"FT_T_VDEV","0","0","EMPTY_TABLE","0 seconds"
"FT_T_VDPK","0","0","EMPTY_TABLE","0 seconds"
"FT_T_VFCR","0","0","EMPTY_TABLE","0 seconds"
"FT_T_VFSD","0","0","EMPTY_TABLE","0 seconds"
"FT_T_VFSL","0","0","EMPTY_TABLE","0 seconds"
"FT_T_VHDF","0","0","EMPTY_TABLE","0 seconds"
"FT_T_VHSR","0","0","EMPTY_TABLE","0 seconds"
"FT_T_VLOP","0","0","EMPTY_TABLE","0 seconds"
"FT_T_VNRD","0","0","EMPTY_TABLE","0 seconds"
"FT_T_VRCD","0","0","EMPTY_TABLE","0 seconds"
"FT_T_VRCT","0","0","EMPTY_TABLE","0 seconds"
"FT_T_VRDF","0","0","EMPTY_TABLE","0 seconds"
"FT_T_VREQ","0","0","EMPTY_TABLE","0 seconds"
"FT_T_VRFG","0","0","EMPTY_TABLE","0 seconds"
"FT_T_VRFP","0","0","EMPTY_TABLE","0 seconds"
"FT_T_VRPM","0","0","EMPTY_TABLE","0 seconds"
"FT_T_VRSC","0","0","EMPTY_TABLE","0 seconds"
"FT_T_VRST","0","0","EMPTY_TABLE","0 seconds"
"FT_T_VRWN","0","0","EMPTY_TABLE","0 seconds"
"FT_T_WSTA","0","0","EMPTY_TABLE","0 seconds"
"FT_T_WSUS","0","0","EMPTY_TABLE","0 seconds"
"FT_T_XCFG","36","36","COPY","02/08/2022 01:44:57","02/08/2022 01:44:59","1 seconds"
"FT_T_XDTD","2","2","COPY","02/08/2022 01:45:01","02/08/2022 01:45:03","2 seconds"
"FT_T_XELM","49424","49424","COPY","02/08/2022 01:45:05","02/08/2022 01:45:09","3 seconds"
"FT_T_XMGS","2","2","COPY","02/08/2022 01:45:10","02/08/2022 01:45:12","1 seconds"
"FT_T_XMSG","2","2","COPY","02/08/2022 01:45:14","02/08/2022 01:45:16","1 seconds"
"FT_T_XMSP","0","0","EMPTY_TABLE","0 seconds"
"FT_T_XSEG","1965","1965","COPY","02/08/2022 01:45:20","02/08/2022 01:45:22","2 seconds"
"FT_T_XSTO","1962","1962","COPY","02/08/2022 01:45:24","02/08/2022 01:45:26","2 seconds"
"FT_T_YRST","0","0","EMPTY_TABLE","0 seconds"
"OID","1","1","COPY","02/08/2022 01:45:31","02/08/2022 01:45:32","1 seconds"
"TEMPEVOID","0","0","EMPTY_TABLE","0 seconds"
"TEMPINSTR","0","0","EMPTY_TABLE","0 seconds"
"TEMPOBA","0","0","EMPTY_TABLE","0 seconds"
"TEMPOBA2","0","0","EMPTY_TABLE","0 seconds"
