INSERT INTO FT_T_FCDF
(FLD_DATA_CL_ID, LAST_CHG_TMS, LAST_CHG_USR_ID, ALLOW_MOD_IND, DATA_TYP, FLD_LEN, FLD_SCALE_LEN, MN_LEN, FILL_CHAR, JUST_TYP, CL_NME, CL_DESC, DSPY_DATA_TYP, DSPY_INT_NUM, DSPY_DEC_NUM, INFO_TYP_NME)
VALUES('DATATEXT', SYSDATE(), 'GS:MSYS', 'N', 'BLOB', 32000, NULL, 0, NULL, 'L', 'Data Text', 'LONG RAW', NULL, NULL, NULL, 'DATA_TEXT');

INSERT INTO FT_T_TBDF (TBL_ID , LAST_CHG_TMS , LAST_CHG_USR_ID , DATA_MODL_VER_ID , TBL_NME , TBL_DESC , LAST_CMP_TMS , TBL_DDL_NME , TBL_CLSF_TYP , TBL_PROP_TO_NME , TBL_SUBJECT_AREA_NME , TBL_PRIN_APP_NME , TBL_OWNER_NME , TBL_DATA_OWNER_NME , TBL_DATA_TYP , TBL_DATA_UPD_RULE_TYP , TBL_OBSOLETE_IND , VDDB_SHARED_TBL_IND , PRODCTN_FIRST_INSTALL_TYP , PRODCTN_UPD_TYP , TBL_VIEW_NME , DATA_MODL_ID , TBL_CMNT_TXT , EST_TBL_SIZE_IND , LOGGING_IND , ORACLE_INIT_TRANS_NUM , ORACLE_PCT_FREE_NUM , DW_STANDALONE_IND , CDC_ENABLED_IND , AUDIT_ENABLED_IND , STAGING_ENABLED_IND , NON_RELATIONAL_TYP , LOCK_OCCUR_IND , BI_TEMPORAL_IND ) VALUES ('RGM1','10-JAN-17','MHICSTM','8.4.1.1','FT_T_RGM1','Regime Table',NULL,'FT_T_RGM1','X',NULL,NULL,NULL,NULL,NULL,NULL,NULL,NULL,NULL,NULL,NULL,NULL,NULL,NULL,NULL,NULL,NULL,NULL,NULL,NULL,NULL,NULL,NULL,NULL,NULL);

 
INSERT INTO FT_T_FLDF (FLD_ID , LAST_CHG_TMS , LAST_CHG_USR_ID , FLD_DATA_CL_ID , FLD_TAG_TYP , PRNT_FLD_ID , FLD_DFLT_METH_NME , FLD_EDIT_METH_NME , DDL_NME , FILL_CHAR , JUST_TYP , CTL_TOT_ELIG_IND , FLD_USED_BY_TYP , DMN_TBL_TYP , FLD_DFLT_VAL_TXT , FLD_NME , FLD_DESC , DSPY_DATA_TYP , DSPY_INT_NUM , DSPY_DEC_NUM , DSPY_CAPTION_TXT , MN_VAL_CAMT , MX_VAL_CAMT , FLD_DFLT_CAMT) SELECT '00161254','19-NOV-24','GS:MSYS','DSRCID',NULL,NULL,NULL,NULL,'DATA_SRC_ID',NULL,'L',NULL,'T',NULL,NULL,'Data Source ID','This field uniquely identifies the source that provided the data.  This is typically a vendor.  It is recommended that a unique mnemonic be supplied (for example, "TELEKURS" and "EXTEL") in order to facilitate the identification of the data provider.','TEXT',NULL,NULL,'Data Source ID',NULL,NULL,NULL FROM DUAL WHERE NOT EXISTS (SELECT 1 FROM FT_T_FLDF WHERE FLD_ID= '00161254');

INSERT INTO FT_T_FLDF (FLD_ID , LAST_CHG_TMS , LAST_CHG_USR_ID , FLD_DATA_CL_ID , FLD_TAG_TYP , PRNT_FLD_ID , FLD_DFLT_METH_NME , FLD_EDIT_METH_NME , DDL_NME , FILL_CHAR , JUST_TYP , CTL_TOT_ELIG_IND , FLD_USED_BY_TYP , DMN_TBL_TYP , FLD_DFLT_VAL_TXT , FLD_NME , FLD_DESC , DSPY_DATA_TYP , DSPY_INT_NUM , DSPY_DEC_NUM , DSPY_CAPTION_TXT , MN_VAL_CAMT , MX_VAL_CAMT , FLD_DFLT_CAMT) SELECT '00161255','19-NOV-24','GS:MSYS','DSTATTYP',NULL,NULL,NULL,NULL,'DATA_STAT_TYP',NULL,'L',NULL,'T',NULL,NULL,'Data Status','This field specifies the status of the data within this row of the table.  Normally the value of this field will be "null" indicating that the data is active.  Depending upon how a specific data vendor supplies data, other possible values include "DELETED", "REPLACED".  It is also possible to use this field to indicate the verification status of the data in this table row.  In that case possible values include "UNVERIFIED" and "VERIFIED".','TEXT',NULL,NULL,'Data Status',NULL,NULL,NULL FROM DUAL WHERE NOT EXISTS (SELECT 1 FROM FT_T_FLDF WHERE FLD_ID= '00161255');

INSERT INTO FT_T_FLDF (FLD_ID , LAST_CHG_TMS , LAST_CHG_USR_ID , FLD_DATA_CL_ID , FLD_TAG_TYP , PRNT_FLD_ID , FLD_DFLT_METH_NME , FLD_EDIT_METH_NME , DDL_NME , FILL_CHAR , JUST_TYP , CTL_TOT_ELIG_IND , FLD_USED_BY_TYP , DMN_TBL_TYP , FLD_DFLT_VAL_TXT , FLD_NME , FLD_DESC , DSPY_DATA_TYP , DSPY_INT_NUM , DSPY_DEC_NUM , DSPY_CAPTION_TXT , MN_VAL_CAMT , MX_VAL_CAMT , FLD_DFLT_CAMT) SELECT '00007450','19-NOV-24','GS:MSYS','DATETIME',NULL,NULL,NULL,NULL,'END_TMS',NULL,'L',NULL,'T',NULL,NULL,'End Date/Time','This field specifies the date and time after which the table occurrence is no longer active.  A value of "null" in this field indicates that an End Date/Time is not given and that the table occurrence is active.  The End Date/Time is used in conjunction with the Start Date/Time to determine the period when the table occurrence is active.','DATETIME',NULL,NULL,'End Date/Time',NULL,NULL,NULL FROM DUAL WHERE NOT EXISTS (SELECT 1 FROM FT_T_FLDF WHERE FLD_ID= '00007450');

INSERT INTO FT_T_FLDF (FLD_ID , LAST_CHG_TMS , LAST_CHG_USR_ID , FLD_DATA_CL_ID , FLD_TAG_TYP , PRNT_FLD_ID , FLD_DFLT_METH_NME , FLD_EDIT_METH_NME , DDL_NME , FILL_CHAR , JUST_TYP , CTL_TOT_ELIG_IND , FLD_USED_BY_TYP , DMN_TBL_TYP , FLD_DFLT_VAL_TXT , FLD_NME , FLD_DESC , DSPY_DATA_TYP , DSPY_INT_NUM , DSPY_DEC_NUM , DSPY_CAPTION_TXT , MN_VAL_CAMT , MX_VAL_CAMT , FLD_DFLT_CAMT) SELECT '00003320','19-NOV-24','GS:MSYS','LSTCHGDT',NULL,NULL,NULL,NULL,'LAST_CHG_TMS',NULL,'L',NULL,'T',NULL,NULL,'Last Change Date/Time','This field contains the latest date and time that the values of the table occurrence on which this field resides were changed.','DATETIME',NULL,NULL,'Last Change Date/Time',NULL,NULL,NULL FROM DUAL WHERE NOT EXISTS (SELECT 1 FROM FT_T_FLDF WHERE FLD_ID= '00003320');

INSERT INTO FT_T_FLDF (FLD_ID , LAST_CHG_TMS , LAST_CHG_USR_ID , FLD_DATA_CL_ID , FLD_TAG_TYP , PRNT_FLD_ID , FLD_DFLT_METH_NME , FLD_EDIT_METH_NME , DDL_NME , FILL_CHAR , JUST_TYP , CTL_TOT_ELIG_IND , FLD_USED_BY_TYP , DMN_TBL_TYP , FLD_DFLT_VAL_TXT , FLD_NME , FLD_DESC , DSPY_DATA_TYP , DSPY_INT_NUM , DSPY_DEC_NUM , DSPY_CAPTION_TXT , MN_VAL_CAMT , MX_VAL_CAMT , FLD_DFLT_CAMT) SELECT '00003325','19-NOV-24','GS:MSYS','USER',NULL,NULL,NULL,NULL,'LAST_CHG_USR_ID',NULL,'L',NULL,'T',NULL,NULL,'Last Change User ID','This field contains the identifier of the last person or application that changed the values of the table occurrence on which this field resides.','TEXT',NULL,NULL,'Last Change User ID',NULL,NULL,NULL FROM DUAL WHERE NOT EXISTS (SELECT 1 FROM FT_T_FLDF WHERE FLD_ID= '00003325');

INSERT INTO FT_T_FLDF (FLD_ID , LAST_CHG_TMS , LAST_CHG_USR_ID , FLD_DATA_CL_ID , FLD_TAG_TYP , PRNT_FLD_ID , FLD_DFLT_METH_NME , FLD_EDIT_METH_NME , DDL_NME , FILL_CHAR , JUST_TYP , CTL_TOT_ELIG_IND , FLD_USED_BY_TYP , DMN_TBL_TYP , FLD_DFLT_VAL_TXT , FLD_NME , FLD_DESC , DSPY_DATA_TYP , DSPY_INT_NUM , DSPY_DEC_NUM , DSPY_CAPTION_TXT , MN_VAL_CAMT , MX_VAL_CAMT , FLD_DFLT_CAMT) SELECT 'RGM10003','10-JAN-17','MHICSTM','DATATEXT',NULL,NULL,NULL,NULL,'NOTES',NULL,'L',NULL,'T',NULL,NULL,'Notes','Internal Notes','TEXT',NULL,NULL,NULL,NULL,NULL,NULL FROM DUAL WHERE NOT EXISTS (SELECT 1 FROM FT_T_FLDF WHERE FLD_ID= 'RGM10003');

INSERT INTO FT_T_FLDF (FLD_ID , LAST_CHG_TMS , LAST_CHG_USR_ID , FLD_DATA_CL_ID , FLD_TAG_TYP , PRNT_FLD_ID , FLD_DFLT_METH_NME , FLD_EDIT_METH_NME , DDL_NME , FILL_CHAR , JUST_TYP , CTL_TOT_ELIG_IND , FLD_USED_BY_TYP , DMN_TBL_TYP , FLD_DFLT_VAL_TXT , FLD_NME , FLD_DESC , DSPY_DATA_TYP , DSPY_INT_NUM , DSPY_DEC_NUM , DSPY_CAPTION_TXT , MN_VAL_CAMT , MX_VAL_CAMT , FLD_DFLT_CAMT) SELECT 'RGM10002','10-JAN-17','MHICSTM','DATATEXT',NULL,NULL,NULL,NULL,'REGIME_NME',NULL,'L',NULL,'T',NULL,NULL,'Regime Name','Regime Name','TEXT',NULL,NULL,NULL,NULL,NULL,NULL FROM DUAL WHERE NOT EXISTS (SELECT 1 FROM FT_T_FLDF WHERE FLD_ID= 'RGM10002');

INSERT INTO FT_T_FLDF (FLD_ID , LAST_CHG_TMS , LAST_CHG_USR_ID , FLD_DATA_CL_ID , FLD_TAG_TYP , PRNT_FLD_ID , FLD_DFLT_METH_NME , FLD_EDIT_METH_NME , DDL_NME , FILL_CHAR , JUST_TYP , CTL_TOT_ELIG_IND , FLD_USED_BY_TYP , DMN_TBL_TYP , FLD_DFLT_VAL_TXT , FLD_NME , FLD_DESC , DSPY_DATA_TYP , DSPY_INT_NUM , DSPY_DEC_NUM , DSPY_CAPTION_TXT , MN_VAL_CAMT , MX_VAL_CAMT , FLD_DFLT_CAMT) SELECT 'RGM10001','10-JAN-17','MHICSTM','OID',NULL,NULL,NULL,NULL,'RGM1_OID',NULL,'L',NULL,'T',NULL,NULL,'Regime Table OID','This field contains an arbitrary value that uniquely identifies an occurrence of the Regime table. This value is typically programmatically generated.','TEXT',NULL,NULL,NULL,NULL,NULL,NULL FROM DUAL WHERE NOT EXISTS (SELECT 1 FROM FT_T_FLDF WHERE FLD_ID= 'RGM10001');

INSERT INTO FT_T_FLDF (FLD_ID , LAST_CHG_TMS , LAST_CHG_USR_ID , FLD_DATA_CL_ID , FLD_TAG_TYP , PRNT_FLD_ID , FLD_DFLT_METH_NME , FLD_EDIT_METH_NME , DDL_NME , FILL_CHAR , JUST_TYP , CTL_TOT_ELIG_IND , FLD_USED_BY_TYP , DMN_TBL_TYP , FLD_DFLT_VAL_TXT , FLD_NME , FLD_DESC , DSPY_DATA_TYP , DSPY_INT_NUM , DSPY_DEC_NUM , DSPY_CAPTION_TXT , MN_VAL_CAMT , MX_VAL_CAMT , FLD_DFLT_CAMT) SELECT '00007490','19-NOV-24','GS:MSYS','DATETIME',NULL,NULL,NULL,NULL,'START_TMS',NULL,'L',NULL,'T',NULL,NULL,'Start Date/Time','This field specifies the date and time from which the table occurrence is active.  In conjunction with the End Date/Time field, it determines the period when the table occurrence is active.','DATETIME',NULL,NULL,'Start Date/Time',NULL,NULL,NULL FROM DUAL WHERE NOT EXISTS (SELECT 1 FROM FT_T_FLDF WHERE FLD_ID= '00007490');

 
INSERT INTO FT_T_CLDF (TBL_ID , COL_NME , FLD_ID , PRNT_TBL_ID , PRNT_COL_NME , COL_REQ_IND , DDL_DATA_TYP , COL_SQ_NUM , LAST_CHG_TMS , LAST_CHG_USR_ID , NATIVE_COL_IND , LOGL_NME , COL_DESC , DDL_BASE_DATA_TYP , DDL_DATA_LEN , DDL_DATA_PREC_NUM , DDL_DATA_SCALE_NUM , DDL_DATA_DFLT_TXT , COL_VIEW_NME , ORACLE_LOB_TXT , DB2_LOB_TXT , INFO_TYP_NME , COL_OBSOLETE_IND , COL_CMNT_TXT , DSPY_CAPTION_TXT , DMN_SET_ID , EDMV_USED_IND , VIRTUAL_COL_IND) VALUES ('RGM1','DATA_SRC_ID','00161254',NULL,NULL,'N','VARCHAR(40)',9,'10-JAN-17','MHICSTM',NULL,NULL,NULL,NULL,40,NULL,NULL,NULL,NULL,NULL,NULL,NULL,NULL,NULL,NULL,NULL,NULL,NULL);

INSERT INTO FT_T_CLDF (TBL_ID , COL_NME , FLD_ID , PRNT_TBL_ID , PRNT_COL_NME , COL_REQ_IND , DDL_DATA_TYP , COL_SQ_NUM , LAST_CHG_TMS , LAST_CHG_USR_ID , NATIVE_COL_IND , LOGL_NME , COL_DESC , DDL_BASE_DATA_TYP , DDL_DATA_LEN , DDL_DATA_PREC_NUM , DDL_DATA_SCALE_NUM , DDL_DATA_DFLT_TXT , COL_VIEW_NME , ORACLE_LOB_TXT , DB2_LOB_TXT , INFO_TYP_NME , COL_OBSOLETE_IND , COL_CMNT_TXT , DSPY_CAPTION_TXT , DMN_SET_ID , EDMV_USED_IND , VIRTUAL_COL_IND) VALUES ('RGM1','DATA_STAT_TYP','00161255',NULL,NULL,'N','VARCHAR(20)',8,'10-JAN-17','MHICSTM',NULL,NULL,NULL,NULL,20,NULL,NULL,NULL,NULL,NULL,NULL,NULL,NULL,NULL,NULL,NULL,NULL,NULL);

INSERT INTO FT_T_CLDF (TBL_ID , COL_NME , FLD_ID , PRNT_TBL_ID , PRNT_COL_NME , COL_REQ_IND , DDL_DATA_TYP , COL_SQ_NUM , LAST_CHG_TMS , LAST_CHG_USR_ID , NATIVE_COL_IND , LOGL_NME , COL_DESC , DDL_BASE_DATA_TYP , DDL_DATA_LEN , DDL_DATA_PREC_NUM , DDL_DATA_SCALE_NUM , DDL_DATA_DFLT_TXT , COL_VIEW_NME , ORACLE_LOB_TXT , DB2_LOB_TXT , INFO_TYP_NME , COL_OBSOLETE_IND , COL_CMNT_TXT , DSPY_CAPTION_TXT , DMN_SET_ID , EDMV_USED_IND , VIRTUAL_COL_IND) VALUES ('RGM1','END_TMS','00007450',NULL,NULL,'N','TIMESTAMP(0)',5,'10-JAN-17','MHICSTM',NULL,NULL,NULL,NULL,7,NULL,NULL,NULL,NULL,NULL,NULL,NULL,NULL,NULL,NULL,NULL,NULL,NULL);

INSERT INTO FT_T_CLDF (TBL_ID , COL_NME , FLD_ID , PRNT_TBL_ID , PRNT_COL_NME , COL_REQ_IND , DDL_DATA_TYP , COL_SQ_NUM , LAST_CHG_TMS , LAST_CHG_USR_ID , NATIVE_COL_IND , LOGL_NME , COL_DESC , DDL_BASE_DATA_TYP , DDL_DATA_LEN , DDL_DATA_PREC_NUM , DDL_DATA_SCALE_NUM , DDL_DATA_DFLT_TXT , COL_VIEW_NME , ORACLE_LOB_TXT , DB2_LOB_TXT , INFO_TYP_NME , COL_OBSOLETE_IND , COL_CMNT_TXT , DSPY_CAPTION_TXT , DMN_SET_ID , EDMV_USED_IND , VIRTUAL_COL_IND) VALUES ('RGM1','LAST_CHG_TMS','00003320',NULL,NULL,'Y','TIMESTAMP(0)',6,'10-JAN-17','MHICSTM',NULL,NULL,NULL,NULL,7,NULL,NULL,NULL,NULL,NULL,NULL,NULL,NULL,NULL,NULL,NULL,NULL,NULL);

INSERT INTO FT_T_CLDF (TBL_ID , COL_NME , FLD_ID , PRNT_TBL_ID , PRNT_COL_NME , COL_REQ_IND , DDL_DATA_TYP , COL_SQ_NUM , LAST_CHG_TMS , LAST_CHG_USR_ID , NATIVE_COL_IND , LOGL_NME , COL_DESC , DDL_BASE_DATA_TYP , DDL_DATA_LEN , DDL_DATA_PREC_NUM , DDL_DATA_SCALE_NUM , DDL_DATA_DFLT_TXT , COL_VIEW_NME , ORACLE_LOB_TXT , DB2_LOB_TXT , INFO_TYP_NME , COL_OBSOLETE_IND , COL_CMNT_TXT , DSPY_CAPTION_TXT , DMN_SET_ID , EDMV_USED_IND , VIRTUAL_COL_IND) VALUES ('RGM1','LAST_CHG_USR_ID','00003325',NULL,NULL,'Y','VARCHAR(256)',7,'10-JAN-17','MHICSTM',NULL,NULL,NULL,NULL,256,NULL,NULL,NULL,NULL,NULL,NULL,NULL,NULL,NULL,NULL,NULL,NULL,NULL);

INSERT INTO FT_T_CLDF (TBL_ID , COL_NME , FLD_ID , PRNT_TBL_ID , PRNT_COL_NME , COL_REQ_IND , DDL_DATA_TYP , COL_SQ_NUM , LAST_CHG_TMS , LAST_CHG_USR_ID , NATIVE_COL_IND , LOGL_NME , COL_DESC , DDL_BASE_DATA_TYP , DDL_DATA_LEN , DDL_DATA_PREC_NUM , DDL_DATA_SCALE_NUM , DDL_DATA_DFLT_TXT , COL_VIEW_NME , ORACLE_LOB_TXT , DB2_LOB_TXT , INFO_TYP_NME , COL_OBSOLETE_IND , COL_CMNT_TXT , DSPY_CAPTION_TXT , DMN_SET_ID , EDMV_USED_IND , VIRTUAL_COL_IND) VALUES ('RGM1','NOTES','RGM10003',NULL,NULL,'N','VARCHAR(1000)',3,'10-JAN-17','MHICSTM',NULL,NULL,NULL,NULL,1000,NULL,NULL,NULL,NULL,NULL,NULL,NULL,NULL,NULL,NULL,NULL,NULL,NULL);

INSERT INTO FT_T_CLDF (TBL_ID , COL_NME , FLD_ID , PRNT_TBL_ID , PRNT_COL_NME , COL_REQ_IND , DDL_DATA_TYP , COL_SQ_NUM , LAST_CHG_TMS , LAST_CHG_USR_ID , NATIVE_COL_IND , LOGL_NME , COL_DESC , DDL_BASE_DATA_TYP , DDL_DATA_LEN , DDL_DATA_PREC_NUM , DDL_DATA_SCALE_NUM , DDL_DATA_DFLT_TXT , COL_VIEW_NME , ORACLE_LOB_TXT , DB2_LOB_TXT , INFO_TYP_NME , COL_OBSOLETE_IND , COL_CMNT_TXT , DSPY_CAPTION_TXT , DMN_SET_ID , EDMV_USED_IND , VIRTUAL_COL_IND) VALUES ('RGM1','REGIME_NME','RGM10002',NULL,NULL,'Y','VARCHAR(40)',2,'10-JAN-17','MHICSTM',NULL,NULL,NULL,NULL,40,NULL,NULL,NULL,NULL,NULL,NULL,NULL,NULL,NULL,NULL,NULL,NULL,NULL);

INSERT INTO FT_T_CLDF (TBL_ID , COL_NME , FLD_ID , PRNT_TBL_ID , PRNT_COL_NME , COL_REQ_IND , DDL_DATA_TYP , COL_SQ_NUM , LAST_CHG_TMS , LAST_CHG_USR_ID , NATIVE_COL_IND , LOGL_NME , COL_DESC , DDL_BASE_DATA_TYP , DDL_DATA_LEN , DDL_DATA_PREC_NUM , DDL_DATA_SCALE_NUM , DDL_DATA_DFLT_TXT , COL_VIEW_NME , ORACLE_LOB_TXT , DB2_LOB_TXT , INFO_TYP_NME , COL_OBSOLETE_IND , COL_CMNT_TXT , DSPY_CAPTION_TXT , DMN_SET_ID , EDMV_USED_IND , VIRTUAL_COL_IND) VALUES ('RGM1','RGM1_OID','RGM10001',NULL,NULL,'Y','VARCHAR(10)',1,'10-JAN-17','MHICSTM',NULL,NULL,NULL,NULL,10,NULL,NULL,NULL,NULL,NULL,NULL,NULL,NULL,NULL,NULL,NULL,NULL,NULL);

INSERT INTO FT_T_CLDF (TBL_ID , COL_NME , FLD_ID , PRNT_TBL_ID , PRNT_COL_NME , COL_REQ_IND , DDL_DATA_TYP , COL_SQ_NUM , LAST_CHG_TMS , LAST_CHG_USR_ID , NATIVE_COL_IND , LOGL_NME , COL_DESC , DDL_BASE_DATA_TYP , DDL_DATA_LEN , DDL_DATA_PREC_NUM , DDL_DATA_SCALE_NUM , DDL_DATA_DFLT_TXT , COL_VIEW_NME , ORACLE_LOB_TXT , DB2_LOB_TXT , INFO_TYP_NME , COL_OBSOLETE_IND , COL_CMNT_TXT , DSPY_CAPTION_TXT , DMN_SET_ID , EDMV_USED_IND , VIRTUAL_COL_IND) VALUES ('RGM1','START_TMS','00007490',NULL,NULL,'Y','TIMESTAMP(0)',4,'10-JAN-17','MHICSTM',NULL,NULL,NULL,NULL,7,NULL,NULL,NULL,NULL,NULL,NULL,NULL,NULL,NULL,NULL,NULL,NULL,NULL);

 
INSERT INTO FT_T_TIDX (TIDX_OID , TBL_ID , TBL_INDEX_NME , TBL_INDEX_TYP , LAST_CHG_TMS , LAST_CHG_USR_ID , TBL_INDEX_PARTITION_TYP , ORACLE_INIT_TRANS_NUM , REVERSE_INDEX_IND , BITMAP_INDEX_IND) VALUES ('RGM1P001==','RGM1','FT_T_RGM1_PK','P','10-JAN-17','MHICSTM',NULL,NULL,NULL,NULL);

INSERT INTO FT_T_TIDX (TIDX_OID , TBL_ID , TBL_INDEX_NME , TBL_INDEX_TYP , LAST_CHG_TMS , LAST_CHG_USR_ID , TBL_INDEX_PARTITION_TYP , ORACLE_INIT_TRANS_NUM , REVERSE_INDEX_IND , BITMAP_INDEX_IND) VALUES ('RGM1U001==','RGM1','FT_X_RGM1_U001','U','10-JAN-17','MHICSTM',NULL,NULL,NULL,NULL);

 
INSERT INTO FT_T_TIDC (TIDC_OID , TIDX_OID , TBL_ID , COL_NME , COL_SQ_NUM , SORT_SEQ_TYP , LAST_CHG_TMS , LAST_CHG_USR_ID , COL_EXPR_TXT) VALUES ('RGM1P00101','RGM1P001==','RGM1','RGM1_OID',1,NULL,'10-JAN-17','MHICSTM',NULL);

INSERT INTO FT_T_TIDC (TIDC_OID , TIDX_OID , TBL_ID , COL_NME , COL_SQ_NUM , SORT_SEQ_TYP , LAST_CHG_TMS , LAST_CHG_USR_ID , COL_EXPR_TXT) VALUES ('RGM1U00101','RGM1U001==','RGM1','REGIME_NME',1,NULL,'10-JAN-17','MHICSTM',NULL);

INSERT INTO FT_T_TBDF (TBL_ID , LAST_CHG_TMS , LAST_CHG_USR_ID , DATA_MODL_VER_ID , TBL_NME , TBL_DESC , LAST_CMP_TMS , TBL_DDL_NME , TBL_CLSF_TYP , TBL_PROP_TO_NME , TBL_SUBJECT_AREA_NME , TBL_PRIN_APP_NME , TBL_OWNER_NME , TBL_DATA_OWNER_NME , TBL_DATA_TYP , TBL_DATA_UPD_RULE_TYP , TBL_OBSOLETE_IND , VDDB_SHARED_TBL_IND , PRODCTN_FIRST_INSTALL_TYP , PRODCTN_UPD_TYP , TBL_VIEW_NME , DATA_MODL_ID , TBL_CMNT_TXT , EST_TBL_SIZE_IND , LOGGING_IND , ORACLE_INIT_TRANS_NUM , ORACLE_PCT_FREE_NUM , DW_STANDALONE_IND , CDC_ENABLED_IND , AUDIT_ENABLED_IND , STAGING_ENABLED_IND , NON_RELATIONAL_TYP , LOCK_OCCUR_IND , BI_TEMPORAL_IND ) VALUES ('AFD1','07-MAR-16','MHICSTM','8.4.1.1','FT_T_AFD1','FT_T_AFD1',NULL,'FT_T_AFD1','X',NULL,NULL,NULL,NULL,NULL,NULL,NULL,NULL,NULL,NULL,NULL,NULL,NULL,NULL,NULL,NULL,NULL,NULL,NULL,NULL,NULL,NULL,NULL,NULL,NULL);

 
INSERT INTO FT_T_FLDF (FLD_ID , LAST_CHG_TMS , LAST_CHG_USR_ID , FLD_DATA_CL_ID , FLD_TAG_TYP , PRNT_FLD_ID , FLD_DFLT_METH_NME , FLD_EDIT_METH_NME , DDL_NME , FILL_CHAR , JUST_TYP , CTL_TOT_ELIG_IND , FLD_USED_BY_TYP , DMN_TBL_TYP , FLD_DFLT_VAL_TXT , FLD_NME , FLD_DESC , DSPY_DATA_TYP , DSPY_INT_NUM , DSPY_DEC_NUM , DSPY_CAPTION_TXT , MN_VAL_CAMT , MX_VAL_CAMT , FLD_DFLT_CAMT) SELECT 'AFD10001','07-MAR-16','MHICSTM','OID',NULL,NULL,NULL,NULL,'AFD1_OID',NULL,NULL,NULL,NULL,NULL,NULL,'AFD1_OID',NULL,NULL,NULL,NULL,NULL,NULL,NULL,NULL FROM DUAL WHERE NOT EXISTS (SELECT 1 FROM FT_T_FLDF WHERE FLD_ID= 'AFD10001');

INSERT INTO FT_T_FLDF (FLD_ID , LAST_CHG_TMS , LAST_CHG_USR_ID , FLD_DATA_CL_ID , FLD_TAG_TYP , PRNT_FLD_ID , FLD_DFLT_METH_NME , FLD_EDIT_METH_NME , DDL_NME , FILL_CHAR , JUST_TYP , CTL_TOT_ELIG_IND , FLD_USED_BY_TYP , DMN_TBL_TYP , FLD_DFLT_VAL_TXT , FLD_NME , FLD_DESC , DSPY_DATA_TYP , DSPY_INT_NUM , DSPY_DEC_NUM , DSPY_CAPTION_TXT , MN_VAL_CAMT , MX_VAL_CAMT , FLD_DFLT_CAMT) SELECT '00161255','19-NOV-24','GS:MSYS','DSTATTYP',NULL,NULL,NULL,NULL,'DATA_STAT_TYP',NULL,'L',NULL,'T',NULL,NULL,'Data Status','This field specifies the status of the data within this row of the table.  Normally the value of this field will be "null" indicating that the data is active.  Depending upon how a specific data vendor supplies data, other possible values include "DELETED", "REPLACED".  It is also possible to use this field to indicate the verification status of the data in this table row.  In that case possible values include "UNVERIFIED" and "VERIFIED".','TEXT',NULL,NULL,'Data Status',NULL,NULL,NULL FROM DUAL WHERE NOT EXISTS (SELECT 1 FROM FT_T_FLDF WHERE FLD_ID= '00161255');

INSERT INTO FT_T_FLDF (FLD_ID , LAST_CHG_TMS , LAST_CHG_USR_ID , FLD_DATA_CL_ID , FLD_TAG_TYP , PRNT_FLD_ID , FLD_DFLT_METH_NME , FLD_EDIT_METH_NME , DDL_NME , FILL_CHAR , JUST_TYP , CTL_TOT_ELIG_IND , FLD_USED_BY_TYP , DMN_TBL_TYP , FLD_DFLT_VAL_TXT , FLD_NME , FLD_DESC , DSPY_DATA_TYP , DSPY_INT_NUM , DSPY_DEC_NUM , DSPY_CAPTION_TXT , MN_VAL_CAMT , MX_VAL_CAMT , FLD_DFLT_CAMT) SELECT '00007450','19-NOV-24','GS:MSYS','DATETIME',NULL,NULL,NULL,NULL,'END_TMS',NULL,'L',NULL,'T',NULL,NULL,'End Date/Time','This field specifies the date and time after which the table occurrence is no longer active.  A value of "null" in this field indicates that an End Date/Time is not given and that the table occurrence is active.  The End Date/Time is used in conjunction with the Start Date/Time to determine the period when the table occurrence is active.','DATETIME',NULL,NULL,'End Date/Time',NULL,NULL,NULL FROM DUAL WHERE NOT EXISTS (SELECT 1 FROM FT_T_FLDF WHERE FLD_ID= '00007450');

INSERT INTO FT_T_FLDF (FLD_ID , LAST_CHG_TMS , LAST_CHG_USR_ID , FLD_DATA_CL_ID , FLD_TAG_TYP , PRNT_FLD_ID , FLD_DFLT_METH_NME , FLD_EDIT_METH_NME , DDL_NME , FILL_CHAR , JUST_TYP , CTL_TOT_ELIG_IND , FLD_USED_BY_TYP , DMN_TBL_TYP , FLD_DFLT_VAL_TXT , FLD_NME , FLD_DESC , DSPY_DATA_TYP , DSPY_INT_NUM , DSPY_DEC_NUM , DSPY_CAPTION_TXT , MN_VAL_CAMT , MX_VAL_CAMT , FLD_DFLT_CAMT) SELECT 'AFD10004','07-MAR-16','MHICSTM','DATATEXT',NULL,NULL,NULL,NULL,'FREQ_DY_MNTH_TYP',NULL,NULL,NULL,NULL,NULL,NULL,'FREQ_DY_MNTH_TYP',NULL,NULL,NULL,NULL,NULL,NULL,NULL,NULL FROM DUAL WHERE NOT EXISTS (SELECT 1 FROM FT_T_FLDF WHERE FLD_ID= 'AFD10004');

INSERT INTO FT_T_FLDF (FLD_ID , LAST_CHG_TMS , LAST_CHG_USR_ID , FLD_DATA_CL_ID , FLD_TAG_TYP , PRNT_FLD_ID , FLD_DFLT_METH_NME , FLD_EDIT_METH_NME , DDL_NME , FILL_CHAR , JUST_TYP , CTL_TOT_ELIG_IND , FLD_USED_BY_TYP , DMN_TBL_TYP , FLD_DFLT_VAL_TXT , FLD_NME , FLD_DESC , DSPY_DATA_TYP , DSPY_INT_NUM , DSPY_DEC_NUM , DSPY_CAPTION_TXT , MN_VAL_CAMT , MX_VAL_CAMT , FLD_DFLT_CAMT) SELECT 'AFD10003','07-MAR-16','MHICSTM','DATATEXT',NULL,NULL,NULL,NULL,'FREQ_DY_WEEK_TYP',NULL,NULL,NULL,NULL,NULL,NULL,'FREQ_DY_WEEK_TYP',NULL,NULL,NULL,NULL,NULL,NULL,NULL,NULL FROM DUAL WHERE NOT EXISTS (SELECT 1 FROM FT_T_FLDF WHERE FLD_ID= 'AFD10003');

INSERT INTO FT_T_FLDF (FLD_ID , LAST_CHG_TMS , LAST_CHG_USR_ID , FLD_DATA_CL_ID , FLD_TAG_TYP , PRNT_FLD_ID , FLD_DFLT_METH_NME , FLD_EDIT_METH_NME , DDL_NME , FILL_CHAR , JUST_TYP , CTL_TOT_ELIG_IND , FLD_USED_BY_TYP , DMN_TBL_TYP , FLD_DFLT_VAL_TXT , FLD_NME , FLD_DESC , DSPY_DATA_TYP , DSPY_INT_NUM , DSPY_DEC_NUM , DSPY_CAPTION_TXT , MN_VAL_CAMT , MX_VAL_CAMT , FLD_DFLT_CAMT) SELECT 'AFD10005','07-MAR-16','MHICSTM','DATATEXT',NULL,NULL,NULL,NULL,'FREQ_MNTH_ORD_TYP',NULL,NULL,NULL,NULL,NULL,NULL,'FREQ_MNTH_ORD_TYP',NULL,NULL,NULL,NULL,NULL,NULL,NULL,NULL FROM DUAL WHERE NOT EXISTS (SELECT 1 FROM FT_T_FLDF WHERE FLD_ID= 'AFD10005');

INSERT INTO FT_T_FLDF (FLD_ID , LAST_CHG_TMS , LAST_CHG_USR_ID , FLD_DATA_CL_ID , FLD_TAG_TYP , PRNT_FLD_ID , FLD_DFLT_METH_NME , FLD_EDIT_METH_NME , DDL_NME , FILL_CHAR , JUST_TYP , CTL_TOT_ELIG_IND , FLD_USED_BY_TYP , DMN_TBL_TYP , FLD_DFLT_VAL_TXT , FLD_NME , FLD_DESC , DSPY_DATA_TYP , DSPY_INT_NUM , DSPY_DEC_NUM , DSPY_CAPTION_TXT , MN_VAL_CAMT , MX_VAL_CAMT , FLD_DFLT_CAMT) SELECT 'AFD10002','07-MAR-16','MHICSTM','DATATEXT',NULL,NULL,NULL,NULL,'FREQ_SP_TYP',NULL,NULL,NULL,NULL,NULL,NULL,'FREQ_SP_TYP',NULL,NULL,NULL,NULL,NULL,NULL,NULL,NULL FROM DUAL WHERE NOT EXISTS (SELECT 1 FROM FT_T_FLDF WHERE FLD_ID= 'AFD10002');

INSERT INTO FT_T_FLDF (FLD_ID , LAST_CHG_TMS , LAST_CHG_USR_ID , FLD_DATA_CL_ID , FLD_TAG_TYP , PRNT_FLD_ID , FLD_DFLT_METH_NME , FLD_EDIT_METH_NME , DDL_NME , FILL_CHAR , JUST_TYP , CTL_TOT_ELIG_IND , FLD_USED_BY_TYP , DMN_TBL_TYP , FLD_DFLT_VAL_TXT , FLD_NME , FLD_DESC , DSPY_DATA_TYP , DSPY_INT_NUM , DSPY_DEC_NUM , DSPY_CAPTION_TXT , MN_VAL_CAMT , MX_VAL_CAMT , FLD_DFLT_CAMT) SELECT '00003320','19-NOV-24','GS:MSYS','LSTCHGDT',NULL,NULL,NULL,NULL,'LAST_CHG_TMS',NULL,'L',NULL,'T',NULL,NULL,'Last Change Date/Time','This field contains the latest date and time that the values of the table occurrence on which this field resides were changed.','DATETIME',NULL,NULL,'Last Change Date/Time',NULL,NULL,NULL FROM DUAL WHERE NOT EXISTS (SELECT 1 FROM FT_T_FLDF WHERE FLD_ID= '00003320');

INSERT INTO FT_T_FLDF (FLD_ID , LAST_CHG_TMS , LAST_CHG_USR_ID , FLD_DATA_CL_ID , FLD_TAG_TYP , PRNT_FLD_ID , FLD_DFLT_METH_NME , FLD_EDIT_METH_NME , DDL_NME , FILL_CHAR , JUST_TYP , CTL_TOT_ELIG_IND , FLD_USED_BY_TYP , DMN_TBL_TYP , FLD_DFLT_VAL_TXT , FLD_NME , FLD_DESC , DSPY_DATA_TYP , DSPY_INT_NUM , DSPY_DEC_NUM , DSPY_CAPTION_TXT , MN_VAL_CAMT , MX_VAL_CAMT , FLD_DFLT_CAMT) SELECT '00003325','19-NOV-24','GS:MSYS','USER',NULL,NULL,NULL,NULL,'LAST_CHG_USR_ID',NULL,'L',NULL,'T',NULL,NULL,'Last Change User ID','This field contains the identifier of the last person or application that changed the values of the table occurrence on which this field resides.','TEXT',NULL,NULL,'Last Change User ID',NULL,NULL,NULL FROM DUAL WHERE NOT EXISTS (SELECT 1 FROM FT_T_FLDF WHERE FLD_ID= '00003325');

INSERT INTO FT_T_FLDF (FLD_ID , LAST_CHG_TMS , LAST_CHG_USR_ID , FLD_DATA_CL_ID , FLD_TAG_TYP , PRNT_FLD_ID , FLD_DFLT_METH_NME , FLD_EDIT_METH_NME , DDL_NME , FILL_CHAR , JUST_TYP , CTL_TOT_ELIG_IND , FLD_USED_BY_TYP , DMN_TBL_TYP , FLD_DFLT_VAL_TXT , FLD_NME , FLD_DESC , DSPY_DATA_TYP , DSPY_INT_NUM , DSPY_DEC_NUM , DSPY_CAPTION_TXT , MN_VAL_CAMT , MX_VAL_CAMT , FLD_DFLT_CAMT) SELECT '00003390','19-NOV-24','GS:MSYS','OID',NULL,NULL,NULL,NULL,'LEG_AGRMNT_ID',' ','L',NULL,'T',NULL,NULL,'Legal Agreement ID','This field acts as a surrogate key for this table.  This fields value is normally created via an algorithm that guarantees a unique value.','TEXT',NULL,NULL,'Legal Agreement ID',NULL,NULL,NULL FROM DUAL WHERE NOT EXISTS (SELECT 1 FROM FT_T_FLDF WHERE FLD_ID= '00003390');

INSERT INTO FT_T_FLDF (FLD_ID , LAST_CHG_TMS , LAST_CHG_USR_ID , FLD_DATA_CL_ID , FLD_TAG_TYP , PRNT_FLD_ID , FLD_DFLT_METH_NME , FLD_EDIT_METH_NME , DDL_NME , FILL_CHAR , JUST_TYP , CTL_TOT_ELIG_IND , FLD_USED_BY_TYP , DMN_TBL_TYP , FLD_DFLT_VAL_TXT , FLD_NME , FLD_DESC , DSPY_DATA_TYP , DSPY_INT_NUM , DSPY_DEC_NUM , DSPY_CAPTION_TXT , MN_VAL_CAMT , MX_VAL_CAMT , FLD_DFLT_CAMT) SELECT '00004040','19-NOV-24','GS:MSYS','ORG',NULL,NULL,NULL,NULL,'ORG_ID',' ','L',NULL,'T',NULL,NULL,'Organization ID','The Organization ID field uniquely identifies an enterprise.','TEXT',NULL,NULL,'Organization ID',NULL,NULL,NULL FROM DUAL WHERE NOT EXISTS (SELECT 1 FROM FT_T_FLDF WHERE FLD_ID= '00004040');

INSERT INTO FT_T_FLDF (FLD_ID , LAST_CHG_TMS , LAST_CHG_USR_ID , FLD_DATA_CL_ID , FLD_TAG_TYP , PRNT_FLD_ID , FLD_DFLT_METH_NME , FLD_EDIT_METH_NME , DDL_NME , FILL_CHAR , JUST_TYP , CTL_TOT_ELIG_IND , FLD_USED_BY_TYP , DMN_TBL_TYP , FLD_DFLT_VAL_TXT , FLD_NME , FLD_DESC , DSPY_DATA_TYP , DSPY_INT_NUM , DSPY_DEC_NUM , DSPY_CAPTION_TXT , MN_VAL_CAMT , MX_VAL_CAMT , FLD_DFLT_CAMT) SELECT '00005105','19-NOV-24','GS:MSYS','ROLE',NULL,NULL,NULL,NULL,'RL_TYP',' ','L',NULL,'T',NULL,NULL,'Role Type','This field defines the business relationship ("role") between one table occurrence and another table occurrence.','TEXT',NULL,NULL,'Role Type',NULL,NULL,NULL FROM DUAL WHERE NOT EXISTS (SELECT 1 FROM FT_T_FLDF WHERE FLD_ID= '00005105');

INSERT INTO FT_T_FLDF (FLD_ID , LAST_CHG_TMS , LAST_CHG_USR_ID , FLD_DATA_CL_ID , FLD_TAG_TYP , PRNT_FLD_ID , FLD_DFLT_METH_NME , FLD_EDIT_METH_NME , DDL_NME , FILL_CHAR , JUST_TYP , CTL_TOT_ELIG_IND , FLD_USED_BY_TYP , DMN_TBL_TYP , FLD_DFLT_VAL_TXT , FLD_NME , FLD_DESC , DSPY_DATA_TYP , DSPY_INT_NUM , DSPY_DEC_NUM , DSPY_CAPTION_TXT , MN_VAL_CAMT , MX_VAL_CAMT , FLD_DFLT_CAMT) SELECT '00007490','19-NOV-24','GS:MSYS','DATETIME',NULL,NULL,NULL,NULL,'START_TMS',NULL,'L',NULL,'T',NULL,NULL,'Start Date/Time','This field specifies the date and time from which the table occurrence is active.  In conjunction with the End Date/Time field, it determines the period when the table occurrence is active.','DATETIME',NULL,NULL,'Start Date/Time',NULL,NULL,NULL FROM DUAL WHERE NOT EXISTS (SELECT 1 FROM FT_T_FLDF WHERE FLD_ID= '00007490');

 
INSERT INTO FT_T_CLDF (TBL_ID , COL_NME , FLD_ID , PRNT_TBL_ID , PRNT_COL_NME , COL_REQ_IND , DDL_DATA_TYP , COL_SQ_NUM , LAST_CHG_TMS , LAST_CHG_USR_ID , NATIVE_COL_IND , LOGL_NME , COL_DESC , DDL_BASE_DATA_TYP , DDL_DATA_LEN , DDL_DATA_PREC_NUM , DDL_DATA_SCALE_NUM , DDL_DATA_DFLT_TXT , COL_VIEW_NME , ORACLE_LOB_TXT , DB2_LOB_TXT , INFO_TYP_NME , COL_OBSOLETE_IND , COL_CMNT_TXT , DSPY_CAPTION_TXT , DMN_SET_ID , EDMV_USED_IND , VIRTUAL_COL_IND) VALUES ('AFD1','AFD1_OID','AFD10001',NULL,NULL,'Y','VARCHAR(10)',1,'07-MAR-16','MHICSTM',NULL,NULL,NULL,NULL,10,NULL,NULL,NULL,NULL,NULL,NULL,NULL,NULL,NULL,NULL,NULL,NULL,NULL);

INSERT INTO FT_T_CLDF (TBL_ID , COL_NME , FLD_ID , PRNT_TBL_ID , PRNT_COL_NME , COL_REQ_IND , DDL_DATA_TYP , COL_SQ_NUM , LAST_CHG_TMS , LAST_CHG_USR_ID , NATIVE_COL_IND , LOGL_NME , COL_DESC , DDL_BASE_DATA_TYP , DDL_DATA_LEN , DDL_DATA_PREC_NUM , DDL_DATA_SCALE_NUM , DDL_DATA_DFLT_TXT , COL_VIEW_NME , ORACLE_LOB_TXT , DB2_LOB_TXT , INFO_TYP_NME , COL_OBSOLETE_IND , COL_CMNT_TXT , DSPY_CAPTION_TXT , DMN_SET_ID , EDMV_USED_IND , VIRTUAL_COL_IND) VALUES ('AFD1','DATA_STAT_TYP','00161255',NULL,NULL,'N','VARCHAR(20)',12,'07-MAR-16','MHICSTM',NULL,NULL,NULL,NULL,20,NULL,NULL,NULL,NULL,NULL,NULL,NULL,NULL,NULL,NULL,NULL,NULL,NULL);

INSERT INTO FT_T_CLDF (TBL_ID , COL_NME , FLD_ID , PRNT_TBL_ID , PRNT_COL_NME , COL_REQ_IND , DDL_DATA_TYP , COL_SQ_NUM , LAST_CHG_TMS , LAST_CHG_USR_ID , NATIVE_COL_IND , LOGL_NME , COL_DESC , DDL_BASE_DATA_TYP , DDL_DATA_LEN , DDL_DATA_PREC_NUM , DDL_DATA_SCALE_NUM , DDL_DATA_DFLT_TXT , COL_VIEW_NME , ORACLE_LOB_TXT , DB2_LOB_TXT , INFO_TYP_NME , COL_OBSOLETE_IND , COL_CMNT_TXT , DSPY_CAPTION_TXT , DMN_SET_ID , EDMV_USED_IND , VIRTUAL_COL_IND) VALUES ('AFD1','END_TMS','00007450',NULL,NULL,'N','TIMESTAMP(0)',9,'07-MAR-16','MHICSTM',NULL,NULL,NULL,NULL,7,NULL,NULL,NULL,NULL,NULL,NULL,NULL,NULL,NULL,NULL,NULL,NULL,NULL);

INSERT INTO FT_T_CLDF (TBL_ID , COL_NME , FLD_ID , PRNT_TBL_ID , PRNT_COL_NME , COL_REQ_IND , DDL_DATA_TYP , COL_SQ_NUM , LAST_CHG_TMS , LAST_CHG_USR_ID , NATIVE_COL_IND , LOGL_NME , COL_DESC , DDL_BASE_DATA_TYP , DDL_DATA_LEN , DDL_DATA_PREC_NUM , DDL_DATA_SCALE_NUM , DDL_DATA_DFLT_TXT , COL_VIEW_NME , ORACLE_LOB_TXT , DB2_LOB_TXT , INFO_TYP_NME , COL_OBSOLETE_IND , COL_CMNT_TXT , DSPY_CAPTION_TXT , DMN_SET_ID , EDMV_USED_IND , VIRTUAL_COL_IND) VALUES ('AFD1','FREQ_DY_MNTH_TYP','AFD10004',NULL,NULL,'N','VARCHAR(2)',4,'07-MAR-16','MHICSTM',NULL,NULL,NULL,NULL,2,NULL,NULL,NULL,NULL,NULL,NULL,NULL,NULL,NULL,NULL,NULL,NULL,NULL);

INSERT INTO FT_T_CLDF (TBL_ID , COL_NME , FLD_ID , PRNT_TBL_ID , PRNT_COL_NME , COL_REQ_IND , DDL_DATA_TYP , COL_SQ_NUM , LAST_CHG_TMS , LAST_CHG_USR_ID , NATIVE_COL_IND , LOGL_NME , COL_DESC , DDL_BASE_DATA_TYP , DDL_DATA_LEN , DDL_DATA_PREC_NUM , DDL_DATA_SCALE_NUM , DDL_DATA_DFLT_TXT , COL_VIEW_NME , ORACLE_LOB_TXT , DB2_LOB_TXT , INFO_TYP_NME , COL_OBSOLETE_IND , COL_CMNT_TXT , DSPY_CAPTION_TXT , DMN_SET_ID , EDMV_USED_IND , VIRTUAL_COL_IND) VALUES ('AFD1','FREQ_DY_WEEK_TYP','AFD10003',NULL,NULL,'N','VARCHAR(10)',3,'07-MAR-16','MHICSTM',NULL,NULL,NULL,NULL,10,NULL,NULL,NULL,NULL,NULL,NULL,NULL,NULL,NULL,NULL,NULL,NULL,NULL);

INSERT INTO FT_T_CLDF (TBL_ID , COL_NME , FLD_ID , PRNT_TBL_ID , PRNT_COL_NME , COL_REQ_IND , DDL_DATA_TYP , COL_SQ_NUM , LAST_CHG_TMS , LAST_CHG_USR_ID , NATIVE_COL_IND , LOGL_NME , COL_DESC , DDL_BASE_DATA_TYP , DDL_DATA_LEN , DDL_DATA_PREC_NUM , DDL_DATA_SCALE_NUM , DDL_DATA_DFLT_TXT , COL_VIEW_NME , ORACLE_LOB_TXT , DB2_LOB_TXT , INFO_TYP_NME , COL_OBSOLETE_IND , COL_CMNT_TXT , DSPY_CAPTION_TXT , DMN_SET_ID , EDMV_USED_IND , VIRTUAL_COL_IND) VALUES ('AFD1','FREQ_MNTH_ORD_TYP','AFD10005',NULL,NULL,'N','VARCHAR(10)',5,'07-MAR-16','MHICSTM',NULL,NULL,NULL,NULL,10,NULL,NULL,NULL,NULL,NULL,NULL,NULL,NULL,NULL,NULL,NULL,NULL,NULL);

INSERT INTO FT_T_CLDF (TBL_ID , COL_NME , FLD_ID , PRNT_TBL_ID , PRNT_COL_NME , COL_REQ_IND , DDL_DATA_TYP , COL_SQ_NUM , LAST_CHG_TMS , LAST_CHG_USR_ID , NATIVE_COL_IND , LOGL_NME , COL_DESC , DDL_BASE_DATA_TYP , DDL_DATA_LEN , DDL_DATA_PREC_NUM , DDL_DATA_SCALE_NUM , DDL_DATA_DFLT_TXT , COL_VIEW_NME , ORACLE_LOB_TXT , DB2_LOB_TXT , INFO_TYP_NME , COL_OBSOLETE_IND , COL_CMNT_TXT , DSPY_CAPTION_TXT , DMN_SET_ID , EDMV_USED_IND , VIRTUAL_COL_IND) VALUES ('AFD1','FREQ_SP_TYP','AFD10002',NULL,NULL,'N','VARCHAR(2)',2,'07-MAR-16','MHICSTM',NULL,NULL,NULL,NULL,2,NULL,NULL,NULL,NULL,NULL,NULL,NULL,NULL,NULL,NULL,NULL,NULL,NULL);

INSERT INTO FT_T_CLDF (TBL_ID , COL_NME , FLD_ID , PRNT_TBL_ID , PRNT_COL_NME , COL_REQ_IND , DDL_DATA_TYP , COL_SQ_NUM , LAST_CHG_TMS , LAST_CHG_USR_ID , NATIVE_COL_IND , LOGL_NME , COL_DESC , DDL_BASE_DATA_TYP , DDL_DATA_LEN , DDL_DATA_PREC_NUM , DDL_DATA_SCALE_NUM , DDL_DATA_DFLT_TXT , COL_VIEW_NME , ORACLE_LOB_TXT , DB2_LOB_TXT , INFO_TYP_NME , COL_OBSOLETE_IND , COL_CMNT_TXT , DSPY_CAPTION_TXT , DMN_SET_ID , EDMV_USED_IND , VIRTUAL_COL_IND) VALUES ('AFD1','LAST_CHG_TMS','00003320',NULL,NULL,'Y','TIMESTAMP(0)',10,'07-MAR-16','MHICSTM',NULL,NULL,NULL,NULL,7,NULL,NULL,NULL,NULL,NULL,NULL,NULL,NULL,NULL,NULL,NULL,NULL,NULL);

INSERT INTO FT_T_CLDF (TBL_ID , COL_NME , FLD_ID , PRNT_TBL_ID , PRNT_COL_NME , COL_REQ_IND , DDL_DATA_TYP , COL_SQ_NUM , LAST_CHG_TMS , LAST_CHG_USR_ID , NATIVE_COL_IND , LOGL_NME , COL_DESC , DDL_BASE_DATA_TYP , DDL_DATA_LEN , DDL_DATA_PREC_NUM , DDL_DATA_SCALE_NUM , DDL_DATA_DFLT_TXT , COL_VIEW_NME , ORACLE_LOB_TXT , DB2_LOB_TXT , INFO_TYP_NME , COL_OBSOLETE_IND , COL_CMNT_TXT , DSPY_CAPTION_TXT , DMN_SET_ID , EDMV_USED_IND , VIRTUAL_COL_IND) VALUES ('AFD1','LAST_CHG_USR_ID','00003325',NULL,NULL,'Y','VARCHAR(256)',11,'07-MAR-16','MHICSTM',NULL,NULL,NULL,NULL,256,NULL,NULL,NULL,NULL,NULL,NULL,NULL,NULL,NULL,NULL,NULL,NULL,NULL);

INSERT INTO FT_T_CLDF (TBL_ID , COL_NME , FLD_ID , PRNT_TBL_ID , PRNT_COL_NME , COL_REQ_IND , DDL_DATA_TYP , COL_SQ_NUM , LAST_CHG_TMS , LAST_CHG_USR_ID , NATIVE_COL_IND , LOGL_NME , COL_DESC , DDL_BASE_DATA_TYP , DDL_DATA_LEN , DDL_DATA_PREC_NUM , DDL_DATA_SCALE_NUM , DDL_DATA_DFLT_TXT , COL_VIEW_NME , ORACLE_LOB_TXT , DB2_LOB_TXT , INFO_TYP_NME , COL_OBSOLETE_IND , COL_CMNT_TXT , DSPY_CAPTION_TXT , DMN_SET_ID , EDMV_USED_IND , VIRTUAL_COL_IND) VALUES ('AFD1','LEG_AGRMNT_ID','00003390',NULL,NULL,'N','VARCHAR(10)',2,'07-MAR-16','MHICSTM',NULL,NULL,NULL,NULL,10,NULL,NULL,NULL,NULL,NULL,NULL,NULL,NULL,NULL,NULL,NULL,NULL,NULL);

INSERT INTO FT_T_CLDF (TBL_ID , COL_NME , FLD_ID , PRNT_TBL_ID , PRNT_COL_NME , COL_REQ_IND , DDL_DATA_TYP , COL_SQ_NUM , LAST_CHG_TMS , LAST_CHG_USR_ID , NATIVE_COL_IND , LOGL_NME , COL_DESC , DDL_BASE_DATA_TYP , DDL_DATA_LEN , DDL_DATA_PREC_NUM , DDL_DATA_SCALE_NUM , DDL_DATA_DFLT_TXT , COL_VIEW_NME , ORACLE_LOB_TXT , DB2_LOB_TXT , INFO_TYP_NME , COL_OBSOLETE_IND , COL_CMNT_TXT , DSPY_CAPTION_TXT , DMN_SET_ID , EDMV_USED_IND , VIRTUAL_COL_IND) VALUES ('AFD1','ORG_ID','00004040',NULL,NULL,'N','VARCHAR(4)',3,'07-MAR-16','MHICSTM',NULL,NULL,NULL,NULL,4,NULL,NULL,NULL,NULL,NULL,NULL,NULL,NULL,NULL,NULL,NULL,NULL,NULL);

INSERT INTO FT_T_CLDF (TBL_ID , COL_NME , FLD_ID , PRNT_TBL_ID , PRNT_COL_NME , COL_REQ_IND , DDL_DATA_TYP , COL_SQ_NUM , LAST_CHG_TMS , LAST_CHG_USR_ID , NATIVE_COL_IND , LOGL_NME , COL_DESC , DDL_BASE_DATA_TYP , DDL_DATA_LEN , DDL_DATA_PREC_NUM , DDL_DATA_SCALE_NUM , DDL_DATA_DFLT_TXT , COL_VIEW_NME , ORACLE_LOB_TXT , DB2_LOB_TXT , INFO_TYP_NME , COL_OBSOLETE_IND , COL_CMNT_TXT , DSPY_CAPTION_TXT , DMN_SET_ID , EDMV_USED_IND , VIRTUAL_COL_IND) VALUES ('AFD1','RL_TYP','00005105',NULL,NULL,'Y','VARCHAR(8)',6,'07-MAR-16','MHICSTM',NULL,NULL,NULL,NULL,8,NULL,NULL,NULL,NULL,NULL,NULL,NULL,NULL,NULL,NULL,NULL,NULL,NULL);

INSERT INTO FT_T_CLDF (TBL_ID , COL_NME , FLD_ID , PRNT_TBL_ID , PRNT_COL_NME , COL_REQ_IND , DDL_DATA_TYP , COL_SQ_NUM , LAST_CHG_TMS , LAST_CHG_USR_ID , NATIVE_COL_IND , LOGL_NME , COL_DESC , DDL_BASE_DATA_TYP , DDL_DATA_LEN , DDL_DATA_PREC_NUM , DDL_DATA_SCALE_NUM , DDL_DATA_DFLT_TXT , COL_VIEW_NME , ORACLE_LOB_TXT , DB2_LOB_TXT , INFO_TYP_NME , COL_OBSOLETE_IND , COL_CMNT_TXT , DSPY_CAPTION_TXT , DMN_SET_ID , EDMV_USED_IND , VIRTUAL_COL_IND) VALUES ('AFD1','START_TMS','00007490',NULL,NULL,'Y','TIMESTAMP(0)',8,'07-MAR-16','MHICSTM',NULL,NULL,NULL,NULL,7,NULL,NULL,NULL,NULL,NULL,NULL,NULL,NULL,NULL,NULL,NULL,NULL,NULL);


 
INSERT INTO FT_T_TBDF (TBL_ID , LAST_CHG_TMS , LAST_CHG_USR_ID , DATA_MODL_VER_ID , TBL_NME , TBL_DESC , LAST_CMP_TMS , TBL_DDL_NME , TBL_CLSF_TYP , TBL_PROP_TO_NME , TBL_SUBJECT_AREA_NME , TBL_PRIN_APP_NME , TBL_OWNER_NME , TBL_DATA_OWNER_NME , TBL_DATA_TYP , TBL_DATA_UPD_RULE_TYP , TBL_OBSOLETE_IND , VDDB_SHARED_TBL_IND , PRODCTN_FIRST_INSTALL_TYP , PRODCTN_UPD_TYP , TBL_VIEW_NME , DATA_MODL_ID , TBL_CMNT_TXT , EST_TBL_SIZE_IND , LOGGING_IND , ORACLE_INIT_TRANS_NUM , ORACLE_PCT_FREE_NUM , DW_STANDALONE_IND , CDC_ENABLED_IND , AUDIT_ENABLED_IND , STAGING_ENABLED_IND , NON_RELATIONAL_TYP , LOCK_OCCUR_IND , BI_TEMPORAL_IND ) VALUES ('CLM1','27-MAY-16','MHICSTM','8.4.1.1','FT_T_CLM1','FT_T_CLM1',NULL,'FT_T_CLM1','X',NULL,NULL,NULL,NULL,NULL,NULL,NULL,NULL,NULL,NULL,NULL,NULL,NULL,NULL,NULL,NULL,NULL,NULL,NULL,NULL,NULL,NULL,NULL,NULL,NULL);

 
INSERT INTO FT_T_FLDF (FLD_ID , LAST_CHG_TMS , LAST_CHG_USR_ID , FLD_DATA_CL_ID , FLD_TAG_TYP , PRNT_FLD_ID , FLD_DFLT_METH_NME , FLD_EDIT_METH_NME , DDL_NME , FILL_CHAR , JUST_TYP , CTL_TOT_ELIG_IND , FLD_USED_BY_TYP , DMN_TBL_TYP , FLD_DFLT_VAL_TXT , FLD_NME , FLD_DESC , DSPY_DATA_TYP , DSPY_INT_NUM , DSPY_DEC_NUM , DSPY_CAPTION_TXT , MN_VAL_CAMT , MX_VAL_CAMT , FLD_DFLT_CAMT) SELECT 'CLM10001','27-MAY-16','MHICSTM','OID',NULL,NULL,NULL,NULL,'CLM1_OID',NULL,NULL,NULL,NULL,NULL,NULL,'CLM1_OID',NULL,NULL,NULL,NULL,NULL,NULL,NULL,NULL FROM DUAL WHERE NOT EXISTS (SELECT 1 FROM FT_T_FLDF WHERE FLD_ID= 'CLM10001');

INSERT INTO FT_T_FLDF (FLD_ID , LAST_CHG_TMS , LAST_CHG_USR_ID , FLD_DATA_CL_ID , FLD_TAG_TYP , PRNT_FLD_ID , FLD_DFLT_METH_NME , FLD_EDIT_METH_NME , DDL_NME , FILL_CHAR , JUST_TYP , CTL_TOT_ELIG_IND , FLD_USED_BY_TYP , DMN_TBL_TYP , FLD_DFLT_VAL_TXT , FLD_NME , FLD_DESC , DSPY_DATA_TYP , DSPY_INT_NUM , DSPY_DEC_NUM , DSPY_CAPTION_TXT , MN_VAL_CAMT , MX_VAL_CAMT , FLD_DFLT_CAMT) SELECT 'CLM10002','27-MAY-16','MHICSTM','DATATEXT',NULL,NULL,NULL,NULL,'COL_DISP_IND',NULL,NULL,NULL,NULL,NULL,NULL,'COL_DISP_IND',NULL,NULL,NULL,NULL,NULL,NULL,NULL,NULL FROM DUAL WHERE NOT EXISTS (SELECT 1 FROM FT_T_FLDF WHERE FLD_ID= 'CLM10002');

INSERT INTO FT_T_FLDF (FLD_ID , LAST_CHG_TMS , LAST_CHG_USR_ID , FLD_DATA_CL_ID , FLD_TAG_TYP , PRNT_FLD_ID , FLD_DFLT_METH_NME , FLD_EDIT_METH_NME , DDL_NME , FILL_CHAR , JUST_TYP , CTL_TOT_ELIG_IND , FLD_USED_BY_TYP , DMN_TBL_TYP , FLD_DFLT_VAL_TXT , FLD_NME , FLD_DESC , DSPY_DATA_TYP , DSPY_INT_NUM , DSPY_DEC_NUM , DSPY_CAPTION_TXT , MN_VAL_CAMT , MX_VAL_CAMT , FLD_DFLT_CAMT) SELECT 'CLM10008','27-MAY-16','MHICSTM','CURRAMT',NULL,NULL,NULL,NULL,'CPTY_INDEPENDENT_CAMT','0','R',NULL,'T',NULL,NULL,'CPTY_INDEPENDENT_CAMT',NULL,'DECIMAL',NULL,NULL,NULL,NULL,NULL,NULL FROM DUAL WHERE NOT EXISTS (SELECT 1 FROM FT_T_FLDF WHERE FLD_ID= 'CLM10008');

INSERT INTO FT_T_FLDF (FLD_ID , LAST_CHG_TMS , LAST_CHG_USR_ID , FLD_DATA_CL_ID , FLD_TAG_TYP , PRNT_FLD_ID , FLD_DFLT_METH_NME , FLD_EDIT_METH_NME , DDL_NME , FILL_CHAR , JUST_TYP , CTL_TOT_ELIG_IND , FLD_USED_BY_TYP , DMN_TBL_TYP , FLD_DFLT_VAL_TXT , FLD_NME , FLD_DESC , DSPY_DATA_TYP , DSPY_INT_NUM , DSPY_DEC_NUM , DSPY_CAPTION_TXT , MN_VAL_CAMT , MX_VAL_CAMT , FLD_DFLT_CAMT) SELECT 'CLM10004','27-MAY-16','MHICSTM','CURRAMT',NULL,NULL,NULL,NULL,'CPTY_MIN_TSFR_CAMT','0','R',NULL,'T',NULL,NULL,'CPTY_MIN_TSFR_CAMT',NULL,'DECIMAL',NULL,NULL,NULL,NULL,NULL,NULL FROM DUAL WHERE NOT EXISTS (SELECT 1 FROM FT_T_FLDF WHERE FLD_ID= 'CLM10004');

INSERT INTO FT_T_FLDF (FLD_ID , LAST_CHG_TMS , LAST_CHG_USR_ID , FLD_DATA_CL_ID , FLD_TAG_TYP , PRNT_FLD_ID , FLD_DFLT_METH_NME , FLD_EDIT_METH_NME , DDL_NME , FILL_CHAR , JUST_TYP , CTL_TOT_ELIG_IND , FLD_USED_BY_TYP , DMN_TBL_TYP , FLD_DFLT_VAL_TXT , FLD_NME , FLD_DESC , DSPY_DATA_TYP , DSPY_INT_NUM , DSPY_DEC_NUM , DSPY_CAPTION_TXT , MN_VAL_CAMT , MX_VAL_CAMT , FLD_DFLT_CAMT) SELECT 'CLM10006','27-MAY-16','MHICSTM','CURRAMT',NULL,NULL,NULL,NULL,'CPTY_THSHLD_CAMT','0','R',NULL,'T',NULL,NULL,'CPTY_THSHLD_CAMT',NULL,'DECIMAL',NULL,NULL,NULL,NULL,NULL,NULL FROM DUAL WHERE NOT EXISTS (SELECT 1 FROM FT_T_FLDF WHERE FLD_ID= 'CLM10006');

INSERT INTO FT_T_FLDF (FLD_ID , LAST_CHG_TMS , LAST_CHG_USR_ID , FLD_DATA_CL_ID , FLD_TAG_TYP , PRNT_FLD_ID , FLD_DFLT_METH_NME , FLD_EDIT_METH_NME , DDL_NME , FILL_CHAR , JUST_TYP , CTL_TOT_ELIG_IND , FLD_USED_BY_TYP , DMN_TBL_TYP , FLD_DFLT_VAL_TXT , FLD_NME , FLD_DESC , DSPY_DATA_TYP , DSPY_INT_NUM , DSPY_DEC_NUM , DSPY_CAPTION_TXT , MN_VAL_CAMT , MX_VAL_CAMT , FLD_DFLT_CAMT) SELECT '00161255','19-NOV-24','GS:MSYS','DSTATTYP',NULL,NULL,NULL,NULL,'DATA_STAT_TYP',NULL,'L',NULL,'T',NULL,NULL,'Data Status','This field specifies the status of the data within this row of the table.  Normally the value of this field will be "null" indicating that the data is active.  Depending upon how a specific data vendor supplies data, other possible values include "DELETED", "REPLACED".  It is also possible to use this field to indicate the verification status of the data in this table row.  In that case possible values include "UNVERIFIED" and "VERIFIED".','TEXT',NULL,NULL,'Data Status',NULL,NULL,NULL FROM DUAL WHERE NOT EXISTS (SELECT 1 FROM FT_T_FLDF WHERE FLD_ID= '00161255');

INSERT INTO FT_T_FLDF (FLD_ID , LAST_CHG_TMS , LAST_CHG_USR_ID , FLD_DATA_CL_ID , FLD_TAG_TYP , PRNT_FLD_ID , FLD_DFLT_METH_NME , FLD_EDIT_METH_NME , DDL_NME , FILL_CHAR , JUST_TYP , CTL_TOT_ELIG_IND , FLD_USED_BY_TYP , DMN_TBL_TYP , FLD_DFLT_VAL_TXT , FLD_NME , FLD_DESC , DSPY_DATA_TYP , DSPY_INT_NUM , DSPY_DEC_NUM , DSPY_CAPTION_TXT , MN_VAL_CAMT , MX_VAL_CAMT , FLD_DFLT_CAMT) SELECT '00007450','19-NOV-24','GS:MSYS','DATETIME',NULL,NULL,NULL,NULL,'END_TMS',NULL,'L',NULL,'T',NULL,NULL,'End Date/Time','This field specifies the date and time after which the table occurrence is no longer active.  A value of "null" in this field indicates that an End Date/Time is not given and that the table occurrence is active.  The End Date/Time is used in conjunction with the Start Date/Time to determine the period when the table occurrence is active.','DATETIME',NULL,NULL,'End Date/Time',NULL,NULL,NULL FROM DUAL WHERE NOT EXISTS (SELECT 1 FROM FT_T_FLDF WHERE FLD_ID= '00007450');

INSERT INTO FT_T_FLDF (FLD_ID , LAST_CHG_TMS , LAST_CHG_USR_ID , FLD_DATA_CL_ID , FLD_TAG_TYP , PRNT_FLD_ID , FLD_DFLT_METH_NME , FLD_EDIT_METH_NME , DDL_NME , FILL_CHAR , JUST_TYP , CTL_TOT_ELIG_IND , FLD_USED_BY_TYP , DMN_TBL_TYP , FLD_DFLT_VAL_TXT , FLD_NME , FLD_DESC , DSPY_DATA_TYP , DSPY_INT_NUM , DSPY_DEC_NUM , DSPY_CAPTION_TXT , MN_VAL_CAMT , MX_VAL_CAMT , FLD_DFLT_CAMT) SELECT '01841413','19-NOV-24','GS:MSYS','OID',NULL,NULL,NULL,NULL,'LAAN_OID',' ','L',NULL,'T',NULL,NULL,'Legal Agreement Annexure OID','This field contains an arbitrary value that uniquely identifies an occurrence of the Legal Agreement Annexure table. This value is typically programmatically generated.','TEXT',NULL,NULL,'Legal Agreement Annexure OID',NULL,NULL,NULL FROM DUAL WHERE NOT EXISTS (SELECT 1 FROM FT_T_FLDF WHERE FLD_ID= '01841413');

INSERT INTO FT_T_FLDF (FLD_ID , LAST_CHG_TMS , LAST_CHG_USR_ID , FLD_DATA_CL_ID , FLD_TAG_TYP , PRNT_FLD_ID , FLD_DFLT_METH_NME , FLD_EDIT_METH_NME , DDL_NME , FILL_CHAR , JUST_TYP , CTL_TOT_ELIG_IND , FLD_USED_BY_TYP , DMN_TBL_TYP , FLD_DFLT_VAL_TXT , FLD_NME , FLD_DESC , DSPY_DATA_TYP , DSPY_INT_NUM , DSPY_DEC_NUM , DSPY_CAPTION_TXT , MN_VAL_CAMT , MX_VAL_CAMT , FLD_DFLT_CAMT) SELECT '00003320','19-NOV-24','GS:MSYS','LSTCHGDT',NULL,NULL,NULL,NULL,'LAST_CHG_TMS',NULL,'L',NULL,'T',NULL,NULL,'Last Change Date/Time','This field contains the latest date and time that the values of the table occurrence on which this field resides were changed.','DATETIME',NULL,NULL,'Last Change Date/Time',NULL,NULL,NULL FROM DUAL WHERE NOT EXISTS (SELECT 1 FROM FT_T_FLDF WHERE FLD_ID= '00003320');

INSERT INTO FT_T_FLDF (FLD_ID , LAST_CHG_TMS , LAST_CHG_USR_ID , FLD_DATA_CL_ID , FLD_TAG_TYP , PRNT_FLD_ID , FLD_DFLT_METH_NME , FLD_EDIT_METH_NME , DDL_NME , FILL_CHAR , JUST_TYP , CTL_TOT_ELIG_IND , FLD_USED_BY_TYP , DMN_TBL_TYP , FLD_DFLT_VAL_TXT , FLD_NME , FLD_DESC , DSPY_DATA_TYP , DSPY_INT_NUM , DSPY_DEC_NUM , DSPY_CAPTION_TXT , MN_VAL_CAMT , MX_VAL_CAMT , FLD_DFLT_CAMT) SELECT '00003325','19-NOV-24','GS:MSYS','USER',NULL,NULL,NULL,NULL,'LAST_CHG_USR_ID',NULL,'L',NULL,'T',NULL,NULL,'Last Change User ID','This field contains the identifier of the last person or application that changed the values of the table occurrence on which this field resides.','TEXT',NULL,NULL,'Last Change User ID',NULL,NULL,NULL FROM DUAL WHERE NOT EXISTS (SELECT 1 FROM FT_T_FLDF WHERE FLD_ID= '00003325');

INSERT INTO FT_T_FLDF (FLD_ID , LAST_CHG_TMS , LAST_CHG_USR_ID , FLD_DATA_CL_ID , FLD_TAG_TYP , PRNT_FLD_ID , FLD_DFLT_METH_NME , FLD_EDIT_METH_NME , DDL_NME , FILL_CHAR , JUST_TYP , CTL_TOT_ELIG_IND , FLD_USED_BY_TYP , DMN_TBL_TYP , FLD_DFLT_VAL_TXT , FLD_NME , FLD_DESC , DSPY_DATA_TYP , DSPY_INT_NUM , DSPY_DEC_NUM , DSPY_CAPTION_TXT , MN_VAL_CAMT , MX_VAL_CAMT , FLD_DFLT_CAMT) SELECT '00003390','19-NOV-24','GS:MSYS','OID',NULL,NULL,NULL,NULL,'LEG_AGRMNT_ID',' ','L',NULL,'T',NULL,NULL,'Legal Agreement ID','This field acts as a surrogate key for this table.  This fields value is normally created via an algorithm that guarantees a unique value.','TEXT',NULL,NULL,'Legal Agreement ID',NULL,NULL,NULL FROM DUAL WHERE NOT EXISTS (SELECT 1 FROM FT_T_FLDF WHERE FLD_ID= '00003390');

INSERT INTO FT_T_FLDF (FLD_ID , LAST_CHG_TMS , LAST_CHG_USR_ID , FLD_DATA_CL_ID , FLD_TAG_TYP , PRNT_FLD_ID , FLD_DFLT_METH_NME , FLD_EDIT_METH_NME , DDL_NME , FILL_CHAR , JUST_TYP , CTL_TOT_ELIG_IND , FLD_USED_BY_TYP , DMN_TBL_TYP , FLD_DFLT_VAL_TXT , FLD_NME , FLD_DESC , DSPY_DATA_TYP , DSPY_INT_NUM , DSPY_DEC_NUM , DSPY_CAPTION_TXT , MN_VAL_CAMT , MX_VAL_CAMT , FLD_DFLT_CAMT) SELECT 'CLM10007','27-MAY-16','MHICSTM','CURRAMT',NULL,NULL,NULL,NULL,'MHI_INDEPENDENT_CAMT','0','R',NULL,'T',NULL,NULL,'MHI_INDEPENDENT_CAMT',NULL,'DECIMAL',NULL,NULL,NULL,NULL,NULL,NULL FROM DUAL WHERE NOT EXISTS (SELECT 1 FROM FT_T_FLDF WHERE FLD_ID= 'CLM10007');

INSERT INTO FT_T_FLDF (FLD_ID , LAST_CHG_TMS , LAST_CHG_USR_ID , FLD_DATA_CL_ID , FLD_TAG_TYP , PRNT_FLD_ID , FLD_DFLT_METH_NME , FLD_EDIT_METH_NME , DDL_NME , FILL_CHAR , JUST_TYP , CTL_TOT_ELIG_IND , FLD_USED_BY_TYP , DMN_TBL_TYP , FLD_DFLT_VAL_TXT , FLD_NME , FLD_DESC , DSPY_DATA_TYP , DSPY_INT_NUM , DSPY_DEC_NUM , DSPY_CAPTION_TXT , MN_VAL_CAMT , MX_VAL_CAMT , FLD_DFLT_CAMT) SELECT 'CLM10003','27-MAY-16','MHICSTM','CURRAMT',NULL,NULL,NULL,NULL,'MHI_MIN_TSFR_CAMT','0','R',NULL,'T',NULL,NULL,'MHI_MIN_TSFR_CAMT',NULL,'DECIMAL',NULL,NULL,NULL,NULL,NULL,NULL FROM DUAL WHERE NOT EXISTS (SELECT 1 FROM FT_T_FLDF WHERE FLD_ID= 'CLM10003');

INSERT INTO FT_T_FLDF (FLD_ID , LAST_CHG_TMS , LAST_CHG_USR_ID , FLD_DATA_CL_ID , FLD_TAG_TYP , PRNT_FLD_ID , FLD_DFLT_METH_NME , FLD_EDIT_METH_NME , DDL_NME , FILL_CHAR , JUST_TYP , CTL_TOT_ELIG_IND , FLD_USED_BY_TYP , DMN_TBL_TYP , FLD_DFLT_VAL_TXT , FLD_NME , FLD_DESC , DSPY_DATA_TYP , DSPY_INT_NUM , DSPY_DEC_NUM , DSPY_CAPTION_TXT , MN_VAL_CAMT , MX_VAL_CAMT , FLD_DFLT_CAMT) SELECT 'CLM10005','27-MAY-16','MHICSTM','CURRAMT',NULL,NULL,NULL,NULL,'MHI_THSHLD_CAMT','0','R',NULL,'T',NULL,NULL,'MHI_THSHLD_CAMT',NULL,'DECIMAL',NULL,NULL,NULL,NULL,NULL,NULL FROM DUAL WHERE NOT EXISTS (SELECT 1 FROM FT_T_FLDF WHERE FLD_ID= 'CLM10005');

INSERT INTO FT_T_FLDF (FLD_ID , LAST_CHG_TMS , LAST_CHG_USR_ID , FLD_DATA_CL_ID , FLD_TAG_TYP , PRNT_FLD_ID , FLD_DFLT_METH_NME , FLD_EDIT_METH_NME , DDL_NME , FILL_CHAR , JUST_TYP , CTL_TOT_ELIG_IND , FLD_USED_BY_TYP , DMN_TBL_TYP , FLD_DFLT_VAL_TXT , FLD_NME , FLD_DESC , DSPY_DATA_TYP , DSPY_INT_NUM , DSPY_DEC_NUM , DSPY_CAPTION_TXT , MN_VAL_CAMT , MX_VAL_CAMT , FLD_DFLT_CAMT) SELECT '00004040','19-NOV-24','GS:MSYS','ORG',NULL,NULL,NULL,NULL,'ORG_ID',' ','L',NULL,'T',NULL,NULL,'Organization ID','The Organization ID field uniquely identifies an enterprise.','TEXT',NULL,NULL,'Organization ID',NULL,NULL,NULL FROM DUAL WHERE NOT EXISTS (SELECT 1 FROM FT_T_FLDF WHERE FLD_ID= '00004040');

INSERT INTO FT_T_FLDF (FLD_ID , LAST_CHG_TMS , LAST_CHG_USR_ID , FLD_DATA_CL_ID , FLD_TAG_TYP , PRNT_FLD_ID , FLD_DFLT_METH_NME , FLD_EDIT_METH_NME , DDL_NME , FILL_CHAR , JUST_TYP , CTL_TOT_ELIG_IND , FLD_USED_BY_TYP , DMN_TBL_TYP , FLD_DFLT_VAL_TXT , FLD_NME , FLD_DESC , DSPY_DATA_TYP , DSPY_INT_NUM , DSPY_DEC_NUM , DSPY_CAPTION_TXT , MN_VAL_CAMT , MX_VAL_CAMT , FLD_DFLT_CAMT) SELECT '00007490','19-NOV-24','GS:MSYS','DATETIME',NULL,NULL,NULL,NULL,'START_TMS',NULL,'L',NULL,'T',NULL,NULL,'Start Date/Time','This field specifies the date and time from which the table occurrence is active.  In conjunction with the End Date/Time field, it determines the period when the table occurrence is active.','DATETIME',NULL,NULL,'Start Date/Time',NULL,NULL,NULL FROM DUAL WHERE NOT EXISTS (SELECT 1 FROM FT_T_FLDF WHERE FLD_ID= '00007490');

 
INSERT INTO FT_T_CLDF (TBL_ID , COL_NME , FLD_ID , PRNT_TBL_ID , PRNT_COL_NME , COL_REQ_IND , DDL_DATA_TYP , COL_SQ_NUM , LAST_CHG_TMS , LAST_CHG_USR_ID , NATIVE_COL_IND , LOGL_NME , COL_DESC , DDL_BASE_DATA_TYP , DDL_DATA_LEN , DDL_DATA_PREC_NUM , DDL_DATA_SCALE_NUM , DDL_DATA_DFLT_TXT , COL_VIEW_NME , ORACLE_LOB_TXT , DB2_LOB_TXT , INFO_TYP_NME , COL_OBSOLETE_IND , COL_CMNT_TXT , DSPY_CAPTION_TXT , DMN_SET_ID , EDMV_USED_IND , VIRTUAL_COL_IND) VALUES ('CLM1','CLM1_OID','CLM10001',NULL,NULL,'Y','VARCHAR(10)',1,'27-MAY-16','MHICSTM',NULL,NULL,NULL,NULL,10,NULL,NULL,NULL,NULL,NULL,NULL,NULL,NULL,NULL,NULL,NULL,NULL,NULL);

INSERT INTO FT_T_CLDF (TBL_ID , COL_NME , FLD_ID , PRNT_TBL_ID , PRNT_COL_NME , COL_REQ_IND , DDL_DATA_TYP , COL_SQ_NUM , LAST_CHG_TMS , LAST_CHG_USR_ID , NATIVE_COL_IND , LOGL_NME , COL_DESC , DDL_BASE_DATA_TYP , DDL_DATA_LEN , DDL_DATA_PREC_NUM , DDL_DATA_SCALE_NUM , DDL_DATA_DFLT_TXT , COL_VIEW_NME , ORACLE_LOB_TXT , DB2_LOB_TXT , INFO_TYP_NME , COL_OBSOLETE_IND , COL_CMNT_TXT , DSPY_CAPTION_TXT , DMN_SET_ID , EDMV_USED_IND , VIRTUAL_COL_IND) VALUES ('CLM1','COL_DISP_IND','CLM10002',NULL,NULL,'N','CHAR(1)',9,'27-MAY-16','MHICSTM',NULL,NULL,NULL,NULL,1,NULL,NULL,NULL,NULL,NULL,NULL,NULL,NULL,NULL,NULL,NULL,NULL,NULL);

INSERT INTO FT_T_CLDF (TBL_ID , COL_NME , FLD_ID , PRNT_TBL_ID , PRNT_COL_NME , COL_REQ_IND , DDL_DATA_TYP , COL_SQ_NUM , LAST_CHG_TMS , LAST_CHG_USR_ID , NATIVE_COL_IND , LOGL_NME , COL_DESC , DDL_BASE_DATA_TYP , DDL_DATA_LEN , DDL_DATA_PREC_NUM , DDL_DATA_SCALE_NUM , DDL_DATA_DFLT_TXT , COL_VIEW_NME , ORACLE_LOB_TXT , DB2_LOB_TXT , INFO_TYP_NME , COL_OBSOLETE_IND , COL_CMNT_TXT , DSPY_CAPTION_TXT , DMN_SET_ID , EDMV_USED_IND , VIRTUAL_COL_IND) VALUES ('CLM1','CPTY_INDEPENDENT_CAMT','CLM10008',NULL,NULL,'N','NUMERIC(31,5)',15,'27-MAY-16','MHICSTM',NULL,NULL,NULL,NULL,22,31,5,NULL,NULL,NULL,NULL,NULL,NULL,NULL,NULL,NULL,NULL,NULL);

INSERT INTO FT_T_CLDF (TBL_ID , COL_NME , FLD_ID , PRNT_TBL_ID , PRNT_COL_NME , COL_REQ_IND , DDL_DATA_TYP , COL_SQ_NUM , LAST_CHG_TMS , LAST_CHG_USR_ID , NATIVE_COL_IND , LOGL_NME , COL_DESC , DDL_BASE_DATA_TYP , DDL_DATA_LEN , DDL_DATA_PREC_NUM , DDL_DATA_SCALE_NUM , DDL_DATA_DFLT_TXT , COL_VIEW_NME , ORACLE_LOB_TXT , DB2_LOB_TXT , INFO_TYP_NME , COL_OBSOLETE_IND , COL_CMNT_TXT , DSPY_CAPTION_TXT , DMN_SET_ID , EDMV_USED_IND , VIRTUAL_COL_IND) VALUES ('CLM1','CPTY_MIN_TSFR_CAMT','CLM10004',NULL,NULL,'N','NUMERIC(31,5)',11,'27-MAY-16','MHICSTM',NULL,NULL,NULL,NULL,22,31,5,NULL,NULL,NULL,NULL,NULL,NULL,NULL,NULL,NULL,NULL,NULL);

INSERT INTO FT_T_CLDF (TBL_ID , COL_NME , FLD_ID , PRNT_TBL_ID , PRNT_COL_NME , COL_REQ_IND , DDL_DATA_TYP , COL_SQ_NUM , LAST_CHG_TMS , LAST_CHG_USR_ID , NATIVE_COL_IND , LOGL_NME , COL_DESC , DDL_BASE_DATA_TYP , DDL_DATA_LEN , DDL_DATA_PREC_NUM , DDL_DATA_SCALE_NUM , DDL_DATA_DFLT_TXT , COL_VIEW_NME , ORACLE_LOB_TXT , DB2_LOB_TXT , INFO_TYP_NME , COL_OBSOLETE_IND , COL_CMNT_TXT , DSPY_CAPTION_TXT , DMN_SET_ID , EDMV_USED_IND , VIRTUAL_COL_IND) VALUES ('CLM1','CPTY_THSHLD_CAMT','CLM10006',NULL,NULL,'N','NUMERIC(31,5)',13,'27-MAY-16','MHICSTM',NULL,NULL,NULL,NULL,22,31,5,NULL,NULL,NULL,NULL,NULL,NULL,NULL,NULL,NULL,NULL,NULL);

INSERT INTO FT_T_CLDF (TBL_ID , COL_NME , FLD_ID , PRNT_TBL_ID , PRNT_COL_NME , COL_REQ_IND , DDL_DATA_TYP , COL_SQ_NUM , LAST_CHG_TMS , LAST_CHG_USR_ID , NATIVE_COL_IND , LOGL_NME , COL_DESC , DDL_BASE_DATA_TYP , DDL_DATA_LEN , DDL_DATA_PREC_NUM , DDL_DATA_SCALE_NUM , DDL_DATA_DFLT_TXT , COL_VIEW_NME , ORACLE_LOB_TXT , DB2_LOB_TXT , INFO_TYP_NME , COL_OBSOLETE_IND , COL_CMNT_TXT , DSPY_CAPTION_TXT , DMN_SET_ID , EDMV_USED_IND , VIRTUAL_COL_IND) VALUES ('CLM1','DATA_STAT_TYP','00161255',NULL,NULL,'N','VARCHAR(20)',8,'27-MAY-16','MHICSTM',NULL,NULL,NULL,NULL,20,NULL,NULL,NULL,NULL,NULL,NULL,NULL,NULL,NULL,NULL,NULL,NULL,NULL);

INSERT INTO FT_T_CLDF (TBL_ID , COL_NME , FLD_ID , PRNT_TBL_ID , PRNT_COL_NME , COL_REQ_IND , DDL_DATA_TYP , COL_SQ_NUM , LAST_CHG_TMS , LAST_CHG_USR_ID , NATIVE_COL_IND , LOGL_NME , COL_DESC , DDL_BASE_DATA_TYP , DDL_DATA_LEN , DDL_DATA_PREC_NUM , DDL_DATA_SCALE_NUM , DDL_DATA_DFLT_TXT , COL_VIEW_NME , ORACLE_LOB_TXT , DB2_LOB_TXT , INFO_TYP_NME , COL_OBSOLETE_IND , COL_CMNT_TXT , DSPY_CAPTION_TXT , DMN_SET_ID , EDMV_USED_IND , VIRTUAL_COL_IND) VALUES ('CLM1','END_TMS','00007450',NULL,NULL,'N','TIMESTAMP(0)',5,'27-MAY-16','MHICSTM',NULL,NULL,NULL,NULL,7,NULL,NULL,NULL,NULL,NULL,NULL,NULL,NULL,NULL,NULL,NULL,NULL,NULL);

INSERT INTO FT_T_CLDF (TBL_ID , COL_NME , FLD_ID , PRNT_TBL_ID , PRNT_COL_NME , COL_REQ_IND , DDL_DATA_TYP , COL_SQ_NUM , LAST_CHG_TMS , LAST_CHG_USR_ID , NATIVE_COL_IND , LOGL_NME , COL_DESC , DDL_BASE_DATA_TYP , DDL_DATA_LEN , DDL_DATA_PREC_NUM , DDL_DATA_SCALE_NUM , DDL_DATA_DFLT_TXT , COL_VIEW_NME , ORACLE_LOB_TXT , DB2_LOB_TXT , INFO_TYP_NME , COL_OBSOLETE_IND , COL_CMNT_TXT , DSPY_CAPTION_TXT , DMN_SET_ID , EDMV_USED_IND , VIRTUAL_COL_IND) VALUES ('CLM1','LAAN_OID','01841413',NULL,NULL,'N','VARCHAR(10)',220,'10-JAN-17','MHICSTM',NULL,NULL,NULL,NULL,10,NULL,NULL,NULL,NULL,NULL,NULL,NULL,NULL,NULL,NULL,NULL,NULL,NULL);

INSERT INTO FT_T_CLDF (TBL_ID , COL_NME , FLD_ID , PRNT_TBL_ID , PRNT_COL_NME , COL_REQ_IND , DDL_DATA_TYP , COL_SQ_NUM , LAST_CHG_TMS , LAST_CHG_USR_ID , NATIVE_COL_IND , LOGL_NME , COL_DESC , DDL_BASE_DATA_TYP , DDL_DATA_LEN , DDL_DATA_PREC_NUM , DDL_DATA_SCALE_NUM , DDL_DATA_DFLT_TXT , COL_VIEW_NME , ORACLE_LOB_TXT , DB2_LOB_TXT , INFO_TYP_NME , COL_OBSOLETE_IND , COL_CMNT_TXT , DSPY_CAPTION_TXT , DMN_SET_ID , EDMV_USED_IND , VIRTUAL_COL_IND) VALUES ('CLM1','LAST_CHG_TMS','00003320',NULL,NULL,'Y','TIMESTAMP(0)',6,'27-MAY-16','MHICSTM',NULL,NULL,NULL,NULL,7,NULL,NULL,NULL,NULL,NULL,NULL,NULL,NULL,NULL,NULL,NULL,NULL,NULL);

INSERT INTO FT_T_CLDF (TBL_ID , COL_NME , FLD_ID , PRNT_TBL_ID , PRNT_COL_NME , COL_REQ_IND , DDL_DATA_TYP , COL_SQ_NUM , LAST_CHG_TMS , LAST_CHG_USR_ID , NATIVE_COL_IND , LOGL_NME , COL_DESC , DDL_BASE_DATA_TYP , DDL_DATA_LEN , DDL_DATA_PREC_NUM , DDL_DATA_SCALE_NUM , DDL_DATA_DFLT_TXT , COL_VIEW_NME , ORACLE_LOB_TXT , DB2_LOB_TXT , INFO_TYP_NME , COL_OBSOLETE_IND , COL_CMNT_TXT , DSPY_CAPTION_TXT , DMN_SET_ID , EDMV_USED_IND , VIRTUAL_COL_IND) VALUES ('CLM1','LAST_CHG_USR_ID','00003325',NULL,NULL,'Y','VARCHAR(256)',7,'27-MAY-16','MHICSTM',NULL,NULL,NULL,NULL,256,NULL,NULL,NULL,NULL,NULL,NULL,NULL,NULL,NULL,NULL,NULL,NULL,NULL);

INSERT INTO FT_T_CLDF (TBL_ID , COL_NME , FLD_ID , PRNT_TBL_ID , PRNT_COL_NME , COL_REQ_IND , DDL_DATA_TYP , COL_SQ_NUM , LAST_CHG_TMS , LAST_CHG_USR_ID , NATIVE_COL_IND , LOGL_NME , COL_DESC , DDL_BASE_DATA_TYP , DDL_DATA_LEN , DDL_DATA_PREC_NUM , DDL_DATA_SCALE_NUM , DDL_DATA_DFLT_TXT , COL_VIEW_NME , ORACLE_LOB_TXT , DB2_LOB_TXT , INFO_TYP_NME , COL_OBSOLETE_IND , COL_CMNT_TXT , DSPY_CAPTION_TXT , DMN_SET_ID , EDMV_USED_IND , VIRTUAL_COL_IND) VALUES ('CLM1','LEG_AGRMNT_ID','00003390',NULL,NULL,'N','VARCHAR(10)',2,'27-MAY-16','MHICSTM',NULL,NULL,NULL,NULL,10,NULL,NULL,NULL,NULL,NULL,NULL,NULL,NULL,NULL,NULL,NULL,NULL,NULL);

INSERT INTO FT_T_CLDF (TBL_ID , COL_NME , FLD_ID , PRNT_TBL_ID , PRNT_COL_NME , COL_REQ_IND , DDL_DATA_TYP , COL_SQ_NUM , LAST_CHG_TMS , LAST_CHG_USR_ID , NATIVE_COL_IND , LOGL_NME , COL_DESC , DDL_BASE_DATA_TYP , DDL_DATA_LEN , DDL_DATA_PREC_NUM , DDL_DATA_SCALE_NUM , DDL_DATA_DFLT_TXT , COL_VIEW_NME , ORACLE_LOB_TXT , DB2_LOB_TXT , INFO_TYP_NME , COL_OBSOLETE_IND , COL_CMNT_TXT , DSPY_CAPTION_TXT , DMN_SET_ID , EDMV_USED_IND , VIRTUAL_COL_IND) VALUES ('CLM1','MHI_INDEPENDENT_CAMT','CLM10007',NULL,NULL,'N','NUMERIC(31,5)',14,'27-MAY-16','MHICSTM',NULL,NULL,NULL,NULL,22,31,5,NULL,NULL,NULL,NULL,NULL,NULL,NULL,NULL,NULL,NULL,NULL);

INSERT INTO FT_T_CLDF (TBL_ID , COL_NME , FLD_ID , PRNT_TBL_ID , PRNT_COL_NME , COL_REQ_IND , DDL_DATA_TYP , COL_SQ_NUM , LAST_CHG_TMS , LAST_CHG_USR_ID , NATIVE_COL_IND , LOGL_NME , COL_DESC , DDL_BASE_DATA_TYP , DDL_DATA_LEN , DDL_DATA_PREC_NUM , DDL_DATA_SCALE_NUM , DDL_DATA_DFLT_TXT , COL_VIEW_NME , ORACLE_LOB_TXT , DB2_LOB_TXT , INFO_TYP_NME , COL_OBSOLETE_IND , COL_CMNT_TXT , DSPY_CAPTION_TXT , DMN_SET_ID , EDMV_USED_IND , VIRTUAL_COL_IND) VALUES ('CLM1','MHI_MIN_TSFR_CAMT','CLM10003',NULL,NULL,'N','NUMERIC(31,5)',10,'27-MAY-16','MHICSTM',NULL,NULL,NULL,NULL,22,31,5,NULL,NULL,NULL,NULL,NULL,NULL,NULL,NULL,NULL,NULL,NULL);

INSERT INTO FT_T_CLDF (TBL_ID , COL_NME , FLD_ID , PRNT_TBL_ID , PRNT_COL_NME , COL_REQ_IND , DDL_DATA_TYP , COL_SQ_NUM , LAST_CHG_TMS , LAST_CHG_USR_ID , NATIVE_COL_IND , LOGL_NME , COL_DESC , DDL_BASE_DATA_TYP , DDL_DATA_LEN , DDL_DATA_PREC_NUM , DDL_DATA_SCALE_NUM , DDL_DATA_DFLT_TXT , COL_VIEW_NME , ORACLE_LOB_TXT , DB2_LOB_TXT , INFO_TYP_NME , COL_OBSOLETE_IND , COL_CMNT_TXT , DSPY_CAPTION_TXT , DMN_SET_ID , EDMV_USED_IND , VIRTUAL_COL_IND) VALUES ('CLM1','MHI_THSHLD_CAMT','CLM10005',NULL,NULL,'N','NUMERIC(31,5)',12,'27-MAY-16','MHICSTM',NULL,NULL,NULL,NULL,22,31,5,NULL,NULL,NULL,NULL,NULL,NULL,NULL,NULL,NULL,NULL,NULL);

INSERT INTO FT_T_CLDF (TBL_ID , COL_NME , FLD_ID , PRNT_TBL_ID , PRNT_COL_NME , COL_REQ_IND , DDL_DATA_TYP , COL_SQ_NUM , LAST_CHG_TMS , LAST_CHG_USR_ID , NATIVE_COL_IND , LOGL_NME , COL_DESC , DDL_BASE_DATA_TYP , DDL_DATA_LEN , DDL_DATA_PREC_NUM , DDL_DATA_SCALE_NUM , DDL_DATA_DFLT_TXT , COL_VIEW_NME , ORACLE_LOB_TXT , DB2_LOB_TXT , INFO_TYP_NME , COL_OBSOLETE_IND , COL_CMNT_TXT , DSPY_CAPTION_TXT , DMN_SET_ID , EDMV_USED_IND , VIRTUAL_COL_IND) VALUES ('CLM1','ORG_ID','00004040',NULL,NULL,'N','VARCHAR(4)',3,'27-MAY-16','MHICSTM',NULL,NULL,NULL,NULL,4,NULL,NULL,NULL,NULL,NULL,NULL,NULL,NULL,NULL,NULL,NULL,NULL,NULL);

INSERT INTO FT_T_CLDF (TBL_ID , COL_NME , FLD_ID , PRNT_TBL_ID , PRNT_COL_NME , COL_REQ_IND , DDL_DATA_TYP , COL_SQ_NUM , LAST_CHG_TMS , LAST_CHG_USR_ID , NATIVE_COL_IND , LOGL_NME , COL_DESC , DDL_BASE_DATA_TYP , DDL_DATA_LEN , DDL_DATA_PREC_NUM , DDL_DATA_SCALE_NUM , DDL_DATA_DFLT_TXT , COL_VIEW_NME , ORACLE_LOB_TXT , DB2_LOB_TXT , INFO_TYP_NME , COL_OBSOLETE_IND , COL_CMNT_TXT , DSPY_CAPTION_TXT , DMN_SET_ID , EDMV_USED_IND , VIRTUAL_COL_IND) VALUES ('CLM1','START_TMS','00007490',NULL,NULL,'Y','TIMESTAMP(0)',4,'27-MAY-16','MHICSTM',NULL,NULL,NULL,NULL,7,NULL,NULL,NULL,NULL,NULL,NULL,NULL,NULL,NULL,NULL,NULL,NULL,NULL);

INSERT INTO FT_T_TBRL (TBRL_OID , TBL_ID , REF_TBL_ID , TBL_FGN_KEY_ID , TBL_MERGE_TYP , TBL_DUP_ERROR_IND , LAST_CHG_TMS , LAST_CHG_USR_ID , PRIM_KEY_CMPNT_IND , LOGL_ONLY_IND , RFI_RULE_TYP , CHILD_TO_PRNT_TXT , CHILD_TO_PRNT_REQ_IND , CHILD_TO_PRNT_CARD_TYP , PRNT_TO_CHILD_TXT , PRNT_TO_CHILD_REQ_IND , PRNT_TO_CHILD_CARD_TYP , ALT_LOGL_KEY , REF_PARTITION_IND) VALUES ('CLM1LAAN01','CLM1','LAAN','FT_T_CLM1_F002',NULL,NULL,'10-JAN-17','MHICSTM',NULL,'N','R','can represent a','N','0,1','acts as','N','0,M',NULL,NULL);

INSERT INTO FT_T_TBRN (TBRN_OID , TBRL_OID , TBL_ID , COL_NME , COL_SQ_NUM , LAST_CHG_TMS , LAST_CHG_USR_ID) VALUES ('CLM1F00201','CLM1LAAN01','CLM1','LAAN_OID',2,'10-JAN-17','MHICSTM');


INSERT INTO FT_T_TBDF (TBL_ID , LAST_CHG_TMS , LAST_CHG_USR_ID , DATA_MODL_VER_ID , TBL_NME , TBL_DESC , LAST_CMP_TMS , TBL_DDL_NME , TBL_CLSF_TYP , TBL_PROP_TO_NME , TBL_SUBJECT_AREA_NME , TBL_PRIN_APP_NME , TBL_OWNER_NME , TBL_DATA_OWNER_NME , TBL_DATA_TYP , TBL_DATA_UPD_RULE_TYP , TBL_OBSOLETE_IND , VDDB_SHARED_TBL_IND , PRODCTN_FIRST_INSTALL_TYP , PRODCTN_UPD_TYP , TBL_VIEW_NME , DATA_MODL_ID , TBL_CMNT_TXT , EST_TBL_SIZE_IND , LOGGING_IND , ORACLE_INIT_TRANS_NUM , ORACLE_PCT_FREE_NUM , DW_STANDALONE_IND , CDC_ENABLED_IND , AUDIT_ENABLED_IND , STAGING_ENABLED_IND , NON_RELATIONAL_TYP , LOCK_OCCUR_IND , BI_TEMPORAL_IND ) VALUES ('CVT1','10-JAN-17','MHICSTM','8.4.1.1','FT_T_CVT1','Covered Transactions Tabl1',NULL,'FT_T_CVT1','X',NULL,NULL,NULL,NULL,NULL,NULL,NULL,NULL,NULL,NULL,NULL,NULL,NULL,NULL,NULL,NULL,NULL,NULL,NULL,NULL,NULL,NULL,NULL,NULL,NULL);

 
INSERT INTO FT_T_FLDF (FLD_ID , LAST_CHG_TMS , LAST_CHG_USR_ID , FLD_DATA_CL_ID , FLD_TAG_TYP , PRNT_FLD_ID , FLD_DFLT_METH_NME , FLD_EDIT_METH_NME , DDL_NME , FILL_CHAR , JUST_TYP , CTL_TOT_ELIG_IND , FLD_USED_BY_TYP , DMN_TBL_TYP , FLD_DFLT_VAL_TXT , FLD_NME , FLD_DESC , DSPY_DATA_TYP , DSPY_INT_NUM , DSPY_DEC_NUM , DSPY_CAPTION_TXT , MN_VAL_CAMT , MX_VAL_CAMT , FLD_DFLT_CAMT) SELECT 'CVT10003','10-JAN-17','MHICSTM','DATATEXT',NULL,NULL,NULL,NULL,'CVRD_IND',NULL,'L',NULL,'T',NULL,NULL,'SIMM Covered',NULL,'TEXT',NULL,NULL,NULL,NULL,NULL,NULL FROM DUAL WHERE NOT EXISTS (SELECT 1 FROM FT_T_FLDF WHERE FLD_ID= 'CVT10003');

INSERT INTO FT_T_FLDF (FLD_ID , LAST_CHG_TMS , LAST_CHG_USR_ID , FLD_DATA_CL_ID , FLD_TAG_TYP , PRNT_FLD_ID , FLD_DFLT_METH_NME , FLD_EDIT_METH_NME , DDL_NME , FILL_CHAR , JUST_TYP , CTL_TOT_ELIG_IND , FLD_USED_BY_TYP , DMN_TBL_TYP , FLD_DFLT_VAL_TXT , FLD_NME , FLD_DESC , DSPY_DATA_TYP , DSPY_INT_NUM , DSPY_DEC_NUM , DSPY_CAPTION_TXT , MN_VAL_CAMT , MX_VAL_CAMT , FLD_DFLT_CAMT) SELECT 'CVT10001','10-JAN-17','MHICSTM','OID',NULL,NULL,NULL,NULL,'CVT1_OID',NULL,'L',NULL,'T',NULL,NULL,'Covered Transactions Table OID','This field contains an arbitrary value that uniquely identifies an occurrence of the Covered Tranction table. This value is typically programmatically generated.','TEXT',NULL,NULL,NULL,NULL,NULL,NULL FROM DUAL WHERE NOT EXISTS (SELECT 1 FROM FT_T_FLDF WHERE FLD_ID= 'CVT10001');

INSERT INTO FT_T_FLDF (FLD_ID , LAST_CHG_TMS , LAST_CHG_USR_ID , FLD_DATA_CL_ID , FLD_TAG_TYP , PRNT_FLD_ID , FLD_DFLT_METH_NME , FLD_EDIT_METH_NME , DDL_NME , FILL_CHAR , JUST_TYP , CTL_TOT_ELIG_IND , FLD_USED_BY_TYP , DMN_TBL_TYP , FLD_DFLT_VAL_TXT , FLD_NME , FLD_DESC , DSPY_DATA_TYP , DSPY_INT_NUM , DSPY_DEC_NUM , DSPY_CAPTION_TXT , MN_VAL_CAMT , MX_VAL_CAMT , FLD_DFLT_CAMT) SELECT '00161254','19-NOV-24','GS:MSYS','DSRCID',NULL,NULL,NULL,NULL,'DATA_SRC_ID',NULL,'L',NULL,'T',NULL,NULL,'Data Source ID','This field uniquely identifies the source that provided the data.  This is typically a vendor.  It is recommended that a unique mnemonic be supplied (for example, "TELEKURS" and "EXTEL") in order to facilitate the identification of the data provider.','TEXT',NULL,NULL,'Data Source ID',NULL,NULL,NULL FROM DUAL WHERE NOT EXISTS (SELECT 1 FROM FT_T_FLDF WHERE FLD_ID= '00161254');

INSERT INTO FT_T_FLDF (FLD_ID , LAST_CHG_TMS , LAST_CHG_USR_ID , FLD_DATA_CL_ID , FLD_TAG_TYP , PRNT_FLD_ID , FLD_DFLT_METH_NME , FLD_EDIT_METH_NME , DDL_NME , FILL_CHAR , JUST_TYP , CTL_TOT_ELIG_IND , FLD_USED_BY_TYP , DMN_TBL_TYP , FLD_DFLT_VAL_TXT , FLD_NME , FLD_DESC , DSPY_DATA_TYP , DSPY_INT_NUM , DSPY_DEC_NUM , DSPY_CAPTION_TXT , MN_VAL_CAMT , MX_VAL_CAMT , FLD_DFLT_CAMT) SELECT '00161255','19-NOV-24','GS:MSYS','DSTATTYP',NULL,NULL,NULL,NULL,'DATA_STAT_TYP',NULL,'L',NULL,'T',NULL,NULL,'Data Status','This field specifies the status of the data within this row of the table.  Normally the value of this field will be "null" indicating that the data is active.  Depending upon how a specific data vendor supplies data, other possible values include "DELETED", "REPLACED".  It is also possible to use this field to indicate the verification status of the data in this table row.  In that case possible values include "UNVERIFIED" and "VERIFIED".','TEXT',NULL,NULL,'Data Status',NULL,NULL,NULL FROM DUAL WHERE NOT EXISTS (SELECT 1 FROM FT_T_FLDF WHERE FLD_ID= '00161255');

INSERT INTO FT_T_FLDF (FLD_ID , LAST_CHG_TMS , LAST_CHG_USR_ID , FLD_DATA_CL_ID , FLD_TAG_TYP , PRNT_FLD_ID , FLD_DFLT_METH_NME , FLD_EDIT_METH_NME , DDL_NME , FILL_CHAR , JUST_TYP , CTL_TOT_ELIG_IND , FLD_USED_BY_TYP , DMN_TBL_TYP , FLD_DFLT_VAL_TXT , FLD_NME , FLD_DESC , DSPY_DATA_TYP , DSPY_INT_NUM , DSPY_DEC_NUM , DSPY_CAPTION_TXT , MN_VAL_CAMT , MX_VAL_CAMT , FLD_DFLT_CAMT) SELECT '00008090','19-NOV-24','GS:MSYS','DATETIME',NULL,NULL,NULL,NULL,'EFF_TMS',NULL,'L',NULL,'T',NULL,NULL,'Effective Date/Time','This field stores the date and time on which an event is expected to take effect.','DATETIME',NULL,NULL,'Effective Date/Time',NULL,NULL,NULL FROM DUAL WHERE NOT EXISTS (SELECT 1 FROM FT_T_FLDF WHERE FLD_ID= '00008090');

INSERT INTO FT_T_FLDF (FLD_ID , LAST_CHG_TMS , LAST_CHG_USR_ID , FLD_DATA_CL_ID , FLD_TAG_TYP , PRNT_FLD_ID , FLD_DFLT_METH_NME , FLD_EDIT_METH_NME , DDL_NME , FILL_CHAR , JUST_TYP , CTL_TOT_ELIG_IND , FLD_USED_BY_TYP , DMN_TBL_TYP , FLD_DFLT_VAL_TXT , FLD_NME , FLD_DESC , DSPY_DATA_TYP , DSPY_INT_NUM , DSPY_DEC_NUM , DSPY_CAPTION_TXT , MN_VAL_CAMT , MX_VAL_CAMT , FLD_DFLT_CAMT) SELECT '00007450','19-NOV-24','GS:MSYS','DATETIME',NULL,NULL,NULL,NULL,'END_TMS',NULL,'L',NULL,'T',NULL,NULL,'End Date/Time','This field specifies the date and time after which the table occurrence is no longer active.  A value of "null" in this field indicates that an End Date/Time is not given and that the table occurrence is active.  The End Date/Time is used in conjunction with the Start Date/Time to determine the period when the table occurrence is active.','DATETIME',NULL,NULL,'End Date/Time',NULL,NULL,NULL FROM DUAL WHERE NOT EXISTS (SELECT 1 FROM FT_T_FLDF WHERE FLD_ID= '00007450');

INSERT INTO FT_T_FLDF (FLD_ID , LAST_CHG_TMS , LAST_CHG_USR_ID , FLD_DATA_CL_ID , FLD_TAG_TYP , PRNT_FLD_ID , FLD_DFLT_METH_NME , FLD_EDIT_METH_NME , DDL_NME , FILL_CHAR , JUST_TYP , CTL_TOT_ELIG_IND , FLD_USED_BY_TYP , DMN_TBL_TYP , FLD_DFLT_VAL_TXT , FLD_NME , FLD_DESC , DSPY_DATA_TYP , DSPY_INT_NUM , DSPY_DEC_NUM , DSPY_CAPTION_TXT , MN_VAL_CAMT , MX_VAL_CAMT , FLD_DFLT_CAMT) SELECT 'CVT10004','10-JAN-17','MHICSTM','DATATEXT',NULL,NULL,NULL,NULL,'IM_IND',NULL,'L',NULL,'T',NULL,NULL,'Initial Margin (IM) Flag',NULL,'TEXT',NULL,NULL,NULL,NULL,NULL,NULL FROM DUAL WHERE NOT EXISTS (SELECT 1 FROM FT_T_FLDF WHERE FLD_ID= 'CVT10004');

INSERT INTO FT_T_FLDF (FLD_ID , LAST_CHG_TMS , LAST_CHG_USR_ID , FLD_DATA_CL_ID , FLD_TAG_TYP , PRNT_FLD_ID , FLD_DFLT_METH_NME , FLD_EDIT_METH_NME , DDL_NME , FILL_CHAR , JUST_TYP , CTL_TOT_ELIG_IND , FLD_USED_BY_TYP , DMN_TBL_TYP , FLD_DFLT_VAL_TXT , FLD_NME , FLD_DESC , DSPY_DATA_TYP , DSPY_INT_NUM , DSPY_DEC_NUM , DSPY_CAPTION_TXT , MN_VAL_CAMT , MX_VAL_CAMT , FLD_DFLT_CAMT) SELECT '00003320','19-NOV-24','GS:MSYS','LSTCHGDT',NULL,NULL,NULL,NULL,'LAST_CHG_TMS',NULL,'L',NULL,'T',NULL,NULL,'Last Change Date/Time','This field contains the latest date and time that the values of the table occurrence on which this field resides were changed.','DATETIME',NULL,NULL,'Last Change Date/Time',NULL,NULL,NULL FROM DUAL WHERE NOT EXISTS (SELECT 1 FROM FT_T_FLDF WHERE FLD_ID= '00003320');

INSERT INTO FT_T_FLDF (FLD_ID , LAST_CHG_TMS , LAST_CHG_USR_ID , FLD_DATA_CL_ID , FLD_TAG_TYP , PRNT_FLD_ID , FLD_DFLT_METH_NME , FLD_EDIT_METH_NME , DDL_NME , FILL_CHAR , JUST_TYP , CTL_TOT_ELIG_IND , FLD_USED_BY_TYP , DMN_TBL_TYP , FLD_DFLT_VAL_TXT , FLD_NME , FLD_DESC , DSPY_DATA_TYP , DSPY_INT_NUM , DSPY_DEC_NUM , DSPY_CAPTION_TXT , MN_VAL_CAMT , MX_VAL_CAMT , FLD_DFLT_CAMT) SELECT '00003325','19-NOV-24','GS:MSYS','USER',NULL,NULL,NULL,NULL,'LAST_CHG_USR_ID',NULL,'L',NULL,'T',NULL,NULL,'Last Change User ID','This field contains the identifier of the last person or application that changed the values of the table occurrence on which this field resides.','TEXT',NULL,NULL,'Last Change User ID',NULL,NULL,NULL FROM DUAL WHERE NOT EXISTS (SELECT 1 FROM FT_T_FLDF WHERE FLD_ID= '00003325');

INSERT INTO FT_T_FLDF (FLD_ID , LAST_CHG_TMS , LAST_CHG_USR_ID , FLD_DATA_CL_ID , FLD_TAG_TYP , PRNT_FLD_ID , FLD_DFLT_METH_NME , FLD_EDIT_METH_NME , DDL_NME , FILL_CHAR , JUST_TYP , CTL_TOT_ELIG_IND , FLD_USED_BY_TYP , DMN_TBL_TYP , FLD_DFLT_VAL_TXT , FLD_NME , FLD_DESC , DSPY_DATA_TYP , DSPY_INT_NUM , DSPY_DEC_NUM , DSPY_CAPTION_TXT , MN_VAL_CAMT , MX_VAL_CAMT , FLD_DFLT_CAMT) SELECT 'RGM10001','10-JAN-17','MHICSTM','OID',NULL,NULL,NULL,NULL,'RGM1_OID',NULL,'L',NULL,'T',NULL,NULL,'Regime Table OID','This field contains an arbitrary value that uniquely identifies an occurrence of the Regime table. This value is typically programmatically generated.','TEXT',NULL,NULL,NULL,NULL,NULL,NULL FROM DUAL WHERE NOT EXISTS (SELECT 1 FROM FT_T_FLDF WHERE FLD_ID= 'RGM10001');

INSERT INTO FT_T_FLDF (FLD_ID , LAST_CHG_TMS , LAST_CHG_USR_ID , FLD_DATA_CL_ID , FLD_TAG_TYP , PRNT_FLD_ID , FLD_DFLT_METH_NME , FLD_EDIT_METH_NME , DDL_NME , FILL_CHAR , JUST_TYP , CTL_TOT_ELIG_IND , FLD_USED_BY_TYP , DMN_TBL_TYP , FLD_DFLT_VAL_TXT , FLD_NME , FLD_DESC , DSPY_DATA_TYP , DSPY_INT_NUM , DSPY_DEC_NUM , DSPY_CAPTION_TXT , MN_VAL_CAMT , MX_VAL_CAMT , FLD_DFLT_CAMT) SELECT '00007490','19-NOV-24','GS:MSYS','DATETIME',NULL,NULL,NULL,NULL,'START_TMS',NULL,'L',NULL,'T',NULL,NULL,'Start Date/Time','This field specifies the date and time from which the table occurrence is active.  In conjunction with the End Date/Time field, it determines the period when the table occurrence is active.','DATETIME',NULL,NULL,'Start Date/Time',NULL,NULL,NULL FROM DUAL WHERE NOT EXISTS (SELECT 1 FROM FT_T_FLDF WHERE FLD_ID= '00007490');

INSERT INTO FT_T_FLDF (FLD_ID , LAST_CHG_TMS , LAST_CHG_USR_ID , FLD_DATA_CL_ID , FLD_TAG_TYP , PRNT_FLD_ID , FLD_DFLT_METH_NME , FLD_EDIT_METH_NME , DDL_NME , FILL_CHAR , JUST_TYP , CTL_TOT_ELIG_IND , FLD_USED_BY_TYP , DMN_TBL_TYP , FLD_DFLT_VAL_TXT , FLD_NME , FLD_DESC , DSPY_DATA_TYP , DSPY_INT_NUM , DSPY_DEC_NUM , DSPY_CAPTION_TXT , MN_VAL_CAMT , MX_VAL_CAMT , FLD_DFLT_CAMT) SELECT 'CVT10002','10-JAN-17','MHICSTM','LONGTEXT',NULL,NULL,NULL,NULL,'TRAN_TYP',NULL,'L',NULL,'T',NULL,NULL,'SIMM Transaction Type',NULL,'TEXT',NULL,NULL,NULL,NULL,NULL,NULL FROM DUAL WHERE NOT EXISTS (SELECT 1 FROM FT_T_FLDF WHERE FLD_ID= 'CVT10002');

INSERT INTO FT_T_FLDF (FLD_ID , LAST_CHG_TMS , LAST_CHG_USR_ID , FLD_DATA_CL_ID , FLD_TAG_TYP , PRNT_FLD_ID , FLD_DFLT_METH_NME , FLD_EDIT_METH_NME , DDL_NME , FILL_CHAR , JUST_TYP , CTL_TOT_ELIG_IND , FLD_USED_BY_TYP , DMN_TBL_TYP , FLD_DFLT_VAL_TXT , FLD_NME , FLD_DESC , DSPY_DATA_TYP , DSPY_INT_NUM , DSPY_DEC_NUM , DSPY_CAPTION_TXT , MN_VAL_CAMT , MX_VAL_CAMT , FLD_DFLT_CAMT) SELECT 'CVT10005','10-JAN-17','MHICSTM','DATATEXT',NULL,NULL,NULL,NULL,'VM_IND',NULL,'L',NULL,'T',NULL,NULL,'Variation Margin (VM) Flag',NULL,'TEXT',NULL,NULL,NULL,NULL,NULL,NULL FROM DUAL WHERE NOT EXISTS (SELECT 1 FROM FT_T_FLDF WHERE FLD_ID= 'CVT10005');

 
INSERT INTO FT_T_CLDF (TBL_ID , COL_NME , FLD_ID , PRNT_TBL_ID , PRNT_COL_NME , COL_REQ_IND , DDL_DATA_TYP , COL_SQ_NUM , LAST_CHG_TMS , LAST_CHG_USR_ID , NATIVE_COL_IND , LOGL_NME , COL_DESC , DDL_BASE_DATA_TYP , DDL_DATA_LEN , DDL_DATA_PREC_NUM , DDL_DATA_SCALE_NUM , DDL_DATA_DFLT_TXT , COL_VIEW_NME , ORACLE_LOB_TXT , DB2_LOB_TXT , INFO_TYP_NME , COL_OBSOLETE_IND , COL_CMNT_TXT , DSPY_CAPTION_TXT , DMN_SET_ID , EDMV_USED_IND , VIRTUAL_COL_IND) VALUES ('CVT1','CVRD_IND','CVT10003',NULL,NULL,'N','VARCHAR(10)',4,'10-JAN-17','MHICSTM',NULL,NULL,NULL,NULL,10,NULL,NULL,NULL,NULL,NULL,NULL,NULL,NULL,NULL,NULL,NULL,NULL,NULL);

INSERT INTO FT_T_CLDF (TBL_ID , COL_NME , FLD_ID , PRNT_TBL_ID , PRNT_COL_NME , COL_REQ_IND , DDL_DATA_TYP , COL_SQ_NUM , LAST_CHG_TMS , LAST_CHG_USR_ID , NATIVE_COL_IND , LOGL_NME , COL_DESC , DDL_BASE_DATA_TYP , DDL_DATA_LEN , DDL_DATA_PREC_NUM , DDL_DATA_SCALE_NUM , DDL_DATA_DFLT_TXT , COL_VIEW_NME , ORACLE_LOB_TXT , DB2_LOB_TXT , INFO_TYP_NME , COL_OBSOLETE_IND , COL_CMNT_TXT , DSPY_CAPTION_TXT , DMN_SET_ID , EDMV_USED_IND , VIRTUAL_COL_IND) VALUES ('CVT1','CVT1_OID','CVT10001',NULL,NULL,'Y','VARCHAR(10)',1,'10-JAN-17','MHICSTM',NULL,NULL,NULL,NULL,10,NULL,NULL,NULL,NULL,NULL,NULL,NULL,NULL,NULL,NULL,NULL,NULL,NULL);

INSERT INTO FT_T_CLDF (TBL_ID , COL_NME , FLD_ID , PRNT_TBL_ID , PRNT_COL_NME , COL_REQ_IND , DDL_DATA_TYP , COL_SQ_NUM , LAST_CHG_TMS , LAST_CHG_USR_ID , NATIVE_COL_IND , LOGL_NME , COL_DESC , DDL_BASE_DATA_TYP , DDL_DATA_LEN , DDL_DATA_PREC_NUM , DDL_DATA_SCALE_NUM , DDL_DATA_DFLT_TXT , COL_VIEW_NME , ORACLE_LOB_TXT , DB2_LOB_TXT , INFO_TYP_NME , COL_OBSOLETE_IND , COL_CMNT_TXT , DSPY_CAPTION_TXT , DMN_SET_ID , EDMV_USED_IND , VIRTUAL_COL_IND) VALUES ('CVT1','DATA_SRC_ID','00161254',NULL,NULL,'N','VARCHAR(40)',12,'10-JAN-17','MHICSTM',NULL,NULL,NULL,NULL,40,NULL,NULL,NULL,NULL,NULL,NULL,NULL,NULL,NULL,NULL,NULL,NULL,NULL);

INSERT INTO FT_T_CLDF (TBL_ID , COL_NME , FLD_ID , PRNT_TBL_ID , PRNT_COL_NME , COL_REQ_IND , DDL_DATA_TYP , COL_SQ_NUM , LAST_CHG_TMS , LAST_CHG_USR_ID , NATIVE_COL_IND , LOGL_NME , COL_DESC , DDL_BASE_DATA_TYP , DDL_DATA_LEN , DDL_DATA_PREC_NUM , DDL_DATA_SCALE_NUM , DDL_DATA_DFLT_TXT , COL_VIEW_NME , ORACLE_LOB_TXT , DB2_LOB_TXT , INFO_TYP_NME , COL_OBSOLETE_IND , COL_CMNT_TXT , DSPY_CAPTION_TXT , DMN_SET_ID , EDMV_USED_IND , VIRTUAL_COL_IND) VALUES ('CVT1','DATA_STAT_TYP','00161255',NULL,NULL,'N','VARCHAR(20)',11,'10-JAN-17','MHICSTM',NULL,NULL,NULL,NULL,20,NULL,NULL,NULL,NULL,NULL,NULL,NULL,NULL,NULL,NULL,NULL,NULL,NULL);

INSERT INTO FT_T_CLDF (TBL_ID , COL_NME , FLD_ID , PRNT_TBL_ID , PRNT_COL_NME , COL_REQ_IND , DDL_DATA_TYP , COL_SQ_NUM , LAST_CHG_TMS , LAST_CHG_USR_ID , NATIVE_COL_IND , LOGL_NME , COL_DESC , DDL_BASE_DATA_TYP , DDL_DATA_LEN , DDL_DATA_PREC_NUM , DDL_DATA_SCALE_NUM , DDL_DATA_DFLT_TXT , COL_VIEW_NME , ORACLE_LOB_TXT , DB2_LOB_TXT , INFO_TYP_NME , COL_OBSOLETE_IND , COL_CMNT_TXT , DSPY_CAPTION_TXT , DMN_SET_ID , EDMV_USED_IND , VIRTUAL_COL_IND) VALUES ('CVT1','EFF_TMS','00008090',NULL,NULL,'N','TIMESTAMP(0)',13,'10-JAN-17','MHICSTM',NULL,NULL,NULL,NULL,7,NULL,NULL,NULL,NULL,NULL,NULL,NULL,NULL,NULL,NULL,NULL,NULL,NULL);

INSERT INTO FT_T_CLDF (TBL_ID , COL_NME , FLD_ID , PRNT_TBL_ID , PRNT_COL_NME , COL_REQ_IND , DDL_DATA_TYP , COL_SQ_NUM , LAST_CHG_TMS , LAST_CHG_USR_ID , NATIVE_COL_IND , LOGL_NME , COL_DESC , DDL_BASE_DATA_TYP , DDL_DATA_LEN , DDL_DATA_PREC_NUM , DDL_DATA_SCALE_NUM , DDL_DATA_DFLT_TXT , COL_VIEW_NME , ORACLE_LOB_TXT , DB2_LOB_TXT , INFO_TYP_NME , COL_OBSOLETE_IND , COL_CMNT_TXT , DSPY_CAPTION_TXT , DMN_SET_ID , EDMV_USED_IND , VIRTUAL_COL_IND) VALUES ('CVT1','END_TMS','00007450',NULL,NULL,'N','TIMESTAMP(0)',8,'10-JAN-17','MHICSTM',NULL,NULL,NULL,NULL,7,NULL,NULL,NULL,NULL,NULL,NULL,NULL,NULL,NULL,NULL,NULL,NULL,NULL);

INSERT INTO FT_T_CLDF (TBL_ID , COL_NME , FLD_ID , PRNT_TBL_ID , PRNT_COL_NME , COL_REQ_IND , DDL_DATA_TYP , COL_SQ_NUM , LAST_CHG_TMS , LAST_CHG_USR_ID , NATIVE_COL_IND , LOGL_NME , COL_DESC , DDL_BASE_DATA_TYP , DDL_DATA_LEN , DDL_DATA_PREC_NUM , DDL_DATA_SCALE_NUM , DDL_DATA_DFLT_TXT , COL_VIEW_NME , ORACLE_LOB_TXT , DB2_LOB_TXT , INFO_TYP_NME , COL_OBSOLETE_IND , COL_CMNT_TXT , DSPY_CAPTION_TXT , DMN_SET_ID , EDMV_USED_IND , VIRTUAL_COL_IND) VALUES ('CVT1','IM_IND','CVT10004',NULL,NULL,'N','VARCHAR(20)',5,'10-JAN-17','MHICSTM',NULL,NULL,NULL,NULL,20,NULL,NULL,NULL,NULL,NULL,NULL,NULL,NULL,NULL,NULL,NULL,NULL,NULL);

INSERT INTO FT_T_CLDF (TBL_ID , COL_NME , FLD_ID , PRNT_TBL_ID , PRNT_COL_NME , COL_REQ_IND , DDL_DATA_TYP , COL_SQ_NUM , LAST_CHG_TMS , LAST_CHG_USR_ID , NATIVE_COL_IND , LOGL_NME , COL_DESC , DDL_BASE_DATA_TYP , DDL_DATA_LEN , DDL_DATA_PREC_NUM , DDL_DATA_SCALE_NUM , DDL_DATA_DFLT_TXT , COL_VIEW_NME , ORACLE_LOB_TXT , DB2_LOB_TXT , INFO_TYP_NME , COL_OBSOLETE_IND , COL_CMNT_TXT , DSPY_CAPTION_TXT , DMN_SET_ID , EDMV_USED_IND , VIRTUAL_COL_IND) VALUES ('CVT1','LAST_CHG_TMS','00003320',NULL,NULL,'Y','TIMESTAMP(0)',9,'10-JAN-17','MHICSTM',NULL,NULL,NULL,NULL,7,NULL,NULL,NULL,NULL,NULL,NULL,NULL,NULL,NULL,NULL,NULL,NULL,NULL);

INSERT INTO FT_T_CLDF (TBL_ID , COL_NME , FLD_ID , PRNT_TBL_ID , PRNT_COL_NME , COL_REQ_IND , DDL_DATA_TYP , COL_SQ_NUM , LAST_CHG_TMS , LAST_CHG_USR_ID , NATIVE_COL_IND , LOGL_NME , COL_DESC , DDL_BASE_DATA_TYP , DDL_DATA_LEN , DDL_DATA_PREC_NUM , DDL_DATA_SCALE_NUM , DDL_DATA_DFLT_TXT , COL_VIEW_NME , ORACLE_LOB_TXT , DB2_LOB_TXT , INFO_TYP_NME , COL_OBSOLETE_IND , COL_CMNT_TXT , DSPY_CAPTION_TXT , DMN_SET_ID , EDMV_USED_IND , VIRTUAL_COL_IND) VALUES ('CVT1','LAST_CHG_USR_ID','00003325',NULL,NULL,'Y','VARCHAR(256)',10,'10-JAN-17','MHICSTM',NULL,NULL,NULL,NULL,256,NULL,NULL,NULL,NULL,NULL,NULL,NULL,NULL,NULL,NULL,NULL,NULL,NULL);

INSERT INTO FT_T_CLDF (TBL_ID , COL_NME , FLD_ID , PRNT_TBL_ID , PRNT_COL_NME , COL_REQ_IND , DDL_DATA_TYP , COL_SQ_NUM , LAST_CHG_TMS , LAST_CHG_USR_ID , NATIVE_COL_IND , LOGL_NME , COL_DESC , DDL_BASE_DATA_TYP , DDL_DATA_LEN , DDL_DATA_PREC_NUM , DDL_DATA_SCALE_NUM , DDL_DATA_DFLT_TXT , COL_VIEW_NME , ORACLE_LOB_TXT , DB2_LOB_TXT , INFO_TYP_NME , COL_OBSOLETE_IND , COL_CMNT_TXT , DSPY_CAPTION_TXT , DMN_SET_ID , EDMV_USED_IND , VIRTUAL_COL_IND) VALUES ('CVT1','RGM1_OID','RGM10001',NULL,NULL,'Y','VARCHAR(10)',2,'10-JAN-17','MHICSTM',NULL,NULL,NULL,NULL,10,NULL,NULL,NULL,NULL,NULL,NULL,NULL,NULL,NULL,NULL,NULL,NULL,NULL);

INSERT INTO FT_T_CLDF (TBL_ID , COL_NME , FLD_ID , PRNT_TBL_ID , PRNT_COL_NME , COL_REQ_IND , DDL_DATA_TYP , COL_SQ_NUM , LAST_CHG_TMS , LAST_CHG_USR_ID , NATIVE_COL_IND , LOGL_NME , COL_DESC , DDL_BASE_DATA_TYP , DDL_DATA_LEN , DDL_DATA_PREC_NUM , DDL_DATA_SCALE_NUM , DDL_DATA_DFLT_TXT , COL_VIEW_NME , ORACLE_LOB_TXT , DB2_LOB_TXT , INFO_TYP_NME , COL_OBSOLETE_IND , COL_CMNT_TXT , DSPY_CAPTION_TXT , DMN_SET_ID , EDMV_USED_IND , VIRTUAL_COL_IND) VALUES ('CVT1','START_TMS','00007490',NULL,NULL,'Y','TIMESTAMP(0)',7,'10-JAN-17','MHICSTM',NULL,NULL,NULL,NULL,7,NULL,NULL,NULL,NULL,NULL,NULL,NULL,NULL,NULL,NULL,NULL,NULL,NULL);

INSERT INTO FT_T_CLDF (TBL_ID , COL_NME , FLD_ID , PRNT_TBL_ID , PRNT_COL_NME , COL_REQ_IND , DDL_DATA_TYP , COL_SQ_NUM , LAST_CHG_TMS , LAST_CHG_USR_ID , NATIVE_COL_IND , LOGL_NME , COL_DESC , DDL_BASE_DATA_TYP , DDL_DATA_LEN , DDL_DATA_PREC_NUM , DDL_DATA_SCALE_NUM , DDL_DATA_DFLT_TXT , COL_VIEW_NME , ORACLE_LOB_TXT , DB2_LOB_TXT , INFO_TYP_NME , COL_OBSOLETE_IND , COL_CMNT_TXT , DSPY_CAPTION_TXT , DMN_SET_ID , EDMV_USED_IND , VIRTUAL_COL_IND) VALUES ('CVT1','TRAN_TYP','CVT10002',NULL,NULL,'N','VARCHAR(256)',3,'10-JAN-17','MHICSTM',NULL,NULL,NULL,NULL,256,NULL,NULL,NULL,NULL,NULL,NULL,NULL,NULL,NULL,NULL,NULL,NULL,NULL);

INSERT INTO FT_T_CLDF (TBL_ID , COL_NME , FLD_ID , PRNT_TBL_ID , PRNT_COL_NME , COL_REQ_IND , DDL_DATA_TYP , COL_SQ_NUM , LAST_CHG_TMS , LAST_CHG_USR_ID , NATIVE_COL_IND , LOGL_NME , COL_DESC , DDL_BASE_DATA_TYP , DDL_DATA_LEN , DDL_DATA_PREC_NUM , DDL_DATA_SCALE_NUM , DDL_DATA_DFLT_TXT , COL_VIEW_NME , ORACLE_LOB_TXT , DB2_LOB_TXT , INFO_TYP_NME , COL_OBSOLETE_IND , COL_CMNT_TXT , DSPY_CAPTION_TXT , DMN_SET_ID , EDMV_USED_IND , VIRTUAL_COL_IND) VALUES ('CVT1','VM_IND','CVT10005',NULL,NULL,'N','VARCHAR(20)',6,'10-JAN-17','MHICSTM',NULL,NULL,NULL,NULL,20,NULL,NULL,NULL,NULL,NULL,NULL,NULL,NULL,NULL,NULL,NULL,NULL,NULL);

INSERT INTO FT_T_TIDX (TIDX_OID , TBL_ID , TBL_INDEX_NME , TBL_INDEX_TYP , LAST_CHG_TMS , LAST_CHG_USR_ID , TBL_INDEX_PARTITION_TYP , ORACLE_INIT_TRANS_NUM , REVERSE_INDEX_IND , BITMAP_INDEX_IND) VALUES ('CVT1P001==','CVT1','FT_T_CVT1_PK','P','10-JAN-17','MHICSTM',NULL,NULL,NULL,NULL);

INSERT INTO FT_T_TIDC (TIDC_OID , TIDX_OID , TBL_ID , COL_NME , COL_SQ_NUM , SORT_SEQ_TYP , LAST_CHG_TMS , LAST_CHG_USR_ID , COL_EXPR_TXT) VALUES ('CVT1P00101','CVT1P001==','CVT1','CVT1_OID',1,NULL,'10-JAN-17','MHICSTM',NULL);

INSERT INTO FT_T_TBRL (TBRL_OID , TBL_ID , REF_TBL_ID , TBL_FGN_KEY_ID , TBL_MERGE_TYP , TBL_DUP_ERROR_IND , LAST_CHG_TMS , LAST_CHG_USR_ID , PRIM_KEY_CMPNT_IND , LOGL_ONLY_IND , RFI_RULE_TYP , CHILD_TO_PRNT_TXT , CHILD_TO_PRNT_REQ_IND , CHILD_TO_PRNT_CARD_TYP , PRNT_TO_CHILD_TXT , PRNT_TO_CHILD_REQ_IND , PRNT_TO_CHILD_CARD_TYP , ALT_LOGL_KEY , REF_PARTITION_IND) VALUES ('CVT1RGM101','CVT1','RGM1','FT_T_CVT1_F001',NULL,NULL,'10-JAN-17','MHICSTM',NULL,'N','R','can represent a','N','0,1','acts as','N','0,M',NULL,NULL);

INSERT INTO FT_T_TBRN (TBRN_OID , TBRL_OID , TBL_ID , COL_NME , COL_SQ_NUM , LAST_CHG_TMS , LAST_CHG_USR_ID) VALUES ('CVT1F00101','CVT1RGM101','CVT1','RGM1_OID',1,'10-JAN-17','MHICSTM');

INSERT INTO FT_T_TBDF (TBL_ID , LAST_CHG_TMS , LAST_CHG_USR_ID , DATA_MODL_VER_ID , TBL_NME , TBL_DESC , LAST_CMP_TMS , TBL_DDL_NME , TBL_CLSF_TYP , TBL_PROP_TO_NME , TBL_SUBJECT_AREA_NME , TBL_PRIN_APP_NME , TBL_OWNER_NME , TBL_DATA_OWNER_NME , TBL_DATA_TYP , TBL_DATA_UPD_RULE_TYP , TBL_OBSOLETE_IND , VDDB_SHARED_TBL_IND , PRODCTN_FIRST_INSTALL_TYP , PRODCTN_UPD_TYP , TBL_VIEW_NME , DATA_MODL_ID , TBL_CMNT_TXT , EST_TBL_SIZE_IND , LOGGING_IND , ORACLE_INIT_TRANS_NUM , ORACLE_PCT_FREE_NUM , DW_STANDALONE_IND , CDC_ENABLED_IND , AUDIT_ENABLED_IND , STAGING_ENABLED_IND , NON_RELATIONAL_TYP , LOCK_OCCUR_IND , BI_TEMPORAL_IND ) VALUES ('LAAC','05-JUN-21','MHI:CSTM','8.4.1.1','FT_T_LAAC','Legal Agreement Annexure Prt Calendar',NULL,'FT_T_LAAC','X',NULL,NULL,NULL,NULL,NULL,NULL,NULL,'N',NULL,NULL,NULL,'FT_T_LAAN',NULL,NULL,NULL,NULL,NULL,NULL,NULL,NULL,NULL,NULL,NULL,NULL,NULL);
 
INSERT INTO FT_T_FLDF (FLD_ID , LAST_CHG_TMS , LAST_CHG_USR_ID , FLD_DATA_CL_ID , FLD_TAG_TYP , PRNT_FLD_ID , FLD_DFLT_METH_NME , FLD_EDIT_METH_NME , DDL_NME , FILL_CHAR , JUST_TYP , CTL_TOT_ELIG_IND , FLD_USED_BY_TYP , DMN_TBL_TYP , FLD_DFLT_VAL_TXT , FLD_NME , FLD_DESC , DSPY_DATA_TYP , DSPY_INT_NUM , DSPY_DEC_NUM , DSPY_CAPTION_TXT , MN_VAL_CAMT , MX_VAL_CAMT , FLD_DFLT_CAMT) SELECT '00007645','19-NOV-24','GS:MSYS','IDV10',NULL,NULL,NULL,NULL,'CAL_ID',NULL,'L',NULL,'T',NULL,NULL,'Calendar ID','This is a value that uniquely identifies one occurrence of the Calendar Definition table.','TEXT',NULL,NULL,'Calendar ID',NULL,NULL,NULL FROM DUAL WHERE NOT EXISTS (SELECT 1 FROM FT_T_FLDF WHERE FLD_ID= '00007645');

INSERT INTO FT_T_FLDF (FLD_ID , LAST_CHG_TMS , LAST_CHG_USR_ID , FLD_DATA_CL_ID , FLD_TAG_TYP , PRNT_FLD_ID , FLD_DFLT_METH_NME , FLD_EDIT_METH_NME , DDL_NME , FILL_CHAR , JUST_TYP , CTL_TOT_ELIG_IND , FLD_USED_BY_TYP , DMN_TBL_TYP , FLD_DFLT_VAL_TXT , FLD_NME , FLD_DESC , DSPY_DATA_TYP , DSPY_INT_NUM , DSPY_DEC_NUM , DSPY_CAPTION_TXT , MN_VAL_CAMT , MX_VAL_CAMT , FLD_DFLT_CAMT) SELECT '00100025','19-NOV-24','GS:MSYS','LONGDESC',NULL,NULL,NULL,NULL,'CAL_PRT_DESC',NULL,'L',NULL,'T',NULL,NULL,'Calendar Participant Description','This field provides a textual description for the calendar purpose.','TEXT',NULL,NULL,'Calendar Participant Description',NULL,NULL,NULL FROM DUAL WHERE NOT EXISTS (SELECT 1 FROM FT_T_FLDF WHERE FLD_ID= '00100025');

INSERT INTO FT_T_FLDF (FLD_ID , LAST_CHG_TMS , LAST_CHG_USR_ID , FLD_DATA_CL_ID , FLD_TAG_TYP , PRNT_FLD_ID , FLD_DFLT_METH_NME , FLD_EDIT_METH_NME , DDL_NME , FILL_CHAR , JUST_TYP , CTL_TOT_ELIG_IND , FLD_USED_BY_TYP , DMN_TBL_TYP , FLD_DFLT_VAL_TXT , FLD_NME , FLD_DESC , DSPY_DATA_TYP , DSPY_INT_NUM , DSPY_DEC_NUM , DSPY_CAPTION_TXT , MN_VAL_CAMT , MX_VAL_CAMT , FLD_DFLT_CAMT) SELECT '00100026','19-NOV-24','GS:MSYS','PURPOSE',NULL,NULL,NULL,NULL,'CAL_PURP_TYP',' ','L',NULL,'T',NULL,NULL,'Calendar Purpose','This field specifies the business purpose associated with the calendar.  Example values include "business days", and "trading days".','TEXT',NULL,NULL,'Calendar Purpose',NULL,NULL,NULL FROM DUAL WHERE NOT EXISTS (SELECT 1 FROM FT_T_FLDF WHERE FLD_ID= '00100026');

INSERT INTO FT_T_FLDF (FLD_ID , LAST_CHG_TMS , LAST_CHG_USR_ID , FLD_DATA_CL_ID , FLD_TAG_TYP , PRNT_FLD_ID , FLD_DFLT_METH_NME , FLD_EDIT_METH_NME , DDL_NME , FILL_CHAR , JUST_TYP , CTL_TOT_ELIG_IND , FLD_USED_BY_TYP , DMN_TBL_TYP , FLD_DFLT_VAL_TXT , FLD_NME , FLD_DESC , DSPY_DATA_TYP , DSPY_INT_NUM , DSPY_DEC_NUM , DSPY_CAPTION_TXT , MN_VAL_CAMT , MX_VAL_CAMT , FLD_DFLT_CAMT) SELECT '00161254','19-NOV-24','GS:MSYS','DSRCID',NULL,NULL,NULL,NULL,'DATA_SRC_ID',NULL,'L',NULL,'T',NULL,NULL,'Data Source ID','This field uniquely identifies the source that provided the data.  This is typically a vendor.  It is recommended that a unique mnemonic be supplied (for example, "TELEKURS" and "EXTEL") in order to facilitate the identification of the data provider.','TEXT',NULL,NULL,'Data Source ID',NULL,NULL,NULL FROM DUAL WHERE NOT EXISTS (SELECT 1 FROM FT_T_FLDF WHERE FLD_ID= '00161254');

INSERT INTO FT_T_FLDF (FLD_ID , LAST_CHG_TMS , LAST_CHG_USR_ID , FLD_DATA_CL_ID , FLD_TAG_TYP , PRNT_FLD_ID , FLD_DFLT_METH_NME , FLD_EDIT_METH_NME , DDL_NME , FILL_CHAR , JUST_TYP , CTL_TOT_ELIG_IND , FLD_USED_BY_TYP , DMN_TBL_TYP , FLD_DFLT_VAL_TXT , FLD_NME , FLD_DESC , DSPY_DATA_TYP , DSPY_INT_NUM , DSPY_DEC_NUM , DSPY_CAPTION_TXT , MN_VAL_CAMT , MX_VAL_CAMT , FLD_DFLT_CAMT) SELECT '00161255','19-NOV-24','GS:MSYS','DSTATTYP',NULL,NULL,NULL,NULL,'DATA_STAT_TYP',NULL,'L',NULL,'T',NULL,NULL,'Data Status','This field specifies the status of the data within this row of the table.  Normally the value of this field will be "null" indicating that the data is active.  Depending upon how a specific data vendor supplies data, other possible values include "DELETED", "REPLACED".  It is also possible to use this field to indicate the verification status of the data in this table row.  In that case possible values include "UNVERIFIED" and "VERIFIED".','TEXT',NULL,NULL,'Data Status',NULL,NULL,NULL FROM DUAL WHERE NOT EXISTS (SELECT 1 FROM FT_T_FLDF WHERE FLD_ID= '00161255');

INSERT INTO FT_T_FLDF (FLD_ID , LAST_CHG_TMS , LAST_CHG_USR_ID , FLD_DATA_CL_ID , FLD_TAG_TYP , PRNT_FLD_ID , FLD_DFLT_METH_NME , FLD_EDIT_METH_NME , DDL_NME , FILL_CHAR , JUST_TYP , CTL_TOT_ELIG_IND , FLD_USED_BY_TYP , DMN_TBL_TYP , FLD_DFLT_VAL_TXT , FLD_NME , FLD_DESC , DSPY_DATA_TYP , DSPY_INT_NUM , DSPY_DEC_NUM , DSPY_CAPTION_TXT , MN_VAL_CAMT , MX_VAL_CAMT , FLD_DFLT_CAMT) SELECT '00007450','19-NOV-24','GS:MSYS','DATETIME',NULL,NULL,NULL,NULL,'END_TMS',NULL,'L',NULL,'T',NULL,NULL,'End Date/Time','This field specifies the date and time after which the table occurrence is no longer active.  A value of "null" in this field indicates that an End Date/Time is not given and that the table occurrence is active.  The End Date/Time is used in conjunction with the Start Date/Time to determine the period when the table occurrence is active.','DATETIME',NULL,NULL,'End Date/Time',NULL,NULL,NULL FROM DUAL WHERE NOT EXISTS (SELECT 1 FROM FT_T_FLDF WHERE FLD_ID= '00007450');

INSERT INTO FT_T_FLDF (FLD_ID , LAST_CHG_TMS , LAST_CHG_USR_ID , FLD_DATA_CL_ID , FLD_TAG_TYP , PRNT_FLD_ID , FLD_DFLT_METH_NME , FLD_EDIT_METH_NME , DDL_NME , FILL_CHAR , JUST_TYP , CTL_TOT_ELIG_IND , FLD_USED_BY_TYP , DMN_TBL_TYP , FLD_DFLT_VAL_TXT , FLD_NME , FLD_DESC , DSPY_DATA_TYP , DSPY_INT_NUM , DSPY_DEC_NUM , DSPY_CAPTION_TXT , MN_VAL_CAMT , MX_VAL_CAMT , FLD_DFLT_CAMT) SELECT 'LAAC0001','05-JUN-21','MHI:CSTM','OID',NULL,NULL,NULL,NULL,'LAAC_OID',NULL,'L',NULL,'T',NULL,NULL,'Legal Agreement Annexure Prt Cal OID','arbitrary value that uniquely identifies an occurrence of the Legal Agreement Annexure Prt Calendar table','TEXT',NULL,NULL,NULL,NULL,NULL,NULL FROM DUAL WHERE NOT EXISTS (SELECT 1 FROM FT_T_FLDF WHERE FLD_ID= 'LAAC0001');

INSERT INTO FT_T_FLDF (FLD_ID , LAST_CHG_TMS , LAST_CHG_USR_ID , FLD_DATA_CL_ID , FLD_TAG_TYP , PRNT_FLD_ID , FLD_DFLT_METH_NME , FLD_EDIT_METH_NME , DDL_NME , FILL_CHAR , JUST_TYP , CTL_TOT_ELIG_IND , FLD_USED_BY_TYP , DMN_TBL_TYP , FLD_DFLT_VAL_TXT , FLD_NME , FLD_DESC , DSPY_DATA_TYP , DSPY_INT_NUM , DSPY_DEC_NUM , DSPY_CAPTION_TXT , MN_VAL_CAMT , MX_VAL_CAMT , FLD_DFLT_CAMT) SELECT '01841427','19-NOV-24','GS:MSYS','OID',NULL,NULL,NULL,NULL,'LAAP_OID',' ','L',NULL,'T',NULL,NULL,'Legal Agreement Annex Participant OID','This field contains an arbitrary value that uniquely identifies an occurrence of the Legal Agreement Annex Participant table. This value is typically programmatically generated.','TEXT',NULL,NULL,'Legal Agreement Annex Participant OID',NULL,NULL,NULL FROM DUAL WHERE NOT EXISTS (SELECT 1 FROM FT_T_FLDF WHERE FLD_ID= '01841427');

INSERT INTO FT_T_FLDF (FLD_ID , LAST_CHG_TMS , LAST_CHG_USR_ID , FLD_DATA_CL_ID , FLD_TAG_TYP , PRNT_FLD_ID , FLD_DFLT_METH_NME , FLD_EDIT_METH_NME , DDL_NME , FILL_CHAR , JUST_TYP , CTL_TOT_ELIG_IND , FLD_USED_BY_TYP , DMN_TBL_TYP , FLD_DFLT_VAL_TXT , FLD_NME , FLD_DESC , DSPY_DATA_TYP , DSPY_INT_NUM , DSPY_DEC_NUM , DSPY_CAPTION_TXT , MN_VAL_CAMT , MX_VAL_CAMT , FLD_DFLT_CAMT) SELECT '00003320','19-NOV-24','GS:MSYS','LSTCHGDT',NULL,NULL,NULL,NULL,'LAST_CHG_TMS',NULL,'L',NULL,'T',NULL,NULL,'Last Change Date/Time','This field contains the latest date and time that the values of the table occurrence on which this field resides were changed.','DATETIME',NULL,NULL,'Last Change Date/Time',NULL,NULL,NULL FROM DUAL WHERE NOT EXISTS (SELECT 1 FROM FT_T_FLDF WHERE FLD_ID= '00003320');

INSERT INTO FT_T_FLDF (FLD_ID , LAST_CHG_TMS , LAST_CHG_USR_ID , FLD_DATA_CL_ID , FLD_TAG_TYP , PRNT_FLD_ID , FLD_DFLT_METH_NME , FLD_EDIT_METH_NME , DDL_NME , FILL_CHAR , JUST_TYP , CTL_TOT_ELIG_IND , FLD_USED_BY_TYP , DMN_TBL_TYP , FLD_DFLT_VAL_TXT , FLD_NME , FLD_DESC , DSPY_DATA_TYP , DSPY_INT_NUM , DSPY_DEC_NUM , DSPY_CAPTION_TXT , MN_VAL_CAMT , MX_VAL_CAMT , FLD_DFLT_CAMT) SELECT '00003325','19-NOV-24','GS:MSYS','USER',NULL,NULL,NULL,NULL,'LAST_CHG_USR_ID',NULL,'L',NULL,'T',NULL,NULL,'Last Change User ID','This field contains the identifier of the last person or application that changed the values of the table occurrence on which this field resides.','TEXT',NULL,NULL,'Last Change User ID',NULL,NULL,NULL FROM DUAL WHERE NOT EXISTS (SELECT 1 FROM FT_T_FLDF WHERE FLD_ID= '00003325');

INSERT INTO FT_T_FLDF (FLD_ID , LAST_CHG_TMS , LAST_CHG_USR_ID , FLD_DATA_CL_ID , FLD_TAG_TYP , PRNT_FLD_ID , FLD_DFLT_METH_NME , FLD_EDIT_METH_NME , DDL_NME , FILL_CHAR , JUST_TYP , CTL_TOT_ELIG_IND , FLD_USED_BY_TYP , DMN_TBL_TYP , FLD_DFLT_VAL_TXT , FLD_NME , FLD_DESC , DSPY_DATA_TYP , DSPY_INT_NUM , DSPY_DEC_NUM , DSPY_CAPTION_TXT , MN_VAL_CAMT , MX_VAL_CAMT , FLD_DFLT_CAMT) SELECT '00007490','19-NOV-24','GS:MSYS','DATETIME',NULL,NULL,NULL,NULL,'START_TMS',NULL,'L',NULL,'T',NULL,NULL,'Start Date/Time','This field specifies the date and time from which the table occurrence is active.  In conjunction with the End Date/Time field, it determines the period when the table occurrence is active.','DATETIME',NULL,NULL,'Start Date/Time',NULL,NULL,NULL FROM DUAL WHERE NOT EXISTS (SELECT 1 FROM FT_T_FLDF WHERE FLD_ID= '00007490');

INSERT INTO FT_T_CLDF (TBL_ID , COL_NME , FLD_ID , PRNT_TBL_ID , PRNT_COL_NME , COL_REQ_IND , DDL_DATA_TYP , COL_SQ_NUM , LAST_CHG_TMS , LAST_CHG_USR_ID , NATIVE_COL_IND , LOGL_NME , COL_DESC , DDL_BASE_DATA_TYP , DDL_DATA_LEN , DDL_DATA_PREC_NUM , DDL_DATA_SCALE_NUM , DDL_DATA_DFLT_TXT , COL_VIEW_NME , ORACLE_LOB_TXT , DB2_LOB_TXT , INFO_TYP_NME , COL_OBSOLETE_IND , COL_CMNT_TXT , DSPY_CAPTION_TXT , DMN_SET_ID , EDMV_USED_IND , VIRTUAL_COL_IND) VALUES ('LAAC','CAL_ID','00007645',NULL,NULL,'Y','VARCHAR(8)',3,'05-JUN-21','MHICSTM','N','Calendar ID','This is a value that uniquely identifies one occurrence of the Calendar Definition table.','VARCHAR',8,NULL,NULL,NULL,NULL,NULL,NULL,NULL,NULL,NULL,NULL,NULL,NULL,NULL);

INSERT INTO FT_T_CLDF (TBL_ID , COL_NME , FLD_ID , PRNT_TBL_ID , PRNT_COL_NME , COL_REQ_IND , DDL_DATA_TYP , COL_SQ_NUM , LAST_CHG_TMS , LAST_CHG_USR_ID , NATIVE_COL_IND , LOGL_NME , COL_DESC , DDL_BASE_DATA_TYP , DDL_DATA_LEN , DDL_DATA_PREC_NUM , DDL_DATA_SCALE_NUM , DDL_DATA_DFLT_TXT , COL_VIEW_NME , ORACLE_LOB_TXT , DB2_LOB_TXT , INFO_TYP_NME , COL_OBSOLETE_IND , COL_CMNT_TXT , DSPY_CAPTION_TXT , DMN_SET_ID , EDMV_USED_IND , VIRTUAL_COL_IND) VALUES ('LAAC','CAL_PRT_DESC','00100025',NULL,NULL,'N','VARCHAR(254)',9,'05-JUN-21','MHICSTM','N','Calendar Participant Description','This field provides a textual description for the calendar purpose.','VARCHAR',254,NULL,NULL,NULL,NULL,NULL,NULL,NULL,NULL,NULL,NULL,NULL,NULL,NULL);

INSERT INTO FT_T_CLDF (TBL_ID , COL_NME , FLD_ID , PRNT_TBL_ID , PRNT_COL_NME , COL_REQ_IND , DDL_DATA_TYP , COL_SQ_NUM , LAST_CHG_TMS , LAST_CHG_USR_ID , NATIVE_COL_IND , LOGL_NME , COL_DESC , DDL_BASE_DATA_TYP , DDL_DATA_LEN , DDL_DATA_PREC_NUM , DDL_DATA_SCALE_NUM , DDL_DATA_DFLT_TXT , COL_VIEW_NME , ORACLE_LOB_TXT , DB2_LOB_TXT , INFO_TYP_NME , COL_OBSOLETE_IND , COL_CMNT_TXT , DSPY_CAPTION_TXT , DMN_SET_ID , EDMV_USED_IND , VIRTUAL_COL_IND) VALUES ('LAAC','CAL_PURP_TYP','00100026',NULL,NULL,'Y','VARCHAR(8)',4,'05-JUN-21','MHICSTM','N','Calendar Purpose','This field specifies the business purpose associated with the calendar.  Example values include settlement days','VARCHAR',8,NULL,NULL,NULL,NULL,NULL,NULL,NULL,NULL,NULL,NULL,NULL,NULL,NULL);

INSERT INTO FT_T_CLDF (TBL_ID , COL_NME , FLD_ID , PRNT_TBL_ID , PRNT_COL_NME , COL_REQ_IND , DDL_DATA_TYP , COL_SQ_NUM , LAST_CHG_TMS , LAST_CHG_USR_ID , NATIVE_COL_IND , LOGL_NME , COL_DESC , DDL_BASE_DATA_TYP , DDL_DATA_LEN , DDL_DATA_PREC_NUM , DDL_DATA_SCALE_NUM , DDL_DATA_DFLT_TXT , COL_VIEW_NME , ORACLE_LOB_TXT , DB2_LOB_TXT , INFO_TYP_NME , COL_OBSOLETE_IND , COL_CMNT_TXT , DSPY_CAPTION_TXT , DMN_SET_ID , EDMV_USED_IND , VIRTUAL_COL_IND) VALUES ('LAAC','DATA_SRC_ID','00161254',NULL,NULL,'N','VARCHAR(40)',11,'05-JUN-21','MHICSTM','N','Data Source Id','This field uniquely identifies the source that provided the data.  This is typically a vendor.  It is recommended that a unique mnemonic be supplied (for example, TELEKURS and XTEL) in order to facilitate the identification of the data provider.','VARCHAR',40,NULL,NULL,NULL,NULL,NULL,NULL,NULL,NULL,NULL,NULL,NULL,NULL,NULL);

INSERT INTO FT_T_CLDF (TBL_ID , COL_NME , FLD_ID , PRNT_TBL_ID , PRNT_COL_NME , COL_REQ_IND , DDL_DATA_TYP , COL_SQ_NUM , LAST_CHG_TMS , LAST_CHG_USR_ID , NATIVE_COL_IND , LOGL_NME , COL_DESC , DDL_BASE_DATA_TYP , DDL_DATA_LEN , DDL_DATA_PREC_NUM , DDL_DATA_SCALE_NUM , DDL_DATA_DFLT_TXT , COL_VIEW_NME , ORACLE_LOB_TXT , DB2_LOB_TXT , INFO_TYP_NME , COL_OBSOLETE_IND , COL_CMNT_TXT , DSPY_CAPTION_TXT , DMN_SET_ID , EDMV_USED_IND , VIRTUAL_COL_IND) VALUES ('LAAC','DATA_STAT_TYP','00161255',NULL,NULL,'N','VARCHAR(20)',10,'05-JUN-21','MHICSTM','N','Data Status','This field specifies the status of the data within this row of the table.  Normally the value of this field will be null indicating that the data is active.  Depending upon how a specific data vendor supplies dataThis field specifies the status of the data within this row of the table.  Normally the value of this field will be null indicating that the data is active.  Depending upon how a specific data vendor supplies data, other possible values include DELETED, REPLACED.  It is also possible to use this field to indicate the verification status of the data in this table row.  In that case possible values include UNVERIFIED and VERIFIED.','VARCHAR',20,NULL,NULL,NULL,NULL,NULL,NULL,NULL,NULL,NULL,NULL,NULL,NULL,NULL);

INSERT INTO FT_T_CLDF (TBL_ID , COL_NME , FLD_ID , PRNT_TBL_ID , PRNT_COL_NME , COL_REQ_IND , DDL_DATA_TYP , COL_SQ_NUM , LAST_CHG_TMS , LAST_CHG_USR_ID , NATIVE_COL_IND , LOGL_NME , COL_DESC , DDL_BASE_DATA_TYP , DDL_DATA_LEN , DDL_DATA_PREC_NUM , DDL_DATA_SCALE_NUM , DDL_DATA_DFLT_TXT , COL_VIEW_NME , ORACLE_LOB_TXT , DB2_LOB_TXT , INFO_TYP_NME , COL_OBSOLETE_IND , COL_CMNT_TXT , DSPY_CAPTION_TXT , DMN_SET_ID , EDMV_USED_IND , VIRTUAL_COL_IND) VALUES ('LAAC','END_TMS','00007450',NULL,NULL,'N','TIMESTAMP(0)',6,'05-JUN-21','MHICSTM','N','End Date/Time','This field specifies the date and time after which the table occurrence is no longer active.  A value of null in this field indicates that an End Date/Time is not given and that the table occurrence is active.  The End Date/Time is used in conjunction with the Start Date/Time to determine the period when the table occurrence is active.','DATE',7,NULL,NULL,NULL,NULL,NULL,NULL,NULL,NULL,NULL,NULL,NULL,NULL,NULL);

INSERT INTO FT_T_CLDF (TBL_ID , COL_NME , FLD_ID , PRNT_TBL_ID , PRNT_COL_NME , COL_REQ_IND , DDL_DATA_TYP , COL_SQ_NUM , LAST_CHG_TMS , LAST_CHG_USR_ID , NATIVE_COL_IND , LOGL_NME , COL_DESC , DDL_BASE_DATA_TYP , DDL_DATA_LEN , DDL_DATA_PREC_NUM , DDL_DATA_SCALE_NUM , DDL_DATA_DFLT_TXT , COL_VIEW_NME , ORACLE_LOB_TXT , DB2_LOB_TXT , INFO_TYP_NME , COL_OBSOLETE_IND , COL_CMNT_TXT , DSPY_CAPTION_TXT , DMN_SET_ID , EDMV_USED_IND , VIRTUAL_COL_IND) VALUES ('LAAC','LAAC_OID','LAAC0001',NULL,NULL,'Y','VARCHAR(10)',1,'05-JUN-21','MHICSTM','N','Agreement Calendar Participant OID','This field contains an arbitrary value that uniquely identifies an occurrence of the LAAC table. This value is typically programmatically generated.','VARCHAR',10,NULL,NULL,NULL,NULL,NULL,NULL,NULL,NULL,NULL,NULL,NULL,NULL,NULL);

INSERT INTO FT_T_CLDF (TBL_ID , COL_NME , FLD_ID , PRNT_TBL_ID , PRNT_COL_NME , COL_REQ_IND , DDL_DATA_TYP , COL_SQ_NUM , LAST_CHG_TMS , LAST_CHG_USR_ID , NATIVE_COL_IND , LOGL_NME , COL_DESC , DDL_BASE_DATA_TYP , DDL_DATA_LEN , DDL_DATA_PREC_NUM , DDL_DATA_SCALE_NUM , DDL_DATA_DFLT_TXT , COL_VIEW_NME , ORACLE_LOB_TXT , DB2_LOB_TXT , INFO_TYP_NME , COL_OBSOLETE_IND , COL_CMNT_TXT , DSPY_CAPTION_TXT , DMN_SET_ID , EDMV_USED_IND , VIRTUAL_COL_IND) VALUES ('LAAC','LAAP_OID','01841427',NULL,NULL,'Y','VARCHAR(10)',2,'05-JUN-21','MHICSTM','N','Agreement Annexure Participant OID','This field contains an arbitrary value that uniquely identifies an occurrence of the LAAP table. This value is typically programmatically generated.','VARCHAR',10,NULL,NULL,NULL,NULL,NULL,NULL,NULL,NULL,NULL,NULL,NULL,NULL,NULL);

INSERT INTO FT_T_CLDF (TBL_ID , COL_NME , FLD_ID , PRNT_TBL_ID , PRNT_COL_NME , COL_REQ_IND , DDL_DATA_TYP , COL_SQ_NUM , LAST_CHG_TMS , LAST_CHG_USR_ID , NATIVE_COL_IND , LOGL_NME , COL_DESC , DDL_BASE_DATA_TYP , DDL_DATA_LEN , DDL_DATA_PREC_NUM , DDL_DATA_SCALE_NUM , DDL_DATA_DFLT_TXT , COL_VIEW_NME , ORACLE_LOB_TXT , DB2_LOB_TXT , INFO_TYP_NME , COL_OBSOLETE_IND , COL_CMNT_TXT , DSPY_CAPTION_TXT , DMN_SET_ID , EDMV_USED_IND , VIRTUAL_COL_IND) VALUES ('LAAC','LAST_CHG_TMS','00003320',NULL,NULL,'Y','TIMESTAMP(0)',7,'05-JUN-21','MHICSTM','N','Last Change Date/Time','This field contains the latest date and time that the values of the table occurrence on which this field resides were changed.','DATE',7,NULL,NULL,NULL,NULL,NULL,NULL,NULL,NULL,NULL,NULL,NULL,NULL,NULL);

INSERT INTO FT_T_CLDF (TBL_ID , COL_NME , FLD_ID , PRNT_TBL_ID , PRNT_COL_NME , COL_REQ_IND , DDL_DATA_TYP , COL_SQ_NUM , LAST_CHG_TMS , LAST_CHG_USR_ID , NATIVE_COL_IND , LOGL_NME , COL_DESC , DDL_BASE_DATA_TYP , DDL_DATA_LEN , DDL_DATA_PREC_NUM , DDL_DATA_SCALE_NUM , DDL_DATA_DFLT_TXT , COL_VIEW_NME , ORACLE_LOB_TXT , DB2_LOB_TXT , INFO_TYP_NME , COL_OBSOLETE_IND , COL_CMNT_TXT , DSPY_CAPTION_TXT , DMN_SET_ID , EDMV_USED_IND , VIRTUAL_COL_IND) VALUES ('LAAC','LAST_CHG_USR_ID','00003325',NULL,NULL,'Y','VARCHAR(256)',8,'05-JUN-21','MHICSTM','N','Last Change User ID','This field contains the identifier of the last person or application that changed the values of the table occurrence on which this field resides.','VARCHAR',256,NULL,NULL,NULL,NULL,NULL,NULL,NULL,NULL,NULL,NULL,NULL,NULL,NULL);

INSERT INTO FT_T_CLDF (TBL_ID , COL_NME , FLD_ID , PRNT_TBL_ID , PRNT_COL_NME , COL_REQ_IND , DDL_DATA_TYP , COL_SQ_NUM , LAST_CHG_TMS , LAST_CHG_USR_ID , NATIVE_COL_IND , LOGL_NME , COL_DESC , DDL_BASE_DATA_TYP , DDL_DATA_LEN , DDL_DATA_PREC_NUM , DDL_DATA_SCALE_NUM , DDL_DATA_DFLT_TXT , COL_VIEW_NME , ORACLE_LOB_TXT , DB2_LOB_TXT , INFO_TYP_NME , COL_OBSOLETE_IND , COL_CMNT_TXT , DSPY_CAPTION_TXT , DMN_SET_ID , EDMV_USED_IND , VIRTUAL_COL_IND) VALUES ('LAAC','START_TMS','00007490',NULL,NULL,'Y','TIMESTAMP(0)',5,'05-JUN-21','MHICSTM','N','Start Date/Time','This field specifies the date and time from which the table occurrence is active.  In conjunction with the End Date/Time field, it determines the period when the table occurrence is active.','DATE',7,NULL,NULL,NULL,NULL,NULL,NULL,NULL,NULL,NULL,NULL,NULL,NULL,NULL);

INSERT INTO FT_T_TIDX (TIDX_OID , TBL_ID , TBL_INDEX_NME , TBL_INDEX_TYP , LAST_CHG_TMS , LAST_CHG_USR_ID , TBL_INDEX_PARTITION_TYP , ORACLE_INIT_TRANS_NUM , REVERSE_INDEX_IND , BITMAP_INDEX_IND) VALUES ('LAACP001==','LAAC','FT_T_LAAC_PK','P','05-JUN-21','MHICSTM',NULL,NULL,NULL,NULL);

INSERT INTO FT_T_TIDX (TIDX_OID , TBL_ID , TBL_INDEX_NME , TBL_INDEX_TYP , LAST_CHG_TMS , LAST_CHG_USR_ID , TBL_INDEX_PARTITION_TYP , ORACLE_INIT_TRANS_NUM , REVERSE_INDEX_IND , BITMAP_INDEX_IND) VALUES ('LAACU001==','LAAC','FT_X_LAAC_U001','U','05-JUN-21','MHICSTM',NULL,NULL,NULL,NULL);

INSERT INTO FT_T_TIDX (TIDX_OID , TBL_ID , TBL_INDEX_NME , TBL_INDEX_TYP , LAST_CHG_TMS , LAST_CHG_USR_ID , TBL_INDEX_PARTITION_TYP , ORACLE_INIT_TRANS_NUM , REVERSE_INDEX_IND , BITMAP_INDEX_IND) VALUES ('LAACU002==','LAAC','FT_X_LAAC_U002','U','05-JUN-21','MHICSTM',NULL,NULL,NULL,NULL);

INSERT INTO FT_T_TIDX (TIDX_OID , TBL_ID , TBL_INDEX_NME , TBL_INDEX_TYP , LAST_CHG_TMS , LAST_CHG_USR_ID , TBL_INDEX_PARTITION_TYP , ORACLE_INIT_TRANS_NUM , REVERSE_INDEX_IND , BITMAP_INDEX_IND) VALUES ('LAACU003==','LAAC','FT_X_LAAC_U003','U','05-JUN-21','MHICSTM',NULL,NULL,NULL,NULL);

INSERT INTO FT_T_TIDC (TIDC_OID , TIDX_OID , TBL_ID , COL_NME , COL_SQ_NUM , SORT_SEQ_TYP , LAST_CHG_TMS , LAST_CHG_USR_ID , COL_EXPR_TXT) VALUES ('LAACP00101','LAACP001==','LAAC','LAAC_OID',1,NULL,'05-JUN-21','MHICSTM',NULL);

INSERT INTO FT_T_TIDC (TIDC_OID , TIDX_OID , TBL_ID , COL_NME , COL_SQ_NUM , SORT_SEQ_TYP , LAST_CHG_TMS , LAST_CHG_USR_ID , COL_EXPR_TXT) VALUES ('LAACU00101','LAACU001==','LAAC','LAAC_OID',1,NULL,'05-JUN-21','MHICSTM',NULL);

INSERT INTO FT_T_TIDC (TIDC_OID , TIDX_OID , TBL_ID , COL_NME , COL_SQ_NUM , SORT_SEQ_TYP , LAST_CHG_TMS , LAST_CHG_USR_ID , COL_EXPR_TXT) VALUES ('LAACU00102','LAACU002==','LAAC','LAAP_OID',1,NULL,'05-JUN-21','MHICSTM',NULL);

INSERT INTO FT_T_TIDC (TIDC_OID , TIDX_OID , TBL_ID , COL_NME , COL_SQ_NUM , SORT_SEQ_TYP , LAST_CHG_TMS , LAST_CHG_USR_ID , COL_EXPR_TXT) VALUES ('LAACU00103','LAACU002==','LAAC','CAL_ID',2,NULL,'05-JUN-21','MHICSTM',NULL);

INSERT INTO FT_T_TIDC (TIDC_OID , TIDX_OID , TBL_ID , COL_NME , COL_SQ_NUM , SORT_SEQ_TYP , LAST_CHG_TMS , LAST_CHG_USR_ID , COL_EXPR_TXT) VALUES ('LAACU00104','LAACU002==','LAAC','CAL_PURP_TYP',3,NULL,'05-JUN-21','MHICSTM',NULL);

INSERT INTO FT_T_TIDC (TIDC_OID , TIDX_OID , TBL_ID , COL_NME , COL_SQ_NUM , SORT_SEQ_TYP , LAST_CHG_TMS , LAST_CHG_USR_ID , COL_EXPR_TXT) VALUES ('LAACU00105','LAACU002==','LAAC','START_TMS',4,NULL,'05-JUN-21','MHICSTM',NULL);

INSERT INTO FT_T_TIDC (TIDC_OID , TIDX_OID , TBL_ID , COL_NME , COL_SQ_NUM , SORT_SEQ_TYP , LAST_CHG_TMS , LAST_CHG_USR_ID , COL_EXPR_TXT) VALUES ('LAACU00106','LAACU003==','LAAC','CAL_ID',1,NULL,'05-JUN-21','MHICSTM',NULL);

INSERT INTO FT_T_TBRL (TBRL_OID , TBL_ID , REF_TBL_ID , TBL_FGN_KEY_ID , TBL_MERGE_TYP , TBL_DUP_ERROR_IND , LAST_CHG_TMS , LAST_CHG_USR_ID , PRIM_KEY_CMPNT_IND , LOGL_ONLY_IND , RFI_RULE_TYP , CHILD_TO_PRNT_TXT , CHILD_TO_PRNT_REQ_IND , CHILD_TO_PRNT_CARD_TYP , PRNT_TO_CHILD_TXT , PRNT_TO_CHILD_REQ_IND , PRNT_TO_CHILD_CARD_TYP , ALT_LOGL_KEY , REF_PARTITION_IND) VALUES ('LAACLAAP01','LAAC','LAAP','FT_T_LAAC_F001',NULL,NULL,'05-JUN-21','MHICSTM',NULL,'N','R',NULL,'N','0,1',NULL,'N','0,M',NULL,NULL);

INSERT INTO FT_T_TBRN (TBRN_OID , TBRL_OID , TBL_ID , COL_NME , COL_SQ_NUM , LAST_CHG_TMS , LAST_CHG_USR_ID) VALUES ('LAACF00101','LAACLAAP01','LAAC','LAAP_OID',1,'05-JUN-21','MHICSTM');


INSERT INTO FT_T_TBDF (TBL_ID , LAST_CHG_TMS , LAST_CHG_USR_ID , DATA_MODL_VER_ID , TBL_NME , TBL_DESC , LAST_CMP_TMS , TBL_DDL_NME , TBL_CLSF_TYP , TBL_PROP_TO_NME , TBL_SUBJECT_AREA_NME , TBL_PRIN_APP_NME , TBL_OWNER_NME , TBL_DATA_OWNER_NME , TBL_DATA_TYP , TBL_DATA_UPD_RULE_TYP , TBL_OBSOLETE_IND , VDDB_SHARED_TBL_IND , PRODCTN_FIRST_INSTALL_TYP , PRODCTN_UPD_TYP , TBL_VIEW_NME , DATA_MODL_ID , TBL_CMNT_TXT , EST_TBL_SIZE_IND , LOGGING_IND , ORACLE_INIT_TRANS_NUM , ORACLE_PCT_FREE_NUM , DW_STANDALONE_IND , CDC_ENABLED_IND , AUDIT_ENABLED_IND , STAGING_ENABLED_IND , NON_RELATIONAL_TYP , LOCK_OCCUR_IND , BI_TEMPORAL_IND ) VALUES ('LAV1','12-FEB-16','MHICSTM','8.4.1.1','FT_T_LAV1','FT_T_LAV1',NULL,'FT_T_LAV1','X',NULL,NULL,NULL,NULL,NULL,NULL,NULL,NULL,NULL,NULL,NULL,NULL,NULL,NULL,NULL,NULL,NULL,NULL,NULL,NULL,NULL,NULL,NULL,NULL,NULL);

 
INSERT INTO FT_T_FLDF (FLD_ID , LAST_CHG_TMS , LAST_CHG_USR_ID , FLD_DATA_CL_ID , FLD_TAG_TYP , PRNT_FLD_ID , FLD_DFLT_METH_NME , FLD_EDIT_METH_NME , DDL_NME , FILL_CHAR , JUST_TYP , CTL_TOT_ELIG_IND , FLD_USED_BY_TYP , DMN_TBL_TYP , FLD_DFLT_VAL_TXT , FLD_NME , FLD_DESC , DSPY_DATA_TYP , DSPY_INT_NUM , DSPY_DEC_NUM , DSPY_CAPTION_TXT , MN_VAL_CAMT , MX_VAL_CAMT , FLD_DFLT_CAMT) SELECT '00173418','19-NOV-24','GS:MSYS','STATV20',NULL,NULL,NULL,NULL,'AGRMNT_STAT_TYP',NULL,'L',NULL,'T',NULL,NULL,'Agreement Status','This field records the status of the agreement.  Sample values include "Approved", "Rejected" and "Pending Decision".','TEXT',NULL,NULL,'Agreement Status',NULL,NULL,NULL FROM DUAL WHERE NOT EXISTS (SELECT 1 FROM FT_T_FLDF WHERE FLD_ID= '00173418');

INSERT INTO FT_T_FLDF (FLD_ID , LAST_CHG_TMS , LAST_CHG_USR_ID , FLD_DATA_CL_ID , FLD_TAG_TYP , PRNT_FLD_ID , FLD_DFLT_METH_NME , FLD_EDIT_METH_NME , DDL_NME , FILL_CHAR , JUST_TYP , CTL_TOT_ELIG_IND , FLD_USED_BY_TYP , DMN_TBL_TYP , FLD_DFLT_VAL_TXT , FLD_NME , FLD_DESC , DSPY_DATA_TYP , DSPY_INT_NUM , DSPY_DEC_NUM , DSPY_CAPTION_TXT , MN_VAL_CAMT , MX_VAL_CAMT , FLD_DFLT_CAMT) SELECT 'LAV10004','12-FEB-16','MHICSTM','LONGTEXT',NULL,NULL,NULL,NULL,'AMEND_DESC',NULL,NULL,NULL,NULL,NULL,NULL,'AMEND_DESC',NULL,NULL,NULL,NULL,NULL,NULL,NULL,NULL FROM DUAL WHERE NOT EXISTS (SELECT 1 FROM FT_T_FLDF WHERE FLD_ID= 'LAV10004');

INSERT INTO FT_T_FLDF (FLD_ID , LAST_CHG_TMS , LAST_CHG_USR_ID , FLD_DATA_CL_ID , FLD_TAG_TYP , PRNT_FLD_ID , FLD_DFLT_METH_NME , FLD_EDIT_METH_NME , DDL_NME , FILL_CHAR , JUST_TYP , CTL_TOT_ELIG_IND , FLD_USED_BY_TYP , DMN_TBL_TYP , FLD_DFLT_VAL_TXT , FLD_NME , FLD_DESC , DSPY_DATA_TYP , DSPY_INT_NUM , DSPY_DEC_NUM , DSPY_CAPTION_TXT , MN_VAL_CAMT , MX_VAL_CAMT , FLD_DFLT_CAMT) SELECT '00161255','19-NOV-24','GS:MSYS','DSTATTYP',NULL,NULL,NULL,NULL,'DATA_STAT_TYP',NULL,'L',NULL,'T',NULL,NULL,'Data Status','This field specifies the status of the data within this row of the table.  Normally the value of this field will be "null" indicating that the data is active.  Depending upon how a specific data vendor supplies data, other possible values include "DELETED", "REPLACED".  It is also possible to use this field to indicate the verification status of the data in this table row.  In that case possible values include "UNVERIFIED" and "VERIFIED".','TEXT',NULL,NULL,'Data Status',NULL,NULL,NULL FROM DUAL WHERE NOT EXISTS (SELECT 1 FROM FT_T_FLDF WHERE FLD_ID= '00161255');

INSERT INTO FT_T_FLDF (FLD_ID , LAST_CHG_TMS , LAST_CHG_USR_ID , FLD_DATA_CL_ID , FLD_TAG_TYP , PRNT_FLD_ID , FLD_DFLT_METH_NME , FLD_EDIT_METH_NME , DDL_NME , FILL_CHAR , JUST_TYP , CTL_TOT_ELIG_IND , FLD_USED_BY_TYP , DMN_TBL_TYP , FLD_DFLT_VAL_TXT , FLD_NME , FLD_DESC , DSPY_DATA_TYP , DSPY_INT_NUM , DSPY_DEC_NUM , DSPY_CAPTION_TXT , MN_VAL_CAMT , MX_VAL_CAMT , FLD_DFLT_CAMT) SELECT 'LAV10003','12-FEB-16','MHICSTM','LONGTEXT',NULL,NULL,NULL,NULL,'DOC_LINK',NULL,NULL,NULL,NULL,NULL,NULL,'DOC_LINK',NULL,NULL,NULL,NULL,NULL,NULL,NULL,NULL FROM DUAL WHERE NOT EXISTS (SELECT 1 FROM FT_T_FLDF WHERE FLD_ID= 'LAV10003');

INSERT INTO FT_T_FLDF (FLD_ID , LAST_CHG_TMS , LAST_CHG_USR_ID , FLD_DATA_CL_ID , FLD_TAG_TYP , PRNT_FLD_ID , FLD_DFLT_METH_NME , FLD_EDIT_METH_NME , DDL_NME , FILL_CHAR , JUST_TYP , CTL_TOT_ELIG_IND , FLD_USED_BY_TYP , DMN_TBL_TYP , FLD_DFLT_VAL_TXT , FLD_NME , FLD_DESC , DSPY_DATA_TYP , DSPY_INT_NUM , DSPY_DEC_NUM , DSPY_CAPTION_TXT , MN_VAL_CAMT , MX_VAL_CAMT , FLD_DFLT_CAMT) SELECT '00007450','19-NOV-24','GS:MSYS','DATETIME',NULL,NULL,NULL,NULL,'END_TMS',NULL,'L',NULL,'T',NULL,NULL,'End Date/Time','This field specifies the date and time after which the table occurrence is no longer active.  A value of "null" in this field indicates that an End Date/Time is not given and that the table occurrence is active.  The End Date/Time is used in conjunction with the Start Date/Time to determine the period when the table occurrence is active.','DATETIME',NULL,NULL,'End Date/Time',NULL,NULL,NULL FROM DUAL WHERE NOT EXISTS (SELECT 1 FROM FT_T_FLDF WHERE FLD_ID= '00007450');

INSERT INTO FT_T_FLDF (FLD_ID , LAST_CHG_TMS , LAST_CHG_USR_ID , FLD_DATA_CL_ID , FLD_TAG_TYP , PRNT_FLD_ID , FLD_DFLT_METH_NME , FLD_EDIT_METH_NME , DDL_NME , FILL_CHAR , JUST_TYP , CTL_TOT_ELIG_IND , FLD_USED_BY_TYP , DMN_TBL_TYP , FLD_DFLT_VAL_TXT , FLD_NME , FLD_DESC , DSPY_DATA_TYP , DSPY_INT_NUM , DSPY_DEC_NUM , DSPY_CAPTION_TXT , MN_VAL_CAMT , MX_VAL_CAMT , FLD_DFLT_CAMT) SELECT '00173415','19-NOV-24','GS:MSYS','OID',NULL,NULL,NULL,NULL,'FLAR_OID',' ','L',NULL,'T',NULL,NULL,'Financial Institution/Agreement Role OID','This field contains an arbitrary value that uniquely identifies an occurrence of the Financial Institution/Agreement Role table. This value is typically programmatically generated.','TEXT',NULL,NULL,'Financial Institution/Agreement Role OID',NULL,NULL,NULL FROM DUAL WHERE NOT EXISTS (SELECT 1 FROM FT_T_FLDF WHERE FLD_ID= '00173415');

INSERT INTO FT_T_FLDF (FLD_ID , LAST_CHG_TMS , LAST_CHG_USR_ID , FLD_DATA_CL_ID , FLD_TAG_TYP , PRNT_FLD_ID , FLD_DFLT_METH_NME , FLD_EDIT_METH_NME , DDL_NME , FILL_CHAR , JUST_TYP , CTL_TOT_ELIG_IND , FLD_USED_BY_TYP , DMN_TBL_TYP , FLD_DFLT_VAL_TXT , FLD_NME , FLD_DESC , DSPY_DATA_TYP , DSPY_INT_NUM , DSPY_DEC_NUM , DSPY_CAPTION_TXT , MN_VAL_CAMT , MX_VAL_CAMT , FLD_DFLT_CAMT) SELECT '00182635','02-FEB-10','GS:MSYS','DATE',NULL,NULL,NULL,NULL,'INSTRUC_RELEASE_TMS',' ','L',NULL,'T',NULL,NULL,'Instruction Expected Release Date','This field stores the expected date when the instruction will be available for use.','DATE',NULL,NULL,NULL,NULL,NULL,NULL FROM DUAL WHERE NOT EXISTS (SELECT 1 FROM FT_T_FLDF WHERE FLD_ID= '00182635');

INSERT INTO FT_T_FLDF (FLD_ID , LAST_CHG_TMS , LAST_CHG_USR_ID , FLD_DATA_CL_ID , FLD_TAG_TYP , PRNT_FLD_ID , FLD_DFLT_METH_NME , FLD_EDIT_METH_NME , DDL_NME , FILL_CHAR , JUST_TYP , CTL_TOT_ELIG_IND , FLD_USED_BY_TYP , DMN_TBL_TYP , FLD_DFLT_VAL_TXT , FLD_NME , FLD_DESC , DSPY_DATA_TYP , DSPY_INT_NUM , DSPY_DEC_NUM , DSPY_CAPTION_TXT , MN_VAL_CAMT , MX_VAL_CAMT , FLD_DFLT_CAMT) SELECT '01841413','19-NOV-24','GS:MSYS','OID',NULL,NULL,NULL,NULL,'LAAN_OID',' ','L',NULL,'T',NULL,NULL,'Legal Agreement Annexure OID','This field contains an arbitrary value that uniquely identifies an occurrence of the Legal Agreement Annexure table. This value is typically programmatically generated.','TEXT',NULL,NULL,'Legal Agreement Annexure OID',NULL,NULL,NULL FROM DUAL WHERE NOT EXISTS (SELECT 1 FROM FT_T_FLDF WHERE FLD_ID= '01841413');

INSERT INTO FT_T_FLDF (FLD_ID , LAST_CHG_TMS , LAST_CHG_USR_ID , FLD_DATA_CL_ID , FLD_TAG_TYP , PRNT_FLD_ID , FLD_DFLT_METH_NME , FLD_EDIT_METH_NME , DDL_NME , FILL_CHAR , JUST_TYP , CTL_TOT_ELIG_IND , FLD_USED_BY_TYP , DMN_TBL_TYP , FLD_DFLT_VAL_TXT , FLD_NME , FLD_DESC , DSPY_DATA_TYP , DSPY_INT_NUM , DSPY_DEC_NUM , DSPY_CAPTION_TXT , MN_VAL_CAMT , MX_VAL_CAMT , FLD_DFLT_CAMT) SELECT '00003320','19-NOV-24','GS:MSYS','LSTCHGDT',NULL,NULL,NULL,NULL,'LAST_CHG_TMS',NULL,'L',NULL,'T',NULL,NULL,'Last Change Date/Time','This field contains the latest date and time that the values of the table occurrence on which this field resides were changed.','DATETIME',NULL,NULL,'Last Change Date/Time',NULL,NULL,NULL FROM DUAL WHERE NOT EXISTS (SELECT 1 FROM FT_T_FLDF WHERE FLD_ID= '00003320');

INSERT INTO FT_T_FLDF (FLD_ID , LAST_CHG_TMS , LAST_CHG_USR_ID , FLD_DATA_CL_ID , FLD_TAG_TYP , PRNT_FLD_ID , FLD_DFLT_METH_NME , FLD_EDIT_METH_NME , DDL_NME , FILL_CHAR , JUST_TYP , CTL_TOT_ELIG_IND , FLD_USED_BY_TYP , DMN_TBL_TYP , FLD_DFLT_VAL_TXT , FLD_NME , FLD_DESC , DSPY_DATA_TYP , DSPY_INT_NUM , DSPY_DEC_NUM , DSPY_CAPTION_TXT , MN_VAL_CAMT , MX_VAL_CAMT , FLD_DFLT_CAMT) SELECT '00003325','19-NOV-24','GS:MSYS','USER',NULL,NULL,NULL,NULL,'LAST_CHG_USR_ID',NULL,'L',NULL,'T',NULL,NULL,'Last Change User ID','This field contains the identifier of the last person or application that changed the values of the table occurrence on which this field resides.','TEXT',NULL,NULL,'Last Change User ID',NULL,NULL,NULL FROM DUAL WHERE NOT EXISTS (SELECT 1 FROM FT_T_FLDF WHERE FLD_ID= '00003325');

INSERT INTO FT_T_FLDF (FLD_ID , LAST_CHG_TMS , LAST_CHG_USR_ID , FLD_DATA_CL_ID , FLD_TAG_TYP , PRNT_FLD_ID , FLD_DFLT_METH_NME , FLD_EDIT_METH_NME , DDL_NME , FILL_CHAR , JUST_TYP , CTL_TOT_ELIG_IND , FLD_USED_BY_TYP , DMN_TBL_TYP , FLD_DFLT_VAL_TXT , FLD_NME , FLD_DESC , DSPY_DATA_TYP , DSPY_INT_NUM , DSPY_DEC_NUM , DSPY_CAPTION_TXT , MN_VAL_CAMT , MX_VAL_CAMT , FLD_DFLT_CAMT) SELECT 'LAV10001','12-FEB-16','MHICSTM','OID',NULL,NULL,NULL,NULL,'LAV1_OID',NULL,NULL,NULL,NULL,NULL,NULL,'LAV1_OID',NULL,NULL,NULL,NULL,NULL,NULL,NULL,NULL FROM DUAL WHERE NOT EXISTS (SELECT 1 FROM FT_T_FLDF WHERE FLD_ID= 'LAV10001');

INSERT INTO FT_T_FLDF (FLD_ID , LAST_CHG_TMS , LAST_CHG_USR_ID , FLD_DATA_CL_ID , FLD_TAG_TYP , PRNT_FLD_ID , FLD_DFLT_METH_NME , FLD_EDIT_METH_NME , DDL_NME , FILL_CHAR , JUST_TYP , CTL_TOT_ELIG_IND , FLD_USED_BY_TYP , DMN_TBL_TYP , FLD_DFLT_VAL_TXT , FLD_NME , FLD_DESC , DSPY_DATA_TYP , DSPY_INT_NUM , DSPY_DEC_NUM , DSPY_CAPTION_TXT , MN_VAL_CAMT , MX_VAL_CAMT , FLD_DFLT_CAMT) SELECT '00003390','19-NOV-24','GS:MSYS','OID',NULL,NULL,NULL,NULL,'LEG_AGRMNT_ID',' ','L',NULL,'T',NULL,NULL,'Legal Agreement ID','This field acts as a surrogate key for this table.  This fields value is normally created via an algorithm that guarantees a unique value.','TEXT',NULL,NULL,'Legal Agreement ID',NULL,NULL,NULL FROM DUAL WHERE NOT EXISTS (SELECT 1 FROM FT_T_FLDF WHERE FLD_ID= '00003390');

INSERT INTO FT_T_FLDF (FLD_ID , LAST_CHG_TMS , LAST_CHG_USR_ID , FLD_DATA_CL_ID , FLD_TAG_TYP , PRNT_FLD_ID , FLD_DFLT_METH_NME , FLD_EDIT_METH_NME , DDL_NME , FILL_CHAR , JUST_TYP , CTL_TOT_ELIG_IND , FLD_USED_BY_TYP , DMN_TBL_TYP , FLD_DFLT_VAL_TXT , FLD_NME , FLD_DESC , DSPY_DATA_TYP , DSPY_INT_NUM , DSPY_DEC_NUM , DSPY_CAPTION_TXT , MN_VAL_CAMT , MX_VAL_CAMT , FLD_DFLT_CAMT) SELECT '00004040','19-NOV-24','GS:MSYS','ORG',NULL,NULL,NULL,NULL,'ORG_ID',' ','L',NULL,'T',NULL,NULL,'Organization ID','The Organization ID field uniquely identifies an enterprise.','TEXT',NULL,NULL,'Organization ID',NULL,NULL,NULL FROM DUAL WHERE NOT EXISTS (SELECT 1 FROM FT_T_FLDF WHERE FLD_ID= '00004040');

INSERT INTO FT_T_FLDF (FLD_ID , LAST_CHG_TMS , LAST_CHG_USR_ID , FLD_DATA_CL_ID , FLD_TAG_TYP , PRNT_FLD_ID , FLD_DFLT_METH_NME , FLD_EDIT_METH_NME , DDL_NME , FILL_CHAR , JUST_TYP , CTL_TOT_ELIG_IND , FLD_USED_BY_TYP , DMN_TBL_TYP , FLD_DFLT_VAL_TXT , FLD_NME , FLD_DESC , DSPY_DATA_TYP , DSPY_INT_NUM , DSPY_DEC_NUM , DSPY_CAPTION_TXT , MN_VAL_CAMT , MX_VAL_CAMT , FLD_DFLT_CAMT) SELECT 'LAV10006','17-JUN-17','MHI:CSTM','DATE',NULL,NULL,NULL,NULL,'SIGN_DTE',NULL,'L',NULL,'T',NULL,NULL,'Sign Date','This field contains the sign date.','DATE',NULL,NULL,NULL,NULL,NULL,NULL FROM DUAL WHERE NOT EXISTS (SELECT 1 FROM FT_T_FLDF WHERE FLD_ID= 'LAV10006');

INSERT INTO FT_T_FLDF (FLD_ID , LAST_CHG_TMS , LAST_CHG_USR_ID , FLD_DATA_CL_ID , FLD_TAG_TYP , PRNT_FLD_ID , FLD_DFLT_METH_NME , FLD_EDIT_METH_NME , DDL_NME , FILL_CHAR , JUST_TYP , CTL_TOT_ELIG_IND , FLD_USED_BY_TYP , DMN_TBL_TYP , FLD_DFLT_VAL_TXT , FLD_NME , FLD_DESC , DSPY_DATA_TYP , DSPY_INT_NUM , DSPY_DEC_NUM , DSPY_CAPTION_TXT , MN_VAL_CAMT , MX_VAL_CAMT , FLD_DFLT_CAMT) SELECT '00007490','19-NOV-24','GS:MSYS','DATETIME',NULL,NULL,NULL,NULL,'START_TMS',NULL,'L',NULL,'T',NULL,NULL,'Start Date/Time','This field specifies the date and time from which the table occurrence is active.  In conjunction with the End Date/Time field, it determines the period when the table occurrence is active.','DATETIME',NULL,NULL,'Start Date/Time',NULL,NULL,NULL FROM DUAL WHERE NOT EXISTS (SELECT 1 FROM FT_T_FLDF WHERE FLD_ID= '00007490');

INSERT INTO FT_T_FLDF (FLD_ID , LAST_CHG_TMS , LAST_CHG_USR_ID , FLD_DATA_CL_ID , FLD_TAG_TYP , PRNT_FLD_ID , FLD_DFLT_METH_NME , FLD_EDIT_METH_NME , DDL_NME , FILL_CHAR , JUST_TYP , CTL_TOT_ELIG_IND , FLD_USED_BY_TYP , DMN_TBL_TYP , FLD_DFLT_VAL_TXT , FLD_NME , FLD_DESC , DSPY_DATA_TYP , DSPY_INT_NUM , DSPY_DEC_NUM , DSPY_CAPTION_TXT , MN_VAL_CAMT , MX_VAL_CAMT , FLD_DFLT_CAMT) SELECT 'LAV10002','12-FEB-16','MHICSTM','NUMBER',NULL,NULL,NULL,NULL,'VERSION_NO',NULL,NULL,NULL,NULL,NULL,NULL,'VERSION_NO',NULL,NULL,NULL,NULL,NULL,NULL,NULL,NULL FROM DUAL WHERE NOT EXISTS (SELECT 1 FROM FT_T_FLDF WHERE FLD_ID= 'LAV10002');

INSERT INTO FT_T_FLDF (FLD_ID , LAST_CHG_TMS , LAST_CHG_USR_ID , FLD_DATA_CL_ID , FLD_TAG_TYP , PRNT_FLD_ID , FLD_DFLT_METH_NME , FLD_EDIT_METH_NME , DDL_NME , FILL_CHAR , JUST_TYP , CTL_TOT_ELIG_IND , FLD_USED_BY_TYP , DMN_TBL_TYP , FLD_DFLT_VAL_TXT , FLD_NME , FLD_DESC , DSPY_DATA_TYP , DSPY_INT_NUM , DSPY_DEC_NUM , DSPY_CAPTION_TXT , MN_VAL_CAMT , MX_VAL_CAMT , FLD_DFLT_CAMT) SELECT 'LAV10005','12-FEB-16','MHICSTM','DATE',NULL,NULL,NULL,NULL,'VER_AMEND_DTE',NULL,NULL,NULL,NULL,NULL,NULL,'VER_AMEND_DTE',NULL,NULL,NULL,NULL,NULL,NULL,NULL,NULL FROM DUAL WHERE NOT EXISTS (SELECT 1 FROM FT_T_FLDF WHERE FLD_ID= 'LAV10005');

 
INSERT INTO FT_T_CLDF (TBL_ID , COL_NME , FLD_ID , PRNT_TBL_ID , PRNT_COL_NME , COL_REQ_IND , DDL_DATA_TYP , COL_SQ_NUM , LAST_CHG_TMS , LAST_CHG_USR_ID , NATIVE_COL_IND , LOGL_NME , COL_DESC , DDL_BASE_DATA_TYP , DDL_DATA_LEN , DDL_DATA_PREC_NUM , DDL_DATA_SCALE_NUM , DDL_DATA_DFLT_TXT , COL_VIEW_NME , ORACLE_LOB_TXT , DB2_LOB_TXT , INFO_TYP_NME , COL_OBSOLETE_IND , COL_CMNT_TXT , DSPY_CAPTION_TXT , DMN_SET_ID , EDMV_USED_IND , VIRTUAL_COL_IND) VALUES ('LAV1','AGRMNT_STAT_TYP','00173418',NULL,NULL,'N','VARCHAR(20)',30,'17-JUN-17','MHICSTM',NULL,NULL,NULL,NULL,20,NULL,NULL,NULL,NULL,NULL,NULL,NULL,NULL,NULL,NULL,NULL,NULL,NULL);

INSERT INTO FT_T_CLDF (TBL_ID , COL_NME , FLD_ID , PRNT_TBL_ID , PRNT_COL_NME , COL_REQ_IND , DDL_DATA_TYP , COL_SQ_NUM , LAST_CHG_TMS , LAST_CHG_USR_ID , NATIVE_COL_IND , LOGL_NME , COL_DESC , DDL_BASE_DATA_TYP , DDL_DATA_LEN , DDL_DATA_PREC_NUM , DDL_DATA_SCALE_NUM , DDL_DATA_DFLT_TXT , COL_VIEW_NME , ORACLE_LOB_TXT , DB2_LOB_TXT , INFO_TYP_NME , COL_OBSOLETE_IND , COL_CMNT_TXT , DSPY_CAPTION_TXT , DMN_SET_ID , EDMV_USED_IND , VIRTUAL_COL_IND) VALUES ('LAV1','AMEND_DESC','LAV10004',NULL,NULL,'N','VARCHAR(1024)',26,'12-FEB-16','MHICSTM',NULL,NULL,NULL,NULL,1024,NULL,NULL,NULL,NULL,NULL,NULL,NULL,NULL,NULL,NULL,NULL,NULL,NULL);

INSERT INTO FT_T_CLDF (TBL_ID , COL_NME , FLD_ID , PRNT_TBL_ID , PRNT_COL_NME , COL_REQ_IND , DDL_DATA_TYP , COL_SQ_NUM , LAST_CHG_TMS , LAST_CHG_USR_ID , NATIVE_COL_IND , LOGL_NME , COL_DESC , DDL_BASE_DATA_TYP , DDL_DATA_LEN , DDL_DATA_PREC_NUM , DDL_DATA_SCALE_NUM , DDL_DATA_DFLT_TXT , COL_VIEW_NME , ORACLE_LOB_TXT , DB2_LOB_TXT , INFO_TYP_NME , COL_OBSOLETE_IND , COL_CMNT_TXT , DSPY_CAPTION_TXT , DMN_SET_ID , EDMV_USED_IND , VIRTUAL_COL_IND) VALUES ('LAV1','DATA_STAT_TYP','00161255',NULL,NULL,'N','VARCHAR(20)',9,'12-FEB-16','MHICSTM',NULL,NULL,NULL,NULL,20,NULL,NULL,NULL,NULL,NULL,NULL,NULL,NULL,NULL,NULL,NULL,NULL,NULL);

INSERT INTO FT_T_CLDF (TBL_ID , COL_NME , FLD_ID , PRNT_TBL_ID , PRNT_COL_NME , COL_REQ_IND , DDL_DATA_TYP , COL_SQ_NUM , LAST_CHG_TMS , LAST_CHG_USR_ID , NATIVE_COL_IND , LOGL_NME , COL_DESC , DDL_BASE_DATA_TYP , DDL_DATA_LEN , DDL_DATA_PREC_NUM , DDL_DATA_SCALE_NUM , DDL_DATA_DFLT_TXT , COL_VIEW_NME , ORACLE_LOB_TXT , DB2_LOB_TXT , INFO_TYP_NME , COL_OBSOLETE_IND , COL_CMNT_TXT , DSPY_CAPTION_TXT , DMN_SET_ID , EDMV_USED_IND , VIRTUAL_COL_IND) VALUES ('LAV1','DOC_LINK','LAV10003',NULL,NULL,'N','VARCHAR(500)',27,'12-FEB-16','MHICSTM',NULL,NULL,NULL,NULL,500,NULL,NULL,NULL,NULL,NULL,NULL,NULL,NULL,NULL,NULL,NULL,NULL,NULL);

INSERT INTO FT_T_CLDF (TBL_ID , COL_NME , FLD_ID , PRNT_TBL_ID , PRNT_COL_NME , COL_REQ_IND , DDL_DATA_TYP , COL_SQ_NUM , LAST_CHG_TMS , LAST_CHG_USR_ID , NATIVE_COL_IND , LOGL_NME , COL_DESC , DDL_BASE_DATA_TYP , DDL_DATA_LEN , DDL_DATA_PREC_NUM , DDL_DATA_SCALE_NUM , DDL_DATA_DFLT_TXT , COL_VIEW_NME , ORACLE_LOB_TXT , DB2_LOB_TXT , INFO_TYP_NME , COL_OBSOLETE_IND , COL_CMNT_TXT , DSPY_CAPTION_TXT , DMN_SET_ID , EDMV_USED_IND , VIRTUAL_COL_IND) VALUES ('LAV1','END_TMS','00007450',NULL,NULL,'N','TIMESTAMP(0)',6,'12-FEB-16','MHICSTM',NULL,NULL,NULL,NULL,7,NULL,NULL,NULL,NULL,NULL,NULL,NULL,NULL,NULL,NULL,NULL,NULL,NULL);

INSERT INTO FT_T_CLDF (TBL_ID , COL_NME , FLD_ID , PRNT_TBL_ID , PRNT_COL_NME , COL_REQ_IND , DDL_DATA_TYP , COL_SQ_NUM , LAST_CHG_TMS , LAST_CHG_USR_ID , NATIVE_COL_IND , LOGL_NME , COL_DESC , DDL_BASE_DATA_TYP , DDL_DATA_LEN , DDL_DATA_PREC_NUM , DDL_DATA_SCALE_NUM , DDL_DATA_DFLT_TXT , COL_VIEW_NME , ORACLE_LOB_TXT , DB2_LOB_TXT , INFO_TYP_NME , COL_OBSOLETE_IND , COL_CMNT_TXT , DSPY_CAPTION_TXT , DMN_SET_ID , EDMV_USED_IND , VIRTUAL_COL_IND) VALUES ('LAV1','FLAR_OID','00173415',NULL,NULL,'N','VARCHAR(10)',1,'17-JUN-17','MHICSTM',NULL,NULL,NULL,NULL,10,NULL,NULL,NULL,NULL,NULL,NULL,NULL,NULL,NULL,NULL,NULL,NULL,NULL);

INSERT INTO FT_T_CLDF (TBL_ID , COL_NME , FLD_ID , PRNT_TBL_ID , PRNT_COL_NME , COL_REQ_IND , DDL_DATA_TYP , COL_SQ_NUM , LAST_CHG_TMS , LAST_CHG_USR_ID , NATIVE_COL_IND , LOGL_NME , COL_DESC , DDL_BASE_DATA_TYP , DDL_DATA_LEN , DDL_DATA_PREC_NUM , DDL_DATA_SCALE_NUM , DDL_DATA_DFLT_TXT , COL_VIEW_NME , ORACLE_LOB_TXT , DB2_LOB_TXT , INFO_TYP_NME , COL_OBSOLETE_IND , COL_CMNT_TXT , DSPY_CAPTION_TXT , DMN_SET_ID , EDMV_USED_IND , VIRTUAL_COL_IND) VALUES ('LAV1','INSTRUC_RELEASE_TMS','00182635',NULL,NULL,'N','TIMESTAMP(0)',29,'10-JAN-17','MHICSTM',NULL,NULL,NULL,NULL,7,NULL,NULL,NULL,NULL,NULL,NULL,NULL,NULL,NULL,NULL,NULL,NULL,NULL);

INSERT INTO FT_T_CLDF (TBL_ID , COL_NME , FLD_ID , PRNT_TBL_ID , PRNT_COL_NME , COL_REQ_IND , DDL_DATA_TYP , COL_SQ_NUM , LAST_CHG_TMS , LAST_CHG_USR_ID , NATIVE_COL_IND , LOGL_NME , COL_DESC , DDL_BASE_DATA_TYP , DDL_DATA_LEN , DDL_DATA_PREC_NUM , DDL_DATA_SCALE_NUM , DDL_DATA_DFLT_TXT , COL_VIEW_NME , ORACLE_LOB_TXT , DB2_LOB_TXT , INFO_TYP_NME , COL_OBSOLETE_IND , COL_CMNT_TXT , DSPY_CAPTION_TXT , DMN_SET_ID , EDMV_USED_IND , VIRTUAL_COL_IND) VALUES ('LAV1','LAAN_OID','01841413',NULL,NULL,'N','VARCHAR(10)',1,'12-FEB-16','MHICSTM',NULL,NULL,NULL,NULL,10,NULL,NULL,NULL,NULL,NULL,NULL,NULL,NULL,NULL,NULL,NULL,NULL,NULL);

INSERT INTO FT_T_CLDF (TBL_ID , COL_NME , FLD_ID , PRNT_TBL_ID , PRNT_COL_NME , COL_REQ_IND , DDL_DATA_TYP , COL_SQ_NUM , LAST_CHG_TMS , LAST_CHG_USR_ID , NATIVE_COL_IND , LOGL_NME , COL_DESC , DDL_BASE_DATA_TYP , DDL_DATA_LEN , DDL_DATA_PREC_NUM , DDL_DATA_SCALE_NUM , DDL_DATA_DFLT_TXT , COL_VIEW_NME , ORACLE_LOB_TXT , DB2_LOB_TXT , INFO_TYP_NME , COL_OBSOLETE_IND , COL_CMNT_TXT , DSPY_CAPTION_TXT , DMN_SET_ID , EDMV_USED_IND , VIRTUAL_COL_IND) VALUES ('LAV1','LAST_CHG_TMS','00003320',NULL,NULL,'Y','TIMESTAMP(0)',7,'12-FEB-16','MHICSTM',NULL,NULL,NULL,NULL,7,NULL,NULL,NULL,NULL,NULL,NULL,NULL,NULL,NULL,NULL,NULL,NULL,NULL);

INSERT INTO FT_T_CLDF (TBL_ID , COL_NME , FLD_ID , PRNT_TBL_ID , PRNT_COL_NME , COL_REQ_IND , DDL_DATA_TYP , COL_SQ_NUM , LAST_CHG_TMS , LAST_CHG_USR_ID , NATIVE_COL_IND , LOGL_NME , COL_DESC , DDL_BASE_DATA_TYP , DDL_DATA_LEN , DDL_DATA_PREC_NUM , DDL_DATA_SCALE_NUM , DDL_DATA_DFLT_TXT , COL_VIEW_NME , ORACLE_LOB_TXT , DB2_LOB_TXT , INFO_TYP_NME , COL_OBSOLETE_IND , COL_CMNT_TXT , DSPY_CAPTION_TXT , DMN_SET_ID , EDMV_USED_IND , VIRTUAL_COL_IND) VALUES ('LAV1','LAST_CHG_USR_ID','00003325',NULL,NULL,'Y','VARCHAR(256)',8,'12-FEB-16','MHICSTM',NULL,NULL,NULL,NULL,256,NULL,NULL,NULL,NULL,NULL,NULL,NULL,NULL,NULL,NULL,NULL,NULL,NULL);

INSERT INTO FT_T_CLDF (TBL_ID , COL_NME , FLD_ID , PRNT_TBL_ID , PRNT_COL_NME , COL_REQ_IND , DDL_DATA_TYP , COL_SQ_NUM , LAST_CHG_TMS , LAST_CHG_USR_ID , NATIVE_COL_IND , LOGL_NME , COL_DESC , DDL_BASE_DATA_TYP , DDL_DATA_LEN , DDL_DATA_PREC_NUM , DDL_DATA_SCALE_NUM , DDL_DATA_DFLT_TXT , COL_VIEW_NME , ORACLE_LOB_TXT , DB2_LOB_TXT , INFO_TYP_NME , COL_OBSOLETE_IND , COL_CMNT_TXT , DSPY_CAPTION_TXT , DMN_SET_ID , EDMV_USED_IND , VIRTUAL_COL_IND) VALUES ('LAV1','LAV1_OID','LAV10001',NULL,NULL,'Y','VARCHAR(10)',1,'12-FEB-16','MHICSTM',NULL,NULL,NULL,NULL,10,NULL,NULL,NULL,NULL,NULL,NULL,NULL,NULL,NULL,NULL,NULL,NULL,NULL);

INSERT INTO FT_T_CLDF (TBL_ID , COL_NME , FLD_ID , PRNT_TBL_ID , PRNT_COL_NME , COL_REQ_IND , DDL_DATA_TYP , COL_SQ_NUM , LAST_CHG_TMS , LAST_CHG_USR_ID , NATIVE_COL_IND , LOGL_NME , COL_DESC , DDL_BASE_DATA_TYP , DDL_DATA_LEN , DDL_DATA_PREC_NUM , DDL_DATA_SCALE_NUM , DDL_DATA_DFLT_TXT , COL_VIEW_NME , ORACLE_LOB_TXT , DB2_LOB_TXT , INFO_TYP_NME , COL_OBSOLETE_IND , COL_CMNT_TXT , DSPY_CAPTION_TXT , DMN_SET_ID , EDMV_USED_IND , VIRTUAL_COL_IND) VALUES ('LAV1','LEG_AGRMNT_ID','00003390',NULL,NULL,'N','VARCHAR(10)',2,'12-FEB-16','MHICSTM',NULL,NULL,NULL,NULL,10,NULL,NULL,NULL,NULL,NULL,NULL,NULL,NULL,NULL,NULL,NULL,NULL,NULL);

INSERT INTO FT_T_CLDF (TBL_ID , COL_NME , FLD_ID , PRNT_TBL_ID , PRNT_COL_NME , COL_REQ_IND , DDL_DATA_TYP , COL_SQ_NUM , LAST_CHG_TMS , LAST_CHG_USR_ID , NATIVE_COL_IND , LOGL_NME , COL_DESC , DDL_BASE_DATA_TYP , DDL_DATA_LEN , DDL_DATA_PREC_NUM , DDL_DATA_SCALE_NUM , DDL_DATA_DFLT_TXT , COL_VIEW_NME , ORACLE_LOB_TXT , DB2_LOB_TXT , INFO_TYP_NME , COL_OBSOLETE_IND , COL_CMNT_TXT , DSPY_CAPTION_TXT , DMN_SET_ID , EDMV_USED_IND , VIRTUAL_COL_IND) VALUES ('LAV1','ORG_ID','00004040',NULL,NULL,'N','VARCHAR(4)',3,'12-FEB-16','MHICSTM',NULL,NULL,NULL,NULL,4,NULL,NULL,NULL,NULL,NULL,NULL,NULL,NULL,NULL,NULL,NULL,NULL,NULL);

INSERT INTO FT_T_CLDF (TBL_ID , COL_NME , FLD_ID , PRNT_TBL_ID , PRNT_COL_NME , COL_REQ_IND , DDL_DATA_TYP , COL_SQ_NUM , LAST_CHG_TMS , LAST_CHG_USR_ID , NATIVE_COL_IND , LOGL_NME , COL_DESC , DDL_BASE_DATA_TYP , DDL_DATA_LEN , DDL_DATA_PREC_NUM , DDL_DATA_SCALE_NUM , DDL_DATA_DFLT_TXT , COL_VIEW_NME , ORACLE_LOB_TXT , DB2_LOB_TXT , INFO_TYP_NME , COL_OBSOLETE_IND , COL_CMNT_TXT , DSPY_CAPTION_TXT , DMN_SET_ID , EDMV_USED_IND , VIRTUAL_COL_IND) VALUES ('LAV1','SIGN_DTE','LAV10006',NULL,NULL,'N','TIMESTAMP(0)',1,'17-JUN-17','MHICSTM',NULL,NULL,NULL,NULL,7,NULL,NULL,NULL,NULL,NULL,NULL,NULL,NULL,NULL,NULL,NULL,NULL,NULL);

INSERT INTO FT_T_CLDF (TBL_ID , COL_NME , FLD_ID , PRNT_TBL_ID , PRNT_COL_NME , COL_REQ_IND , DDL_DATA_TYP , COL_SQ_NUM , LAST_CHG_TMS , LAST_CHG_USR_ID , NATIVE_COL_IND , LOGL_NME , COL_DESC , DDL_BASE_DATA_TYP , DDL_DATA_LEN , DDL_DATA_PREC_NUM , DDL_DATA_SCALE_NUM , DDL_DATA_DFLT_TXT , COL_VIEW_NME , ORACLE_LOB_TXT , DB2_LOB_TXT , INFO_TYP_NME , COL_OBSOLETE_IND , COL_CMNT_TXT , DSPY_CAPTION_TXT , DMN_SET_ID , EDMV_USED_IND , VIRTUAL_COL_IND) VALUES ('LAV1','START_TMS','00007490',NULL,NULL,'Y','TIMESTAMP(0)',5,'12-FEB-16','MHICSTM',NULL,NULL,NULL,NULL,7,NULL,NULL,NULL,NULL,NULL,NULL,NULL,NULL,NULL,NULL,NULL,NULL,NULL);

INSERT INTO FT_T_CLDF (TBL_ID , COL_NME , FLD_ID , PRNT_TBL_ID , PRNT_COL_NME , COL_REQ_IND , DDL_DATA_TYP , COL_SQ_NUM , LAST_CHG_TMS , LAST_CHG_USR_ID , NATIVE_COL_IND , LOGL_NME , COL_DESC , DDL_BASE_DATA_TYP , DDL_DATA_LEN , DDL_DATA_PREC_NUM , DDL_DATA_SCALE_NUM , DDL_DATA_DFLT_TXT , COL_VIEW_NME , ORACLE_LOB_TXT , DB2_LOB_TXT , INFO_TYP_NME , COL_OBSOLETE_IND , COL_CMNT_TXT , DSPY_CAPTION_TXT , DMN_SET_ID , EDMV_USED_IND , VIRTUAL_COL_IND) VALUES ('LAV1','VERSION_NO','LAV10002',NULL,NULL,'N','BIGINT',28,'12-FEB-16','MHICSTM',NULL,NULL,NULL,NULL,10,10,NULL,NULL,NULL,NULL,NULL,NULL,NULL,NULL,NULL,NULL,NULL,NULL);

INSERT INTO FT_T_CLDF (TBL_ID , COL_NME , FLD_ID , PRNT_TBL_ID , PRNT_COL_NME , COL_REQ_IND , DDL_DATA_TYP , COL_SQ_NUM , LAST_CHG_TMS , LAST_CHG_USR_ID , NATIVE_COL_IND , LOGL_NME , COL_DESC , DDL_BASE_DATA_TYP , DDL_DATA_LEN , DDL_DATA_PREC_NUM , DDL_DATA_SCALE_NUM , DDL_DATA_DFLT_TXT , COL_VIEW_NME , ORACLE_LOB_TXT , DB2_LOB_TXT , INFO_TYP_NME , COL_OBSOLETE_IND , COL_CMNT_TXT , DSPY_CAPTION_TXT , DMN_SET_ID , EDMV_USED_IND , VIRTUAL_COL_IND) VALUES ('LAV1','VER_AMEND_DTE','LAV10005',NULL,NULL,'N','TIMESTAMP(0)',11,'12-FEB-16','MHICSTM',NULL,NULL,NULL,NULL,7,NULL,NULL,NULL,NULL,NULL,NULL,NULL,NULL,NULL,NULL,NULL,NULL,NULL);

 
 
 
INSERT INTO FT_T_TBRL (TBRL_OID , TBL_ID , REF_TBL_ID , TBL_FGN_KEY_ID , TBL_MERGE_TYP , TBL_DUP_ERROR_IND , LAST_CHG_TMS , LAST_CHG_USR_ID , PRIM_KEY_CMPNT_IND , LOGL_ONLY_IND , RFI_RULE_TYP , CHILD_TO_PRNT_TXT , CHILD_TO_PRNT_REQ_IND , CHILD_TO_PRNT_CARD_TYP , PRNT_TO_CHILD_TXT , PRNT_TO_CHILD_REQ_IND , PRNT_TO_CHILD_CARD_TYP , ALT_LOGL_KEY , REF_PARTITION_IND) VALUES ('LAV1FLAR01','LAV1','FLAR','FT_T_LAV1_F003',NULL,NULL,'17-JUN-17','MHICSTM',NULL,'N','R',NULL,'N','0,1',NULL,'N','0,M',NULL,NULL);

INSERT INTO FT_T_TBRL (TBRL_OID , TBL_ID , REF_TBL_ID , TBL_FGN_KEY_ID , TBL_MERGE_TYP , TBL_DUP_ERROR_IND , LAST_CHG_TMS , LAST_CHG_USR_ID , PRIM_KEY_CMPNT_IND , LOGL_ONLY_IND , RFI_RULE_TYP , CHILD_TO_PRNT_TXT , CHILD_TO_PRNT_REQ_IND , CHILD_TO_PRNT_CARD_TYP , PRNT_TO_CHILD_TXT , PRNT_TO_CHILD_REQ_IND , PRNT_TO_CHILD_CARD_TYP , ALT_LOGL_KEY , REF_PARTITION_IND) VALUES ('LAV1LAAN01','LAV1','LAAN','FT_T_LAV1_F001',NULL,NULL,'12-FEB-16','MHICSTM',NULL,'N','R',NULL,'N','0,1',NULL,'N','0,M',NULL,NULL);

 
INSERT INTO FT_T_TBRN (TBRN_OID , TBRL_OID , TBL_ID , COL_NME , COL_SQ_NUM , LAST_CHG_TMS , LAST_CHG_USR_ID) VALUES ('LAV1F00101','LAV1LAAN01','LAV1','LAAN_OID',1,'12-FEB-16','MHICSTM');

INSERT INTO FT_T_TBRN (TBRN_OID , TBRL_OID , TBL_ID , COL_NME , COL_SQ_NUM , LAST_CHG_TMS , LAST_CHG_USR_ID) VALUES ('LAV1F00301','LAV1FLAR01','LAV1','FLAR_OID',1,'17-JUN-17','MHICSTM');


 
INSERT INTO FT_T_TBDF (TBL_ID , LAST_CHG_TMS , LAST_CHG_USR_ID , DATA_MODL_VER_ID , TBL_NME , TBL_DESC , LAST_CMP_TMS , TBL_DDL_NME , TBL_CLSF_TYP , TBL_PROP_TO_NME , TBL_SUBJECT_AREA_NME , TBL_PRIN_APP_NME , TBL_OWNER_NME , TBL_DATA_OWNER_NME , TBL_DATA_TYP , TBL_DATA_UPD_RULE_TYP , TBL_OBSOLETE_IND , VDDB_SHARED_TBL_IND , PRODCTN_FIRST_INSTALL_TYP , PRODCTN_UPD_TYP , TBL_VIEW_NME , DATA_MODL_ID , TBL_CMNT_TXT , EST_TBL_SIZE_IND , LOGGING_IND , ORACLE_INIT_TRANS_NUM , ORACLE_PCT_FREE_NUM , DW_STANDALONE_IND , CDC_ENABLED_IND , AUDIT_ENABLED_IND , STAGING_ENABLED_IND , NON_RELATIONAL_TYP , LOCK_OCCUR_IND , BI_TEMPORAL_IND ) VALUES ('REG1','10-JAN-17','MHICSTM','8.4.1.1','FT_T_REG1','Regulatory Regime Table',NULL,'FT_T_REG1','X',NULL,NULL,NULL,NULL,NULL,NULL,NULL,NULL,NULL,NULL,NULL,NULL,NULL,NULL,NULL,NULL,NULL,NULL,NULL,NULL,NULL,NULL,NULL,NULL,NULL);

 
INSERT INTO FT_T_FLDF (FLD_ID , LAST_CHG_TMS , LAST_CHG_USR_ID , FLD_DATA_CL_ID , FLD_TAG_TYP , PRNT_FLD_ID , FLD_DFLT_METH_NME , FLD_EDIT_METH_NME , DDL_NME , FILL_CHAR , JUST_TYP , CTL_TOT_ELIG_IND , FLD_USED_BY_TYP , DMN_TBL_TYP , FLD_DFLT_VAL_TXT , FLD_NME , FLD_DESC , DSPY_DATA_TYP , DSPY_INT_NUM , DSPY_DEC_NUM , DSPY_CAPTION_TXT , MN_VAL_CAMT , MX_VAL_CAMT , FLD_DFLT_CAMT) SELECT '00161254','19-NOV-24','GS:MSYS','DSRCID',NULL,NULL,NULL,NULL,'DATA_SRC_ID',NULL,'L',NULL,'T',NULL,NULL,'Data Source ID','This field uniquely identifies the source that provided the data.  This is typically a vendor.  It is recommended that a unique mnemonic be supplied (for example, "TELEKURS" and "EXTEL") in order to facilitate the identification of the data provider.','TEXT',NULL,NULL,'Data Source ID',NULL,NULL,NULL FROM DUAL WHERE NOT EXISTS (SELECT 1 FROM FT_T_FLDF WHERE FLD_ID= '00161254');

INSERT INTO FT_T_FLDF (FLD_ID , LAST_CHG_TMS , LAST_CHG_USR_ID , FLD_DATA_CL_ID , FLD_TAG_TYP , PRNT_FLD_ID , FLD_DFLT_METH_NME , FLD_EDIT_METH_NME , DDL_NME , FILL_CHAR , JUST_TYP , CTL_TOT_ELIG_IND , FLD_USED_BY_TYP , DMN_TBL_TYP , FLD_DFLT_VAL_TXT , FLD_NME , FLD_DESC , DSPY_DATA_TYP , DSPY_INT_NUM , DSPY_DEC_NUM , DSPY_CAPTION_TXT , MN_VAL_CAMT , MX_VAL_CAMT , FLD_DFLT_CAMT) SELECT '00161255','19-NOV-24','GS:MSYS','DSTATTYP',NULL,NULL,NULL,NULL,'DATA_STAT_TYP',NULL,'L',NULL,'T',NULL,NULL,'Data Status','This field specifies the status of the data within this row of the table.  Normally the value of this field will be "null" indicating that the data is active.  Depending upon how a specific data vendor supplies data, other possible values include "DELETED", "REPLACED".  It is also possible to use this field to indicate the verification status of the data in this table row.  In that case possible values include "UNVERIFIED" and "VERIFIED".','TEXT',NULL,NULL,'Data Status',NULL,NULL,NULL FROM DUAL WHERE NOT EXISTS (SELECT 1 FROM FT_T_FLDF WHERE FLD_ID= '00161255');

INSERT INTO FT_T_FLDF (FLD_ID , LAST_CHG_TMS , LAST_CHG_USR_ID , FLD_DATA_CL_ID , FLD_TAG_TYP , PRNT_FLD_ID , FLD_DFLT_METH_NME , FLD_EDIT_METH_NME , DDL_NME , FILL_CHAR , JUST_TYP , CTL_TOT_ELIG_IND , FLD_USED_BY_TYP , DMN_TBL_TYP , FLD_DFLT_VAL_TXT , FLD_NME , FLD_DESC , DSPY_DATA_TYP , DSPY_INT_NUM , DSPY_DEC_NUM , DSPY_CAPTION_TXT , MN_VAL_CAMT , MX_VAL_CAMT , FLD_DFLT_CAMT) SELECT '00007450','19-NOV-24','GS:MSYS','DATETIME',NULL,NULL,NULL,NULL,'END_TMS',NULL,'L',NULL,'T',NULL,NULL,'End Date/Time','This field specifies the date and time after which the table occurrence is no longer active.  A value of "null" in this field indicates that an End Date/Time is not given and that the table occurrence is active.  The End Date/Time is used in conjunction with the Start Date/Time to determine the period when the table occurrence is active.','DATETIME',NULL,NULL,'End Date/Time',NULL,NULL,NULL FROM DUAL WHERE NOT EXISTS (SELECT 1 FROM FT_T_FLDF WHERE FLD_ID= '00007450');

INSERT INTO FT_T_FLDF (FLD_ID , LAST_CHG_TMS , LAST_CHG_USR_ID , FLD_DATA_CL_ID , FLD_TAG_TYP , PRNT_FLD_ID , FLD_DFLT_METH_NME , FLD_EDIT_METH_NME , DDL_NME , FILL_CHAR , JUST_TYP , CTL_TOT_ELIG_IND , FLD_USED_BY_TYP , DMN_TBL_TYP , FLD_DFLT_VAL_TXT , FLD_NME , FLD_DESC , DSPY_DATA_TYP , DSPY_INT_NUM , DSPY_DEC_NUM , DSPY_CAPTION_TXT , MN_VAL_CAMT , MX_VAL_CAMT , FLD_DFLT_CAMT) SELECT 'REG10003','10-JAN-17','MHICSTM','LONGTEXT',NULL,NULL,NULL,NULL,'EXP_DESC',NULL,'L',NULL,'T',NULL,NULL,'SIMM Exception Descriptive notes',NULL,'TEXT',NULL,NULL,NULL,NULL,NULL,NULL FROM DUAL WHERE NOT EXISTS (SELECT 1 FROM FT_T_FLDF WHERE FLD_ID= 'REG10003');

INSERT INTO FT_T_FLDF (FLD_ID , LAST_CHG_TMS , LAST_CHG_USR_ID , FLD_DATA_CL_ID , FLD_TAG_TYP , PRNT_FLD_ID , FLD_DFLT_METH_NME , FLD_EDIT_METH_NME , DDL_NME , FILL_CHAR , JUST_TYP , CTL_TOT_ELIG_IND , FLD_USED_BY_TYP , DMN_TBL_TYP , FLD_DFLT_VAL_TXT , FLD_NME , FLD_DESC , DSPY_DATA_TYP , DSPY_INT_NUM , DSPY_DEC_NUM , DSPY_CAPTION_TXT , MN_VAL_CAMT , MX_VAL_CAMT , FLD_DFLT_CAMT) SELECT '01841455','19-NOV-24','GS:MSYS','OID',NULL,NULL,NULL,NULL,'LAAT_OID',' ','L',NULL,'T',NULL,NULL,'Legal Agreement Annex Prt Threshold OID','This field contains an arbitrary value that uniquely identifies an occurrence of the Legal Agreement Annex Prt Threshold table. This value is typically programmatically generated.','TEXT',NULL,NULL,'Legal Agreement Annex Prt Threshold OID',NULL,NULL,NULL FROM DUAL WHERE NOT EXISTS (SELECT 1 FROM FT_T_FLDF WHERE FLD_ID= '01841455');

INSERT INTO FT_T_FLDF (FLD_ID , LAST_CHG_TMS , LAST_CHG_USR_ID , FLD_DATA_CL_ID , FLD_TAG_TYP , PRNT_FLD_ID , FLD_DFLT_METH_NME , FLD_EDIT_METH_NME , DDL_NME , FILL_CHAR , JUST_TYP , CTL_TOT_ELIG_IND , FLD_USED_BY_TYP , DMN_TBL_TYP , FLD_DFLT_VAL_TXT , FLD_NME , FLD_DESC , DSPY_DATA_TYP , DSPY_INT_NUM , DSPY_DEC_NUM , DSPY_CAPTION_TXT , MN_VAL_CAMT , MX_VAL_CAMT , FLD_DFLT_CAMT) SELECT '00003320','19-NOV-24','GS:MSYS','LSTCHGDT',NULL,NULL,NULL,NULL,'LAST_CHG_TMS',NULL,'L',NULL,'T',NULL,NULL,'Last Change Date/Time','This field contains the latest date and time that the values of the table occurrence on which this field resides were changed.','DATETIME',NULL,NULL,'Last Change Date/Time',NULL,NULL,NULL FROM DUAL WHERE NOT EXISTS (SELECT 1 FROM FT_T_FLDF WHERE FLD_ID= '00003320');

INSERT INTO FT_T_FLDF (FLD_ID , LAST_CHG_TMS , LAST_CHG_USR_ID , FLD_DATA_CL_ID , FLD_TAG_TYP , PRNT_FLD_ID , FLD_DFLT_METH_NME , FLD_EDIT_METH_NME , DDL_NME , FILL_CHAR , JUST_TYP , CTL_TOT_ELIG_IND , FLD_USED_BY_TYP , DMN_TBL_TYP , FLD_DFLT_VAL_TXT , FLD_NME , FLD_DESC , DSPY_DATA_TYP , DSPY_INT_NUM , DSPY_DEC_NUM , DSPY_CAPTION_TXT , MN_VAL_CAMT , MX_VAL_CAMT , FLD_DFLT_CAMT) SELECT '00003325','19-NOV-24','GS:MSYS','USER',NULL,NULL,NULL,NULL,'LAST_CHG_USR_ID',NULL,'L',NULL,'T',NULL,NULL,'Last Change User ID','This field contains the identifier of the last person or application that changed the values of the table occurrence on which this field resides.','TEXT',NULL,NULL,'Last Change User ID',NULL,NULL,NULL FROM DUAL WHERE NOT EXISTS (SELECT 1 FROM FT_T_FLDF WHERE FLD_ID= '00003325');

INSERT INTO FT_T_FLDF (FLD_ID , LAST_CHG_TMS , LAST_CHG_USR_ID , FLD_DATA_CL_ID , FLD_TAG_TYP , PRNT_FLD_ID , FLD_DFLT_METH_NME , FLD_EDIT_METH_NME , DDL_NME , FILL_CHAR , JUST_TYP , CTL_TOT_ELIG_IND , FLD_USED_BY_TYP , DMN_TBL_TYP , FLD_DFLT_VAL_TXT , FLD_NME , FLD_DESC , DSPY_DATA_TYP , DSPY_INT_NUM , DSPY_DEC_NUM , DSPY_CAPTION_TXT , MN_VAL_CAMT , MX_VAL_CAMT , FLD_DFLT_CAMT) SELECT 'REG10001','10-JAN-17','MHICSTM','OID',NULL,NULL,NULL,NULL,'REG1_OID',NULL,'L',NULL,'T',NULL,NULL,'Regulatory Regime Table OID','This field contains an arbitrary value that uniquely identifies an occurrence of the Regulatory Regime table. This value is typically programmatically generated.','TEXT',NULL,NULL,NULL,NULL,NULL,NULL FROM DUAL WHERE NOT EXISTS (SELECT 1 FROM FT_T_FLDF WHERE FLD_ID= 'REG10001');

INSERT INTO FT_T_FLDF (FLD_ID , LAST_CHG_TMS , LAST_CHG_USR_ID , FLD_DATA_CL_ID , FLD_TAG_TYP , PRNT_FLD_ID , FLD_DFLT_METH_NME , FLD_EDIT_METH_NME , DDL_NME , FILL_CHAR , JUST_TYP , CTL_TOT_ELIG_IND , FLD_USED_BY_TYP , DMN_TBL_TYP , FLD_DFLT_VAL_TXT , FLD_NME , FLD_DESC , DSPY_DATA_TYP , DSPY_INT_NUM , DSPY_DEC_NUM , DSPY_CAPTION_TXT , MN_VAL_CAMT , MX_VAL_CAMT , FLD_DFLT_CAMT) SELECT 'REG10005','10-JAN-17','MHICSTM','DATETIME',NULL,NULL,NULL,NULL,'RETRO_DATE',NULL,'L',NULL,'T',NULL,NULL,'Retrospective Effect Date',NULL,'TEXT',NULL,NULL,NULL,NULL,NULL,NULL FROM DUAL WHERE NOT EXISTS (SELECT 1 FROM FT_T_FLDF WHERE FLD_ID= 'REG10005');

INSERT INTO FT_T_FLDF (FLD_ID , LAST_CHG_TMS , LAST_CHG_USR_ID , FLD_DATA_CL_ID , FLD_TAG_TYP , PRNT_FLD_ID , FLD_DFLT_METH_NME , FLD_EDIT_METH_NME , DDL_NME , FILL_CHAR , JUST_TYP , CTL_TOT_ELIG_IND , FLD_USED_BY_TYP , DMN_TBL_TYP , FLD_DFLT_VAL_TXT , FLD_NME , FLD_DESC , DSPY_DATA_TYP , DSPY_INT_NUM , DSPY_DEC_NUM , DSPY_CAPTION_TXT , MN_VAL_CAMT , MX_VAL_CAMT , FLD_DFLT_CAMT) SELECT 'REG10004','10-JAN-17','MHICSTM','DATATEXT',NULL,NULL,NULL,NULL,'RETRO_EXCEPTION',NULL,'L',NULL,'T',NULL,NULL,'Retrospective Effect Flag',NULL,'TEXT',NULL,NULL,NULL,NULL,NULL,NULL FROM DUAL WHERE NOT EXISTS (SELECT 1 FROM FT_T_FLDF WHERE FLD_ID= 'REG10004');

INSERT INTO FT_T_FLDF (FLD_ID , LAST_CHG_TMS , LAST_CHG_USR_ID , FLD_DATA_CL_ID , FLD_TAG_TYP , PRNT_FLD_ID , FLD_DFLT_METH_NME , FLD_EDIT_METH_NME , DDL_NME , FILL_CHAR , JUST_TYP , CTL_TOT_ELIG_IND , FLD_USED_BY_TYP , DMN_TBL_TYP , FLD_DFLT_VAL_TXT , FLD_NME , FLD_DESC , DSPY_DATA_TYP , DSPY_INT_NUM , DSPY_DEC_NUM , DSPY_CAPTION_TXT , MN_VAL_CAMT , MX_VAL_CAMT , FLD_DFLT_CAMT) SELECT 'RGM10001','10-JAN-17','MHICSTM','OID',NULL,NULL,NULL,NULL,'RGM1_OID',NULL,'L',NULL,'T',NULL,NULL,'Regime Table OID','This field contains an arbitrary value that uniquely identifies an occurrence of the Regime table. This value is typically programmatically generated.','TEXT',NULL,NULL,NULL,NULL,NULL,NULL FROM DUAL WHERE NOT EXISTS (SELECT 1 FROM FT_T_FLDF WHERE FLD_ID= 'RGM10001');

INSERT INTO FT_T_FLDF (FLD_ID , LAST_CHG_TMS , LAST_CHG_USR_ID , FLD_DATA_CL_ID , FLD_TAG_TYP , PRNT_FLD_ID , FLD_DFLT_METH_NME , FLD_EDIT_METH_NME , DDL_NME , FILL_CHAR , JUST_TYP , CTL_TOT_ELIG_IND , FLD_USED_BY_TYP , DMN_TBL_TYP , FLD_DFLT_VAL_TXT , FLD_NME , FLD_DESC , DSPY_DATA_TYP , DSPY_INT_NUM , DSPY_DEC_NUM , DSPY_CAPTION_TXT , MN_VAL_CAMT , MX_VAL_CAMT , FLD_DFLT_CAMT) SELECT 'REG10002','10-JAN-17','MHICSTM','DATATEXT',NULL,NULL,NULL,NULL,'SIMM_EXCEPTION',NULL,'L',NULL,'T',NULL,NULL,'SIMM Exception Flag',NULL,'TEXT',NULL,NULL,NULL,NULL,NULL,NULL FROM DUAL WHERE NOT EXISTS (SELECT 1 FROM FT_T_FLDF WHERE FLD_ID= 'REG10002');

INSERT INTO FT_T_FLDF (FLD_ID , LAST_CHG_TMS , LAST_CHG_USR_ID , FLD_DATA_CL_ID , FLD_TAG_TYP , PRNT_FLD_ID , FLD_DFLT_METH_NME , FLD_EDIT_METH_NME , DDL_NME , FILL_CHAR , JUST_TYP , CTL_TOT_ELIG_IND , FLD_USED_BY_TYP , DMN_TBL_TYP , FLD_DFLT_VAL_TXT , FLD_NME , FLD_DESC , DSPY_DATA_TYP , DSPY_INT_NUM , DSPY_DEC_NUM , DSPY_CAPTION_TXT , MN_VAL_CAMT , MX_VAL_CAMT , FLD_DFLT_CAMT) SELECT '00007490','19-NOV-24','GS:MSYS','DATETIME',NULL,NULL,NULL,NULL,'START_TMS',NULL,'L',NULL,'T',NULL,NULL,'Start Date/Time','This field specifies the date and time from which the table occurrence is active.  In conjunction with the End Date/Time field, it determines the period when the table occurrence is active.','DATETIME',NULL,NULL,'Start Date/Time',NULL,NULL,NULL FROM DUAL WHERE NOT EXISTS (SELECT 1 FROM FT_T_FLDF WHERE FLD_ID= '00007490');

 
INSERT INTO FT_T_CLDF (TBL_ID , COL_NME , FLD_ID , PRNT_TBL_ID , PRNT_COL_NME , COL_REQ_IND , DDL_DATA_TYP , COL_SQ_NUM , LAST_CHG_TMS , LAST_CHG_USR_ID , NATIVE_COL_IND , LOGL_NME , COL_DESC , DDL_BASE_DATA_TYP , DDL_DATA_LEN , DDL_DATA_PREC_NUM , DDL_DATA_SCALE_NUM , DDL_DATA_DFLT_TXT , COL_VIEW_NME , ORACLE_LOB_TXT , DB2_LOB_TXT , INFO_TYP_NME , COL_OBSOLETE_IND , COL_CMNT_TXT , DSPY_CAPTION_TXT , DMN_SET_ID , EDMV_USED_IND , VIRTUAL_COL_IND) VALUES ('REG1','DATA_SRC_ID','00161254',NULL,NULL,'N','VARCHAR(40)',13,'10-JAN-17','MHICSTM',NULL,NULL,NULL,NULL,40,NULL,NULL,NULL,NULL,NULL,NULL,NULL,NULL,NULL,NULL,NULL,NULL,NULL);

INSERT INTO FT_T_CLDF (TBL_ID , COL_NME , FLD_ID , PRNT_TBL_ID , PRNT_COL_NME , COL_REQ_IND , DDL_DATA_TYP , COL_SQ_NUM , LAST_CHG_TMS , LAST_CHG_USR_ID , NATIVE_COL_IND , LOGL_NME , COL_DESC , DDL_BASE_DATA_TYP , DDL_DATA_LEN , DDL_DATA_PREC_NUM , DDL_DATA_SCALE_NUM , DDL_DATA_DFLT_TXT , COL_VIEW_NME , ORACLE_LOB_TXT , DB2_LOB_TXT , INFO_TYP_NME , COL_OBSOLETE_IND , COL_CMNT_TXT , DSPY_CAPTION_TXT , DMN_SET_ID , EDMV_USED_IND , VIRTUAL_COL_IND) VALUES ('REG1','DATA_STAT_TYP','00161255',NULL,NULL,'N','VARCHAR(20)',12,'10-JAN-17','MHICSTM',NULL,NULL,NULL,NULL,20,NULL,NULL,NULL,NULL,NULL,NULL,NULL,NULL,NULL,NULL,NULL,NULL,NULL);

INSERT INTO FT_T_CLDF (TBL_ID , COL_NME , FLD_ID , PRNT_TBL_ID , PRNT_COL_NME , COL_REQ_IND , DDL_DATA_TYP , COL_SQ_NUM , LAST_CHG_TMS , LAST_CHG_USR_ID , NATIVE_COL_IND , LOGL_NME , COL_DESC , DDL_BASE_DATA_TYP , DDL_DATA_LEN , DDL_DATA_PREC_NUM , DDL_DATA_SCALE_NUM , DDL_DATA_DFLT_TXT , COL_VIEW_NME , ORACLE_LOB_TXT , DB2_LOB_TXT , INFO_TYP_NME , COL_OBSOLETE_IND , COL_CMNT_TXT , DSPY_CAPTION_TXT , DMN_SET_ID , EDMV_USED_IND , VIRTUAL_COL_IND) VALUES ('REG1','END_TMS','00007450',NULL,NULL,'N','TIMESTAMP(0)',9,'10-JAN-17','MHICSTM',NULL,NULL,NULL,NULL,7,NULL,NULL,NULL,NULL,NULL,NULL,NULL,NULL,NULL,NULL,NULL,NULL,NULL);

INSERT INTO FT_T_CLDF (TBL_ID , COL_NME , FLD_ID , PRNT_TBL_ID , PRNT_COL_NME , COL_REQ_IND , DDL_DATA_TYP , COL_SQ_NUM , LAST_CHG_TMS , LAST_CHG_USR_ID , NATIVE_COL_IND , LOGL_NME , COL_DESC , DDL_BASE_DATA_TYP , DDL_DATA_LEN , DDL_DATA_PREC_NUM , DDL_DATA_SCALE_NUM , DDL_DATA_DFLT_TXT , COL_VIEW_NME , ORACLE_LOB_TXT , DB2_LOB_TXT , INFO_TYP_NME , COL_OBSOLETE_IND , COL_CMNT_TXT , DSPY_CAPTION_TXT , DMN_SET_ID , EDMV_USED_IND , VIRTUAL_COL_IND) VALUES ('REG1','EXP_DESC','REG10003',NULL,NULL,'N','VARCHAR(1000)',5,'10-JAN-17','MHICSTM',NULL,NULL,NULL,NULL,1000,NULL,NULL,NULL,NULL,NULL,NULL,NULL,NULL,NULL,NULL,NULL,NULL,NULL);

INSERT INTO FT_T_CLDF (TBL_ID , COL_NME , FLD_ID , PRNT_TBL_ID , PRNT_COL_NME , COL_REQ_IND , DDL_DATA_TYP , COL_SQ_NUM , LAST_CHG_TMS , LAST_CHG_USR_ID , NATIVE_COL_IND , LOGL_NME , COL_DESC , DDL_BASE_DATA_TYP , DDL_DATA_LEN , DDL_DATA_PREC_NUM , DDL_DATA_SCALE_NUM , DDL_DATA_DFLT_TXT , COL_VIEW_NME , ORACLE_LOB_TXT , DB2_LOB_TXT , INFO_TYP_NME , COL_OBSOLETE_IND , COL_CMNT_TXT , DSPY_CAPTION_TXT , DMN_SET_ID , EDMV_USED_IND , VIRTUAL_COL_IND) VALUES ('REG1','LAAT_OID','01841455',NULL,NULL,'Y','VARCHAR(10)',3,'10-JAN-17','MHICSTM',NULL,NULL,NULL,NULL,10,NULL,NULL,NULL,NULL,NULL,NULL,NULL,NULL,NULL,NULL,NULL,NULL,NULL);

INSERT INTO FT_T_CLDF (TBL_ID , COL_NME , FLD_ID , PRNT_TBL_ID , PRNT_COL_NME , COL_REQ_IND , DDL_DATA_TYP , COL_SQ_NUM , LAST_CHG_TMS , LAST_CHG_USR_ID , NATIVE_COL_IND , LOGL_NME , COL_DESC , DDL_BASE_DATA_TYP , DDL_DATA_LEN , DDL_DATA_PREC_NUM , DDL_DATA_SCALE_NUM , DDL_DATA_DFLT_TXT , COL_VIEW_NME , ORACLE_LOB_TXT , DB2_LOB_TXT , INFO_TYP_NME , COL_OBSOLETE_IND , COL_CMNT_TXT , DSPY_CAPTION_TXT , DMN_SET_ID , EDMV_USED_IND , VIRTUAL_COL_IND) VALUES ('REG1','LAST_CHG_TMS','00003320',NULL,NULL,'Y','TIMESTAMP(0)',10,'10-JAN-17','MHICSTM',NULL,NULL,NULL,NULL,7,NULL,NULL,NULL,NULL,NULL,NULL,NULL,NULL,NULL,NULL,NULL,NULL,NULL);

INSERT INTO FT_T_CLDF (TBL_ID , COL_NME , FLD_ID , PRNT_TBL_ID , PRNT_COL_NME , COL_REQ_IND , DDL_DATA_TYP , COL_SQ_NUM , LAST_CHG_TMS , LAST_CHG_USR_ID , NATIVE_COL_IND , LOGL_NME , COL_DESC , DDL_BASE_DATA_TYP , DDL_DATA_LEN , DDL_DATA_PREC_NUM , DDL_DATA_SCALE_NUM , DDL_DATA_DFLT_TXT , COL_VIEW_NME , ORACLE_LOB_TXT , DB2_LOB_TXT , INFO_TYP_NME , COL_OBSOLETE_IND , COL_CMNT_TXT , DSPY_CAPTION_TXT , DMN_SET_ID , EDMV_USED_IND , VIRTUAL_COL_IND) VALUES ('REG1','LAST_CHG_USR_ID','00003325',NULL,NULL,'Y','VARCHAR(256)',11,'10-JAN-17','MHICSTM',NULL,NULL,NULL,NULL,256,NULL,NULL,NULL,NULL,NULL,NULL,NULL,NULL,NULL,NULL,NULL,NULL,NULL);

INSERT INTO FT_T_CLDF (TBL_ID , COL_NME , FLD_ID , PRNT_TBL_ID , PRNT_COL_NME , COL_REQ_IND , DDL_DATA_TYP , COL_SQ_NUM , LAST_CHG_TMS , LAST_CHG_USR_ID , NATIVE_COL_IND , LOGL_NME , COL_DESC , DDL_BASE_DATA_TYP , DDL_DATA_LEN , DDL_DATA_PREC_NUM , DDL_DATA_SCALE_NUM , DDL_DATA_DFLT_TXT , COL_VIEW_NME , ORACLE_LOB_TXT , DB2_LOB_TXT , INFO_TYP_NME , COL_OBSOLETE_IND , COL_CMNT_TXT , DSPY_CAPTION_TXT , DMN_SET_ID , EDMV_USED_IND , VIRTUAL_COL_IND) VALUES ('REG1','REG1_OID','REG10001',NULL,NULL,'Y','VARCHAR(10)',1,'10-JAN-17','MHICSTM',NULL,NULL,NULL,NULL,10,NULL,NULL,NULL,NULL,NULL,NULL,NULL,NULL,NULL,NULL,NULL,NULL,NULL);

INSERT INTO FT_T_CLDF (TBL_ID , COL_NME , FLD_ID , PRNT_TBL_ID , PRNT_COL_NME , COL_REQ_IND , DDL_DATA_TYP , COL_SQ_NUM , LAST_CHG_TMS , LAST_CHG_USR_ID , NATIVE_COL_IND , LOGL_NME , COL_DESC , DDL_BASE_DATA_TYP , DDL_DATA_LEN , DDL_DATA_PREC_NUM , DDL_DATA_SCALE_NUM , DDL_DATA_DFLT_TXT , COL_VIEW_NME , ORACLE_LOB_TXT , DB2_LOB_TXT , INFO_TYP_NME , COL_OBSOLETE_IND , COL_CMNT_TXT , DSPY_CAPTION_TXT , DMN_SET_ID , EDMV_USED_IND , VIRTUAL_COL_IND) VALUES ('REG1','RETRO_DATE','REG10005',NULL,NULL,'N','TIMESTAMP(0)',7,'10-JAN-17','MHICSTM',NULL,NULL,NULL,NULL,7,NULL,NULL,NULL,NULL,NULL,NULL,NULL,NULL,NULL,NULL,NULL,NULL,NULL);

INSERT INTO FT_T_CLDF (TBL_ID , COL_NME , FLD_ID , PRNT_TBL_ID , PRNT_COL_NME , COL_REQ_IND , DDL_DATA_TYP , COL_SQ_NUM , LAST_CHG_TMS , LAST_CHG_USR_ID , NATIVE_COL_IND , LOGL_NME , COL_DESC , DDL_BASE_DATA_TYP , DDL_DATA_LEN , DDL_DATA_PREC_NUM , DDL_DATA_SCALE_NUM , DDL_DATA_DFLT_TXT , COL_VIEW_NME , ORACLE_LOB_TXT , DB2_LOB_TXT , INFO_TYP_NME , COL_OBSOLETE_IND , COL_CMNT_TXT , DSPY_CAPTION_TXT , DMN_SET_ID , EDMV_USED_IND , VIRTUAL_COL_IND) VALUES ('REG1','RETRO_EXCEPTION','REG10004',NULL,NULL,'N','VARCHAR(20)',6,'10-JAN-17','MHICSTM',NULL,NULL,NULL,NULL,20,NULL,NULL,NULL,NULL,NULL,NULL,NULL,NULL,NULL,NULL,NULL,NULL,NULL);

INSERT INTO FT_T_CLDF (TBL_ID , COL_NME , FLD_ID , PRNT_TBL_ID , PRNT_COL_NME , COL_REQ_IND , DDL_DATA_TYP , COL_SQ_NUM , LAST_CHG_TMS , LAST_CHG_USR_ID , NATIVE_COL_IND , LOGL_NME , COL_DESC , DDL_BASE_DATA_TYP , DDL_DATA_LEN , DDL_DATA_PREC_NUM , DDL_DATA_SCALE_NUM , DDL_DATA_DFLT_TXT , COL_VIEW_NME , ORACLE_LOB_TXT , DB2_LOB_TXT , INFO_TYP_NME , COL_OBSOLETE_IND , COL_CMNT_TXT , DSPY_CAPTION_TXT , DMN_SET_ID , EDMV_USED_IND , VIRTUAL_COL_IND) VALUES ('REG1','RGM1_OID','RGM10001',NULL,NULL,'Y','VARCHAR(10)',2,'10-JAN-17','MHICSTM',NULL,NULL,NULL,NULL,10,NULL,NULL,NULL,NULL,NULL,NULL,NULL,NULL,NULL,NULL,NULL,NULL,NULL);

INSERT INTO FT_T_CLDF (TBL_ID , COL_NME , FLD_ID , PRNT_TBL_ID , PRNT_COL_NME , COL_REQ_IND , DDL_DATA_TYP , COL_SQ_NUM , LAST_CHG_TMS , LAST_CHG_USR_ID , NATIVE_COL_IND , LOGL_NME , COL_DESC , DDL_BASE_DATA_TYP , DDL_DATA_LEN , DDL_DATA_PREC_NUM , DDL_DATA_SCALE_NUM , DDL_DATA_DFLT_TXT , COL_VIEW_NME , ORACLE_LOB_TXT , DB2_LOB_TXT , INFO_TYP_NME , COL_OBSOLETE_IND , COL_CMNT_TXT , DSPY_CAPTION_TXT , DMN_SET_ID , EDMV_USED_IND , VIRTUAL_COL_IND) VALUES ('REG1','SIMM_EXCEPTION','REG10002',NULL,NULL,'N','VARCHAR(20)',4,'10-JAN-17','MHICSTM',NULL,NULL,NULL,NULL,20,NULL,NULL,NULL,NULL,NULL,NULL,NULL,NULL,NULL,NULL,NULL,NULL,NULL);

INSERT INTO FT_T_CLDF (TBL_ID , COL_NME , FLD_ID , PRNT_TBL_ID , PRNT_COL_NME , COL_REQ_IND , DDL_DATA_TYP , COL_SQ_NUM , LAST_CHG_TMS , LAST_CHG_USR_ID , NATIVE_COL_IND , LOGL_NME , COL_DESC , DDL_BASE_DATA_TYP , DDL_DATA_LEN , DDL_DATA_PREC_NUM , DDL_DATA_SCALE_NUM , DDL_DATA_DFLT_TXT , COL_VIEW_NME , ORACLE_LOB_TXT , DB2_LOB_TXT , INFO_TYP_NME , COL_OBSOLETE_IND , COL_CMNT_TXT , DSPY_CAPTION_TXT , DMN_SET_ID , EDMV_USED_IND , VIRTUAL_COL_IND) VALUES ('REG1','START_TMS','00007490',NULL,NULL,'Y','TIMESTAMP(0)',8,'10-JAN-17','MHICSTM',NULL,NULL,NULL,NULL,7,NULL,NULL,NULL,NULL,NULL,NULL,NULL,NULL,NULL,NULL,NULL,NULL,NULL);

 
INSERT INTO FT_T_TIDX (TIDX_OID , TBL_ID , TBL_INDEX_NME , TBL_INDEX_TYP , LAST_CHG_TMS , LAST_CHG_USR_ID , TBL_INDEX_PARTITION_TYP , ORACLE_INIT_TRANS_NUM , REVERSE_INDEX_IND , BITMAP_INDEX_IND) VALUES ('REG1P001==','REG1','FT_T_REG1_PK','P','10-JAN-17','MHICSTM',NULL,NULL,NULL,NULL);

 
INSERT INTO FT_T_TIDC (TIDC_OID , TIDX_OID , TBL_ID , COL_NME , COL_SQ_NUM , SORT_SEQ_TYP , LAST_CHG_TMS , LAST_CHG_USR_ID , COL_EXPR_TXT) VALUES ('REG1P00101','REG1P001==','REG1','REG1_OID',1,NULL,'10-JAN-17','MHICSTM',NULL);

 
INSERT INTO FT_T_TBRL (TBRL_OID , TBL_ID , REF_TBL_ID , TBL_FGN_KEY_ID , TBL_MERGE_TYP , TBL_DUP_ERROR_IND , LAST_CHG_TMS , LAST_CHG_USR_ID , PRIM_KEY_CMPNT_IND , LOGL_ONLY_IND , RFI_RULE_TYP , CHILD_TO_PRNT_TXT , CHILD_TO_PRNT_REQ_IND , CHILD_TO_PRNT_CARD_TYP , PRNT_TO_CHILD_TXT , PRNT_TO_CHILD_REQ_IND , PRNT_TO_CHILD_CARD_TYP , ALT_LOGL_KEY , REF_PARTITION_IND) VALUES ('REG1LAAT02','REG1','LAAT','FT_T_REG1_F002',NULL,NULL,'10-JAN-17','MHICSTM',NULL,'N','R','can represent a','N','0,1','acts as','N','0,M',NULL,NULL);

INSERT INTO FT_T_TBRL (TBRL_OID , TBL_ID , REF_TBL_ID , TBL_FGN_KEY_ID , TBL_MERGE_TYP , TBL_DUP_ERROR_IND , LAST_CHG_TMS , LAST_CHG_USR_ID , PRIM_KEY_CMPNT_IND , LOGL_ONLY_IND , RFI_RULE_TYP , CHILD_TO_PRNT_TXT , CHILD_TO_PRNT_REQ_IND , CHILD_TO_PRNT_CARD_TYP , PRNT_TO_CHILD_TXT , PRNT_TO_CHILD_REQ_IND , PRNT_TO_CHILD_CARD_TYP , ALT_LOGL_KEY , REF_PARTITION_IND) VALUES ('REG1RGM101','REG1','RGM1','FT_T_REG1_F001',NULL,NULL,'10-JAN-17','MHICSTM',NULL,'N','R','can represent a','N','0,1','acts as','N','0,M',NULL,NULL);

 
INSERT INTO FT_T_TBRN (TBRN_OID , TBRL_OID , TBL_ID , COL_NME , COL_SQ_NUM , LAST_CHG_TMS , LAST_CHG_USR_ID) VALUES ('REG1F00101','REG1RGM101','REG1','RGM1_OID',1,'10-JAN-17','MHICSTM');

INSERT INTO FT_T_TBRN (TBRN_OID , TBRL_OID , TBL_ID , COL_NME , COL_SQ_NUM , LAST_CHG_TMS , LAST_CHG_USR_ID) VALUES ('REG1F00201','REG1LAAT02','REG1','LAAT_OID',1,'10-JAN-17','MHICSTM');


 
INSERT INTO FT_T_TBDF (TBL_ID , LAST_CHG_TMS , LAST_CHG_USR_ID , DATA_MODL_VER_ID , TBL_NME , TBL_DESC , LAST_CMP_TMS , TBL_DDL_NME , TBL_CLSF_TYP , TBL_PROP_TO_NME , TBL_SUBJECT_AREA_NME , TBL_PRIN_APP_NME , TBL_OWNER_NME , TBL_DATA_OWNER_NME , TBL_DATA_TYP , TBL_DATA_UPD_RULE_TYP , TBL_OBSOLETE_IND , VDDB_SHARED_TBL_IND , PRODCTN_FIRST_INSTALL_TYP , PRODCTN_UPD_TYP , TBL_VIEW_NME , DATA_MODL_ID , TBL_CMNT_TXT , EST_TBL_SIZE_IND , LOGGING_IND , ORACLE_INIT_TRANS_NUM , ORACLE_PCT_FREE_NUM , DW_STANDALONE_IND , CDC_ENABLED_IND , AUDIT_ENABLED_IND , STAGING_ENABLED_IND , NON_RELATIONAL_TYP , LOCK_OCCUR_IND , BI_TEMPORAL_IND ) VALUES ('RTG1','12-FEB-16','MHICSTM','8.4.1.1','FT_T_RTG1','FT_T_RTG1',NULL,'FT_T_RTG1','X',NULL,NULL,NULL,NULL,NULL,NULL,NULL,NULL,NULL,NULL,NULL,NULL,NULL,NULL,NULL,NULL,NULL,NULL,NULL,NULL,NULL,NULL,NULL,NULL,NULL);

 
INSERT INTO FT_T_FLDF (FLD_ID , LAST_CHG_TMS , LAST_CHG_USR_ID , FLD_DATA_CL_ID , FLD_TAG_TYP , PRNT_FLD_ID , FLD_DFLT_METH_NME , FLD_EDIT_METH_NME , DDL_NME , FILL_CHAR , JUST_TYP , CTL_TOT_ELIG_IND , FLD_USED_BY_TYP , DMN_TBL_TYP , FLD_DFLT_VAL_TXT , FLD_NME , FLD_DESC , DSPY_DATA_TYP , DSPY_INT_NUM , DSPY_DEC_NUM , DSPY_CAPTION_TXT , MN_VAL_CAMT , MX_VAL_CAMT , FLD_DFLT_CAMT) SELECT '00161255','19-NOV-24','GS:MSYS','DSTATTYP',NULL,NULL,NULL,NULL,'DATA_STAT_TYP',NULL,'L',NULL,'T',NULL,NULL,'Data Status','This field specifies the status of the data within this row of the table.  Normally the value of this field will be "null" indicating that the data is active.  Depending upon how a specific data vendor supplies data, other possible values include "DELETED", "REPLACED".  It is also possible to use this field to indicate the verification status of the data in this table row.  In that case possible values include "UNVERIFIED" and "VERIFIED".','TEXT',NULL,NULL,'Data Status',NULL,NULL,NULL FROM DUAL WHERE NOT EXISTS (SELECT 1 FROM FT_T_FLDF WHERE FLD_ID= '00161255');

INSERT INTO FT_T_FLDF (FLD_ID , LAST_CHG_TMS , LAST_CHG_USR_ID , FLD_DATA_CL_ID , FLD_TAG_TYP , PRNT_FLD_ID , FLD_DFLT_METH_NME , FLD_EDIT_METH_NME , DDL_NME , FILL_CHAR , JUST_TYP , CTL_TOT_ELIG_IND , FLD_USED_BY_TYP , DMN_TBL_TYP , FLD_DFLT_VAL_TXT , FLD_NME , FLD_DESC , DSPY_DATA_TYP , DSPY_INT_NUM , DSPY_DEC_NUM , DSPY_CAPTION_TXT , MN_VAL_CAMT , MX_VAL_CAMT , FLD_DFLT_CAMT) SELECT '00007450','19-NOV-24','GS:MSYS','DATETIME',NULL,NULL,NULL,NULL,'END_TMS',NULL,'L',NULL,'T',NULL,NULL,'End Date/Time','This field specifies the date and time after which the table occurrence is no longer active.  A value of "null" in this field indicates that an End Date/Time is not given and that the table occurrence is active.  The End Date/Time is used in conjunction with the Start Date/Time to determine the period when the table occurrence is active.','DATETIME',NULL,NULL,'End Date/Time',NULL,NULL,NULL FROM DUAL WHERE NOT EXISTS (SELECT 1 FROM FT_T_FLDF WHERE FLD_ID= '00007450');

INSERT INTO FT_T_FLDF (FLD_ID , LAST_CHG_TMS , LAST_CHG_USR_ID , FLD_DATA_CL_ID , FLD_TAG_TYP , PRNT_FLD_ID , FLD_DFLT_METH_NME , FLD_EDIT_METH_NME , DDL_NME , FILL_CHAR , JUST_TYP , CTL_TOT_ELIG_IND , FLD_USED_BY_TYP , DMN_TBL_TYP , FLD_DFLT_VAL_TXT , FLD_NME , FLD_DESC , DSPY_DATA_TYP , DSPY_INT_NUM , DSPY_DEC_NUM , DSPY_CAPTION_TXT , MN_VAL_CAMT , MX_VAL_CAMT , FLD_DFLT_CAMT) SELECT '01841427','19-NOV-24','GS:MSYS','OID',NULL,NULL,NULL,NULL,'LAAP_OID',' ','L',NULL,'T',NULL,NULL,'Legal Agreement Annex Participant OID','This field contains an arbitrary value that uniquely identifies an occurrence of the Legal Agreement Annex Participant table. This value is typically programmatically generated.','TEXT',NULL,NULL,'Legal Agreement Annex Participant OID',NULL,NULL,NULL FROM DUAL WHERE NOT EXISTS (SELECT 1 FROM FT_T_FLDF WHERE FLD_ID= '01841427');

INSERT INTO FT_T_FLDF (FLD_ID , LAST_CHG_TMS , LAST_CHG_USR_ID , FLD_DATA_CL_ID , FLD_TAG_TYP , PRNT_FLD_ID , FLD_DFLT_METH_NME , FLD_EDIT_METH_NME , DDL_NME , FILL_CHAR , JUST_TYP , CTL_TOT_ELIG_IND , FLD_USED_BY_TYP , DMN_TBL_TYP , FLD_DFLT_VAL_TXT , FLD_NME , FLD_DESC , DSPY_DATA_TYP , DSPY_INT_NUM , DSPY_DEC_NUM , DSPY_CAPTION_TXT , MN_VAL_CAMT , MX_VAL_CAMT , FLD_DFLT_CAMT) SELECT '01841455','19-NOV-24','GS:MSYS','OID',NULL,NULL,NULL,NULL,'LAAT_OID',' ','L',NULL,'T',NULL,NULL,'Legal Agreement Annex Prt Threshold OID','This field contains an arbitrary value that uniquely identifies an occurrence of the Legal Agreement Annex Prt Threshold table. This value is typically programmatically generated.','TEXT',NULL,NULL,'Legal Agreement Annex Prt Threshold OID',NULL,NULL,NULL FROM DUAL WHERE NOT EXISTS (SELECT 1 FROM FT_T_FLDF WHERE FLD_ID= '01841455');

INSERT INTO FT_T_FLDF (FLD_ID , LAST_CHG_TMS , LAST_CHG_USR_ID , FLD_DATA_CL_ID , FLD_TAG_TYP , PRNT_FLD_ID , FLD_DFLT_METH_NME , FLD_EDIT_METH_NME , DDL_NME , FILL_CHAR , JUST_TYP , CTL_TOT_ELIG_IND , FLD_USED_BY_TYP , DMN_TBL_TYP , FLD_DFLT_VAL_TXT , FLD_NME , FLD_DESC , DSPY_DATA_TYP , DSPY_INT_NUM , DSPY_DEC_NUM , DSPY_CAPTION_TXT , MN_VAL_CAMT , MX_VAL_CAMT , FLD_DFLT_CAMT) SELECT '00003320','19-NOV-24','GS:MSYS','LSTCHGDT',NULL,NULL,NULL,NULL,'LAST_CHG_TMS',NULL,'L',NULL,'T',NULL,NULL,'Last Change Date/Time','This field contains the latest date and time that the values of the table occurrence on which this field resides were changed.','DATETIME',NULL,NULL,'Last Change Date/Time',NULL,NULL,NULL FROM DUAL WHERE NOT EXISTS (SELECT 1 FROM FT_T_FLDF WHERE FLD_ID= '00003320');

INSERT INTO FT_T_FLDF (FLD_ID , LAST_CHG_TMS , LAST_CHG_USR_ID , FLD_DATA_CL_ID , FLD_TAG_TYP , PRNT_FLD_ID , FLD_DFLT_METH_NME , FLD_EDIT_METH_NME , DDL_NME , FILL_CHAR , JUST_TYP , CTL_TOT_ELIG_IND , FLD_USED_BY_TYP , DMN_TBL_TYP , FLD_DFLT_VAL_TXT , FLD_NME , FLD_DESC , DSPY_DATA_TYP , DSPY_INT_NUM , DSPY_DEC_NUM , DSPY_CAPTION_TXT , MN_VAL_CAMT , MX_VAL_CAMT , FLD_DFLT_CAMT) SELECT '00003325','19-NOV-24','GS:MSYS','USER',NULL,NULL,NULL,NULL,'LAST_CHG_USR_ID',NULL,'L',NULL,'T',NULL,NULL,'Last Change User ID','This field contains the identifier of the last person or application that changed the values of the table occurrence on which this field resides.','TEXT',NULL,NULL,'Last Change User ID',NULL,NULL,NULL FROM DUAL WHERE NOT EXISTS (SELECT 1 FROM FT_T_FLDF WHERE FLD_ID= '00003325');

INSERT INTO FT_T_FLDF (FLD_ID , LAST_CHG_TMS , LAST_CHG_USR_ID , FLD_DATA_CL_ID , FLD_TAG_TYP , PRNT_FLD_ID , FLD_DFLT_METH_NME , FLD_EDIT_METH_NME , DDL_NME , FILL_CHAR , JUST_TYP , CTL_TOT_ELIG_IND , FLD_USED_BY_TYP , DMN_TBL_TYP , FLD_DFLT_VAL_TXT , FLD_NME , FLD_DESC , DSPY_DATA_TYP , DSPY_INT_NUM , DSPY_DEC_NUM , DSPY_CAPTION_TXT , MN_VAL_CAMT , MX_VAL_CAMT , FLD_DFLT_CAMT) SELECT '01841437','30-JUN-12','GS:MSYS','VALUECDE',NULL,'00102005',NULL,NULL,'MIN_RTNG_CDE',' ','L',NULL,'T',NULL,NULL,'Minimum Rating Value','This field stores a rating value that is a member of a specific rating set.  The meaning of the Rating Value is specified by the Rating Name and Rating Description fields.  The relative rank of the rating value within the rating set is given by the Rating Rank field.','TEXT',NULL,NULL,NULL,NULL,NULL,NULL FROM DUAL WHERE NOT EXISTS (SELECT 1 FROM FT_T_FLDF WHERE FLD_ID= '01841437');

INSERT INTO FT_T_FLDF (FLD_ID , LAST_CHG_TMS , LAST_CHG_USR_ID , FLD_DATA_CL_ID , FLD_TAG_TYP , PRNT_FLD_ID , FLD_DFLT_METH_NME , FLD_EDIT_METH_NME , DDL_NME , FILL_CHAR , JUST_TYP , CTL_TOT_ELIG_IND , FLD_USED_BY_TYP , DMN_TBL_TYP , FLD_DFLT_VAL_TXT , FLD_NME , FLD_DESC , DSPY_DATA_TYP , DSPY_INT_NUM , DSPY_DEC_NUM , DSPY_CAPTION_TXT , MN_VAL_CAMT , MX_VAL_CAMT , FLD_DFLT_CAMT) SELECT 'RTG10006','15-JUL-16','MHICSTM','NUMBER',NULL,NULL,NULL,NULL,'MIN_RTNG_CDE_RANK',NULL,NULL,NULL,NULL,NULL,NULL,'Minimum Rating Code Rank',NULL,NULL,NULL,NULL,NULL,NULL,NULL,NULL FROM DUAL WHERE NOT EXISTS (SELECT 1 FROM FT_T_FLDF WHERE FLD_ID= 'RTG10006');

INSERT INTO FT_T_FLDF (FLD_ID , LAST_CHG_TMS , LAST_CHG_USR_ID , FLD_DATA_CL_ID , FLD_TAG_TYP , PRNT_FLD_ID , FLD_DFLT_METH_NME , FLD_EDIT_METH_NME , DDL_NME , FILL_CHAR , JUST_TYP , CTL_TOT_ELIG_IND , FLD_USED_BY_TYP , DMN_TBL_TYP , FLD_DFLT_VAL_TXT , FLD_NME , FLD_DESC , DSPY_DATA_TYP , DSPY_INT_NUM , DSPY_DEC_NUM , DSPY_CAPTION_TXT , MN_VAL_CAMT , MX_VAL_CAMT , FLD_DFLT_CAMT) SELECT 'RTG10001','12-FEB-16','MHICSTM','OID',NULL,NULL,NULL,NULL,'RTG1_OID',NULL,NULL,NULL,NULL,NULL,NULL,'RTG1_OID',NULL,NULL,NULL,NULL,NULL,NULL,NULL,NULL FROM DUAL WHERE NOT EXISTS (SELECT 1 FROM FT_T_FLDF WHERE FLD_ID= 'RTG10001');

INSERT INTO FT_T_FLDF (FLD_ID , LAST_CHG_TMS , LAST_CHG_USR_ID , FLD_DATA_CL_ID , FLD_TAG_TYP , PRNT_FLD_ID , FLD_DFLT_METH_NME , FLD_EDIT_METH_NME , DDL_NME , FILL_CHAR , JUST_TYP , CTL_TOT_ELIG_IND , FLD_USED_BY_TYP , DMN_TBL_TYP , FLD_DFLT_VAL_TXT , FLD_NME , FLD_DESC , DSPY_DATA_TYP , DSPY_INT_NUM , DSPY_DEC_NUM , DSPY_CAPTION_TXT , MN_VAL_CAMT , MX_VAL_CAMT , FLD_DFLT_CAMT) SELECT 'RTG10003','12-FEB-16','MHICSTM','NUMBER',NULL,NULL,NULL,NULL,'RTNG_CAMT',NULL,NULL,NULL,NULL,NULL,NULL,'RTNG_CAMT',NULL,NULL,NULL,NULL,NULL,NULL,NULL,NULL FROM DUAL WHERE NOT EXISTS (SELECT 1 FROM FT_T_FLDF WHERE FLD_ID= 'RTG10003');

INSERT INTO FT_T_FLDF (FLD_ID , LAST_CHG_TMS , LAST_CHG_USR_ID , FLD_DATA_CL_ID , FLD_TAG_TYP , PRNT_FLD_ID , FLD_DFLT_METH_NME , FLD_EDIT_METH_NME , DDL_NME , FILL_CHAR , JUST_TYP , CTL_TOT_ELIG_IND , FLD_USED_BY_TYP , DMN_TBL_TYP , FLD_DFLT_VAL_TXT , FLD_NME , FLD_DESC , DSPY_DATA_TYP , DSPY_INT_NUM , DSPY_DEC_NUM , DSPY_CAPTION_TXT , MN_VAL_CAMT , MX_VAL_CAMT , FLD_DFLT_CAMT) SELECT '00102005','19-NOV-24','GS:MSYS','VALUECDE',NULL,NULL,NULL,NULL,'RTNG_CDE',NULL,'L',NULL,'T',NULL,NULL,'Rating Value','This field stores a rating value that is a member of a specific rating set.  The meaning of the Rating Value is specified by the Rating Name and Rating Description fields.  The relative rank of the rating value within the rating set is given by the Rating Rank field.','TEXT',NULL,NULL,'Rating Value',NULL,NULL,NULL FROM DUAL WHERE NOT EXISTS (SELECT 1 FROM FT_T_FLDF WHERE FLD_ID= '00102005');

INSERT INTO FT_T_FLDF (FLD_ID , LAST_CHG_TMS , LAST_CHG_USR_ID , FLD_DATA_CL_ID , FLD_TAG_TYP , PRNT_FLD_ID , FLD_DFLT_METH_NME , FLD_EDIT_METH_NME , DDL_NME , FILL_CHAR , JUST_TYP , CTL_TOT_ELIG_IND , FLD_USED_BY_TYP , DMN_TBL_TYP , FLD_DFLT_VAL_TXT , FLD_NME , FLD_DESC , DSPY_DATA_TYP , DSPY_INT_NUM , DSPY_DEC_NUM , DSPY_CAPTION_TXT , MN_VAL_CAMT , MX_VAL_CAMT , FLD_DFLT_CAMT) SELECT 'RTG10005','15-JUL-16','MHICSTM','NUMBER',NULL,NULL,NULL,NULL,'RTNG_CDE_RANK',NULL,NULL,NULL,NULL,NULL,NULL,'Rating code Rank',NULL,NULL,NULL,NULL,NULL,NULL,NULL,NULL FROM DUAL WHERE NOT EXISTS (SELECT 1 FROM FT_T_FLDF WHERE FLD_ID= 'RTG10005');

INSERT INTO FT_T_FLDF (FLD_ID , LAST_CHG_TMS , LAST_CHG_USR_ID , FLD_DATA_CL_ID , FLD_TAG_TYP , PRNT_FLD_ID , FLD_DFLT_METH_NME , FLD_EDIT_METH_NME , DDL_NME , FILL_CHAR , JUST_TYP , CTL_TOT_ELIG_IND , FLD_USED_BY_TYP , DMN_TBL_TYP , FLD_DFLT_VAL_TXT , FLD_NME , FLD_DESC , DSPY_DATA_TYP , DSPY_INT_NUM , DSPY_DEC_NUM , DSPY_CAPTION_TXT , MN_VAL_CAMT , MX_VAL_CAMT , FLD_DFLT_CAMT) SELECT 'RTG10004','12-FEB-16','MHICSTM','DATATEXT',NULL,NULL,NULL,NULL,'RTNG_GRID_PURP_TYP',NULL,NULL,NULL,NULL,NULL,NULL,'RTNG_GRID_PURP_TYP',NULL,NULL,NULL,NULL,NULL,NULL,NULL,NULL FROM DUAL WHERE NOT EXISTS (SELECT 1 FROM FT_T_FLDF WHERE FLD_ID= 'RTG10004');

INSERT INTO FT_T_FLDF (FLD_ID , LAST_CHG_TMS , LAST_CHG_USR_ID , FLD_DATA_CL_ID , FLD_TAG_TYP , PRNT_FLD_ID , FLD_DFLT_METH_NME , FLD_EDIT_METH_NME , DDL_NME , FILL_CHAR , JUST_TYP , CTL_TOT_ELIG_IND , FLD_USED_BY_TYP , DMN_TBL_TYP , FLD_DFLT_VAL_TXT , FLD_NME , FLD_DESC , DSPY_DATA_TYP , DSPY_INT_NUM , DSPY_DEC_NUM , DSPY_CAPTION_TXT , MN_VAL_CAMT , MX_VAL_CAMT , FLD_DFLT_CAMT) SELECT 'RTG10002','12-FEB-16','MHICSTM','DATATEXT',NULL,NULL,NULL,NULL,'RTNG_SRCE_TYP',NULL,NULL,NULL,NULL,NULL,NULL,'RTNG_SRCE_TYP',NULL,NULL,NULL,NULL,NULL,NULL,NULL,NULL FROM DUAL WHERE NOT EXISTS (SELECT 1 FROM FT_T_FLDF WHERE FLD_ID= 'RTG10002');

INSERT INTO FT_T_FLDF (FLD_ID , LAST_CHG_TMS , LAST_CHG_USR_ID , FLD_DATA_CL_ID , FLD_TAG_TYP , PRNT_FLD_ID , FLD_DFLT_METH_NME , FLD_EDIT_METH_NME , DDL_NME , FILL_CHAR , JUST_TYP , CTL_TOT_ELIG_IND , FLD_USED_BY_TYP , DMN_TBL_TYP , FLD_DFLT_VAL_TXT , FLD_NME , FLD_DESC , DSPY_DATA_TYP , DSPY_INT_NUM , DSPY_DEC_NUM , DSPY_CAPTION_TXT , MN_VAL_CAMT , MX_VAL_CAMT , FLD_DFLT_CAMT) SELECT '00007490','19-NOV-24','GS:MSYS','DATETIME',NULL,NULL,NULL,NULL,'START_TMS',NULL,'L',NULL,'T',NULL,NULL,'Start Date/Time','This field specifies the date and time from which the table occurrence is active.  In conjunction with the End Date/Time field, it determines the period when the table occurrence is active.','DATETIME',NULL,NULL,'Start Date/Time',NULL,NULL,NULL FROM DUAL WHERE NOT EXISTS (SELECT 1 FROM FT_T_FLDF WHERE FLD_ID= '00007490');

 
INSERT INTO FT_T_CLDF (TBL_ID , COL_NME , FLD_ID , PRNT_TBL_ID , PRNT_COL_NME , COL_REQ_IND , DDL_DATA_TYP , COL_SQ_NUM , LAST_CHG_TMS , LAST_CHG_USR_ID , NATIVE_COL_IND , LOGL_NME , COL_DESC , DDL_BASE_DATA_TYP , DDL_DATA_LEN , DDL_DATA_PREC_NUM , DDL_DATA_SCALE_NUM , DDL_DATA_DFLT_TXT , COL_VIEW_NME , ORACLE_LOB_TXT , DB2_LOB_TXT , INFO_TYP_NME , COL_OBSOLETE_IND , COL_CMNT_TXT , DSPY_CAPTION_TXT , DMN_SET_ID , EDMV_USED_IND , VIRTUAL_COL_IND) VALUES ('RTG1','DATA_STAT_TYP','00161255',NULL,NULL,'N','VARCHAR(20)',9,'12-FEB-16','MHICSTM',NULL,NULL,NULL,NULL,20,NULL,NULL,NULL,NULL,NULL,NULL,NULL,NULL,NULL,NULL,NULL,NULL,NULL);

INSERT INTO FT_T_CLDF (TBL_ID , COL_NME , FLD_ID , PRNT_TBL_ID , PRNT_COL_NME , COL_REQ_IND , DDL_DATA_TYP , COL_SQ_NUM , LAST_CHG_TMS , LAST_CHG_USR_ID , NATIVE_COL_IND , LOGL_NME , COL_DESC , DDL_BASE_DATA_TYP , DDL_DATA_LEN , DDL_DATA_PREC_NUM , DDL_DATA_SCALE_NUM , DDL_DATA_DFLT_TXT , COL_VIEW_NME , ORACLE_LOB_TXT , DB2_LOB_TXT , INFO_TYP_NME , COL_OBSOLETE_IND , COL_CMNT_TXT , DSPY_CAPTION_TXT , DMN_SET_ID , EDMV_USED_IND , VIRTUAL_COL_IND) VALUES ('RTG1','END_TMS','00007450',NULL,NULL,'N','TIMESTAMP(0)',6,'12-FEB-16','MHICSTM',NULL,NULL,NULL,NULL,7,NULL,NULL,NULL,NULL,NULL,NULL,NULL,NULL,NULL,NULL,NULL,NULL,NULL);

INSERT INTO FT_T_CLDF (TBL_ID , COL_NME , FLD_ID , PRNT_TBL_ID , PRNT_COL_NME , COL_REQ_IND , DDL_DATA_TYP , COL_SQ_NUM , LAST_CHG_TMS , LAST_CHG_USR_ID , NATIVE_COL_IND , LOGL_NME , COL_DESC , DDL_BASE_DATA_TYP , DDL_DATA_LEN , DDL_DATA_PREC_NUM , DDL_DATA_SCALE_NUM , DDL_DATA_DFLT_TXT , COL_VIEW_NME , ORACLE_LOB_TXT , DB2_LOB_TXT , INFO_TYP_NME , COL_OBSOLETE_IND , COL_CMNT_TXT , DSPY_CAPTION_TXT , DMN_SET_ID , EDMV_USED_IND , VIRTUAL_COL_IND) VALUES ('RTG1','LAAP_OID','01841427',NULL,NULL,'N','VARCHAR(10)',10,'12-FEB-16','MHICSTM',NULL,NULL,NULL,NULL,10,NULL,NULL,NULL,NULL,NULL,NULL,NULL,NULL,NULL,NULL,NULL,NULL,NULL);

INSERT INTO FT_T_CLDF (TBL_ID , COL_NME , FLD_ID , PRNT_TBL_ID , PRNT_COL_NME , COL_REQ_IND , DDL_DATA_TYP , COL_SQ_NUM , LAST_CHG_TMS , LAST_CHG_USR_ID , NATIVE_COL_IND , LOGL_NME , COL_DESC , DDL_BASE_DATA_TYP , DDL_DATA_LEN , DDL_DATA_PREC_NUM , DDL_DATA_SCALE_NUM , DDL_DATA_DFLT_TXT , COL_VIEW_NME , ORACLE_LOB_TXT , DB2_LOB_TXT , INFO_TYP_NME , COL_OBSOLETE_IND , COL_CMNT_TXT , DSPY_CAPTION_TXT , DMN_SET_ID , EDMV_USED_IND , VIRTUAL_COL_IND) VALUES ('RTG1','LAAT_OID','01841455',NULL,NULL,'N','VARCHAR(10)',11,'12-FEB-16','MHICSTM',NULL,NULL,NULL,NULL,10,NULL,NULL,NULL,NULL,NULL,NULL,NULL,NULL,NULL,NULL,NULL,NULL,NULL);

INSERT INTO FT_T_CLDF (TBL_ID , COL_NME , FLD_ID , PRNT_TBL_ID , PRNT_COL_NME , COL_REQ_IND , DDL_DATA_TYP , COL_SQ_NUM , LAST_CHG_TMS , LAST_CHG_USR_ID , NATIVE_COL_IND , LOGL_NME , COL_DESC , DDL_BASE_DATA_TYP , DDL_DATA_LEN , DDL_DATA_PREC_NUM , DDL_DATA_SCALE_NUM , DDL_DATA_DFLT_TXT , COL_VIEW_NME , ORACLE_LOB_TXT , DB2_LOB_TXT , INFO_TYP_NME , COL_OBSOLETE_IND , COL_CMNT_TXT , DSPY_CAPTION_TXT , DMN_SET_ID , EDMV_USED_IND , VIRTUAL_COL_IND) VALUES ('RTG1','LAST_CHG_TMS','00003320',NULL,NULL,'Y','TIMESTAMP(0)',7,'12-FEB-16','MHICSTM',NULL,NULL,NULL,NULL,7,NULL,NULL,NULL,NULL,NULL,NULL,NULL,NULL,NULL,NULL,NULL,NULL,NULL);

INSERT INTO FT_T_CLDF (TBL_ID , COL_NME , FLD_ID , PRNT_TBL_ID , PRNT_COL_NME , COL_REQ_IND , DDL_DATA_TYP , COL_SQ_NUM , LAST_CHG_TMS , LAST_CHG_USR_ID , NATIVE_COL_IND , LOGL_NME , COL_DESC , DDL_BASE_DATA_TYP , DDL_DATA_LEN , DDL_DATA_PREC_NUM , DDL_DATA_SCALE_NUM , DDL_DATA_DFLT_TXT , COL_VIEW_NME , ORACLE_LOB_TXT , DB2_LOB_TXT , INFO_TYP_NME , COL_OBSOLETE_IND , COL_CMNT_TXT , DSPY_CAPTION_TXT , DMN_SET_ID , EDMV_USED_IND , VIRTUAL_COL_IND) VALUES ('RTG1','LAST_CHG_USR_ID','00003325',NULL,NULL,'Y','VARCHAR(256)',8,'12-FEB-16','MHICSTM',NULL,NULL,NULL,NULL,256,NULL,NULL,NULL,NULL,NULL,NULL,NULL,NULL,NULL,NULL,NULL,NULL,NULL);

INSERT INTO FT_T_CLDF (TBL_ID , COL_NME , FLD_ID , PRNT_TBL_ID , PRNT_COL_NME , COL_REQ_IND , DDL_DATA_TYP , COL_SQ_NUM , LAST_CHG_TMS , LAST_CHG_USR_ID , NATIVE_COL_IND , LOGL_NME , COL_DESC , DDL_BASE_DATA_TYP , DDL_DATA_LEN , DDL_DATA_PREC_NUM , DDL_DATA_SCALE_NUM , DDL_DATA_DFLT_TXT , COL_VIEW_NME , ORACLE_LOB_TXT , DB2_LOB_TXT , INFO_TYP_NME , COL_OBSOLETE_IND , COL_CMNT_TXT , DSPY_CAPTION_TXT , DMN_SET_ID , EDMV_USED_IND , VIRTUAL_COL_IND) VALUES ('RTG1','MIN_RTNG_CDE','01841437',NULL,NULL,'N','VARCHAR(40)',13,'15-JUL-16','MHICSTM',NULL,NULL,NULL,NULL,40,NULL,NULL,NULL,NULL,NULL,NULL,NULL,NULL,NULL,NULL,NULL,NULL,NULL);

INSERT INTO FT_T_CLDF (TBL_ID , COL_NME , FLD_ID , PRNT_TBL_ID , PRNT_COL_NME , COL_REQ_IND , DDL_DATA_TYP , COL_SQ_NUM , LAST_CHG_TMS , LAST_CHG_USR_ID , NATIVE_COL_IND , LOGL_NME , COL_DESC , DDL_BASE_DATA_TYP , DDL_DATA_LEN , DDL_DATA_PREC_NUM , DDL_DATA_SCALE_NUM , DDL_DATA_DFLT_TXT , COL_VIEW_NME , ORACLE_LOB_TXT , DB2_LOB_TXT , INFO_TYP_NME , COL_OBSOLETE_IND , COL_CMNT_TXT , DSPY_CAPTION_TXT , DMN_SET_ID , EDMV_USED_IND , VIRTUAL_COL_IND) VALUES ('RTG1','MIN_RTNG_CDE_RANK','RTG10006',NULL,NULL,'N','BIGINT',15,'15-JUL-16','MHI:CSTM','Y','Minimum Rank Number','This field specifies the relative ranking within a set of values.','NUMBER',NULL,10,NULL,NULL,NULL,NULL,NULL,NULL,NULL,NULL,NULL,NULL,NULL,NULL);

INSERT INTO FT_T_CLDF (TBL_ID , COL_NME , FLD_ID , PRNT_TBL_ID , PRNT_COL_NME , COL_REQ_IND , DDL_DATA_TYP , COL_SQ_NUM , LAST_CHG_TMS , LAST_CHG_USR_ID , NATIVE_COL_IND , LOGL_NME , COL_DESC , DDL_BASE_DATA_TYP , DDL_DATA_LEN , DDL_DATA_PREC_NUM , DDL_DATA_SCALE_NUM , DDL_DATA_DFLT_TXT , COL_VIEW_NME , ORACLE_LOB_TXT , DB2_LOB_TXT , INFO_TYP_NME , COL_OBSOLETE_IND , COL_CMNT_TXT , DSPY_CAPTION_TXT , DMN_SET_ID , EDMV_USED_IND , VIRTUAL_COL_IND) VALUES ('RTG1','RTG1_OID','RTG10001',NULL,NULL,'Y','VARCHAR(10)',1,'12-FEB-16','MHICSTM',NULL,NULL,NULL,NULL,10,NULL,NULL,NULL,NULL,NULL,NULL,NULL,NULL,NULL,NULL,NULL,NULL,NULL);

INSERT INTO FT_T_CLDF (TBL_ID , COL_NME , FLD_ID , PRNT_TBL_ID , PRNT_COL_NME , COL_REQ_IND , DDL_DATA_TYP , COL_SQ_NUM , LAST_CHG_TMS , LAST_CHG_USR_ID , NATIVE_COL_IND , LOGL_NME , COL_DESC , DDL_BASE_DATA_TYP , DDL_DATA_LEN , DDL_DATA_PREC_NUM , DDL_DATA_SCALE_NUM , DDL_DATA_DFLT_TXT , COL_VIEW_NME , ORACLE_LOB_TXT , DB2_LOB_TXT , INFO_TYP_NME , COL_OBSOLETE_IND , COL_CMNT_TXT , DSPY_CAPTION_TXT , DMN_SET_ID , EDMV_USED_IND , VIRTUAL_COL_IND) VALUES ('RTG1','RTNG_CAMT','RTG10003',NULL,NULL,'N','NUMERIC(31,11)',4,'12-FEB-16','MHICSTM',NULL,NULL,NULL,NULL,30,31,11,NULL,NULL,NULL,NULL,NULL,NULL,NULL,NULL,NULL,NULL,NULL);

INSERT INTO FT_T_CLDF (TBL_ID , COL_NME , FLD_ID , PRNT_TBL_ID , PRNT_COL_NME , COL_REQ_IND , DDL_DATA_TYP , COL_SQ_NUM , LAST_CHG_TMS , LAST_CHG_USR_ID , NATIVE_COL_IND , LOGL_NME , COL_DESC , DDL_BASE_DATA_TYP , DDL_DATA_LEN , DDL_DATA_PREC_NUM , DDL_DATA_SCALE_NUM , DDL_DATA_DFLT_TXT , COL_VIEW_NME , ORACLE_LOB_TXT , DB2_LOB_TXT , INFO_TYP_NME , COL_OBSOLETE_IND , COL_CMNT_TXT , DSPY_CAPTION_TXT , DMN_SET_ID , EDMV_USED_IND , VIRTUAL_COL_IND) VALUES ('RTG1','RTNG_CDE','00102005',NULL,NULL,'N','VARCHAR(40)',3,'12-FEB-16','MHICSTM',NULL,NULL,NULL,NULL,40,NULL,NULL,NULL,NULL,NULL,NULL,NULL,NULL,NULL,NULL,NULL,NULL,NULL);

INSERT INTO FT_T_CLDF (TBL_ID , COL_NME , FLD_ID , PRNT_TBL_ID , PRNT_COL_NME , COL_REQ_IND , DDL_DATA_TYP , COL_SQ_NUM , LAST_CHG_TMS , LAST_CHG_USR_ID , NATIVE_COL_IND , LOGL_NME , COL_DESC , DDL_BASE_DATA_TYP , DDL_DATA_LEN , DDL_DATA_PREC_NUM , DDL_DATA_SCALE_NUM , DDL_DATA_DFLT_TXT , COL_VIEW_NME , ORACLE_LOB_TXT , DB2_LOB_TXT , INFO_TYP_NME , COL_OBSOLETE_IND , COL_CMNT_TXT , DSPY_CAPTION_TXT , DMN_SET_ID , EDMV_USED_IND , VIRTUAL_COL_IND) VALUES ('RTG1','RTNG_CDE_RANK','RTG10005',NULL,NULL,'N','BIGINT',14,'15-JUL-16','MHI:CSTM','Y','Rank Number','This field specifies the relative ranking within a set of values.','NUMBER',NULL,10,NULL,NULL,NULL,NULL,NULL,NULL,NULL,NULL,NULL,NULL,NULL,NULL);

INSERT INTO FT_T_CLDF (TBL_ID , COL_NME , FLD_ID , PRNT_TBL_ID , PRNT_COL_NME , COL_REQ_IND , DDL_DATA_TYP , COL_SQ_NUM , LAST_CHG_TMS , LAST_CHG_USR_ID , NATIVE_COL_IND , LOGL_NME , COL_DESC , DDL_BASE_DATA_TYP , DDL_DATA_LEN , DDL_DATA_PREC_NUM , DDL_DATA_SCALE_NUM , DDL_DATA_DFLT_TXT , COL_VIEW_NME , ORACLE_LOB_TXT , DB2_LOB_TXT , INFO_TYP_NME , COL_OBSOLETE_IND , COL_CMNT_TXT , DSPY_CAPTION_TXT , DMN_SET_ID , EDMV_USED_IND , VIRTUAL_COL_IND) VALUES ('RTG1','RTNG_GRID_PURP_TYP','RTG10004',NULL,NULL,'Y','VARCHAR(10)',12,'12-FEB-16','MHICSTM',NULL,NULL,NULL,NULL,10,NULL,NULL,NULL,NULL,NULL,NULL,NULL,NULL,NULL,NULL,NULL,NULL,NULL);

INSERT INTO FT_T_CLDF (TBL_ID , COL_NME , FLD_ID , PRNT_TBL_ID , PRNT_COL_NME , COL_REQ_IND , DDL_DATA_TYP , COL_SQ_NUM , LAST_CHG_TMS , LAST_CHG_USR_ID , NATIVE_COL_IND , LOGL_NME , COL_DESC , DDL_BASE_DATA_TYP , DDL_DATA_LEN , DDL_DATA_PREC_NUM , DDL_DATA_SCALE_NUM , DDL_DATA_DFLT_TXT , COL_VIEW_NME , ORACLE_LOB_TXT , DB2_LOB_TXT , INFO_TYP_NME , COL_OBSOLETE_IND , COL_CMNT_TXT , DSPY_CAPTION_TXT , DMN_SET_ID , EDMV_USED_IND , VIRTUAL_COL_IND) VALUES ('RTG1','RTNG_SRCE_TYP','RTG10002',NULL,NULL,'N','VARCHAR(10)',2,'12-FEB-16','MHICSTM',NULL,NULL,NULL,NULL,10,NULL,NULL,NULL,NULL,NULL,NULL,NULL,NULL,NULL,NULL,NULL,NULL,NULL);

INSERT INTO FT_T_CLDF (TBL_ID , COL_NME , FLD_ID , PRNT_TBL_ID , PRNT_COL_NME , COL_REQ_IND , DDL_DATA_TYP , COL_SQ_NUM , LAST_CHG_TMS , LAST_CHG_USR_ID , NATIVE_COL_IND , LOGL_NME , COL_DESC , DDL_BASE_DATA_TYP , DDL_DATA_LEN , DDL_DATA_PREC_NUM , DDL_DATA_SCALE_NUM , DDL_DATA_DFLT_TXT , COL_VIEW_NME , ORACLE_LOB_TXT , DB2_LOB_TXT , INFO_TYP_NME , COL_OBSOLETE_IND , COL_CMNT_TXT , DSPY_CAPTION_TXT , DMN_SET_ID , EDMV_USED_IND , VIRTUAL_COL_IND) VALUES ('RTG1','START_TMS','00007490',NULL,NULL,'Y','TIMESTAMP(0)',5,'12-FEB-16','MHICSTM',NULL,NULL,NULL,NULL,7,NULL,NULL,NULL,NULL,NULL,NULL,NULL,NULL,NULL,NULL,NULL,NULL,NULL);

 
INSERT INTO FT_T_TIDX (TIDX_OID , TBL_ID , TBL_INDEX_NME , TBL_INDEX_TYP , LAST_CHG_TMS , LAST_CHG_USR_ID , TBL_INDEX_PARTITION_TYP , ORACLE_INIT_TRANS_NUM , REVERSE_INDEX_IND , BITMAP_INDEX_IND) VALUES ('RTG1P001==','RTG1','FT_T_RTG1_PK','P','12-FEB-16','MHICSTM',NULL,NULL,NULL,NULL);

INSERT INTO FT_T_TIDX (TIDX_OID , TBL_ID , TBL_INDEX_NME , TBL_INDEX_TYP , LAST_CHG_TMS , LAST_CHG_USR_ID , TBL_INDEX_PARTITION_TYP , ORACLE_INIT_TRANS_NUM , REVERSE_INDEX_IND , BITMAP_INDEX_IND) VALUES ('RTG1U001==','RTG1','FT_X_RTG1_U001','U','12-FEB-16','MHICSTM',NULL,NULL,NULL,NULL);

 
INSERT INTO FT_T_TIDC (TIDC_OID , TIDX_OID , TBL_ID , COL_NME , COL_SQ_NUM , SORT_SEQ_TYP , LAST_CHG_TMS , LAST_CHG_USR_ID , COL_EXPR_TXT) VALUES ('RTG1P00101','RTG1P001==','RTG1','RTG1_OID',1,NULL,'12-FEB-16','MHICSTM',NULL);

INSERT INTO FT_T_TIDC (TIDC_OID , TIDX_OID , TBL_ID , COL_NME , COL_SQ_NUM , SORT_SEQ_TYP , LAST_CHG_TMS , LAST_CHG_USR_ID , COL_EXPR_TXT) VALUES ('RTG1U00101','RTG1U001==','RTG1','RTNG_SRCE_TYP',1,NULL,'12-FEB-16','MHICSTM',NULL);

INSERT INTO FT_T_TIDC (TIDC_OID , TIDX_OID , TBL_ID , COL_NME , COL_SQ_NUM , SORT_SEQ_TYP , LAST_CHG_TMS , LAST_CHG_USR_ID , COL_EXPR_TXT) VALUES ('RTG1U00102','RTG1U001==','RTG1','RTNG_CDE',1,NULL,'12-FEB-16','MHICSTM',NULL);

INSERT INTO FT_T_TIDC (TIDC_OID , TIDX_OID , TBL_ID , COL_NME , COL_SQ_NUM , SORT_SEQ_TYP , LAST_CHG_TMS , LAST_CHG_USR_ID , COL_EXPR_TXT) VALUES ('RTG1U00103','RTG1U001==','RTG1','RTNG_CAMT',1,NULL,'12-FEB-16','MHICSTM',NULL);

INSERT INTO FT_T_TIDC (TIDC_OID , TIDX_OID , TBL_ID , COL_NME , COL_SQ_NUM , SORT_SEQ_TYP , LAST_CHG_TMS , LAST_CHG_USR_ID , COL_EXPR_TXT) VALUES ('RTG1U00104','RTG1U001==','RTG1','START_TMS',1,NULL,'12-FEB-16','MHICSTM',NULL);

INSERT INTO FT_T_TIDC (TIDC_OID , TIDX_OID , TBL_ID , COL_NME , COL_SQ_NUM , SORT_SEQ_TYP , LAST_CHG_TMS , LAST_CHG_USR_ID , COL_EXPR_TXT) VALUES ('RTG1U00105','RTG1U001==','RTG1','RTNG_GRID_PURP_TYP',1,NULL,'12-FEB-16','MHICSTM',NULL);

 
INSERT INTO FT_T_TBRL (TBRL_OID , TBL_ID , REF_TBL_ID , TBL_FGN_KEY_ID , TBL_MERGE_TYP , TBL_DUP_ERROR_IND , LAST_CHG_TMS , LAST_CHG_USR_ID , PRIM_KEY_CMPNT_IND , LOGL_ONLY_IND , RFI_RULE_TYP , CHILD_TO_PRNT_TXT , CHILD_TO_PRNT_REQ_IND , CHILD_TO_PRNT_CARD_TYP , PRNT_TO_CHILD_TXT , PRNT_TO_CHILD_REQ_IND , PRNT_TO_CHILD_CARD_TYP , ALT_LOGL_KEY , REF_PARTITION_IND) VALUES ('RTG1LAAP01','RTG1','LAAP','FT_T_RTG1_F001',NULL,NULL,'12-FEB-16','MHICSTM',NULL,'N','R',NULL,'N','0,1',NULL,'N','0,M',NULL,NULL);

INSERT INTO FT_T_TBRL (TBRL_OID , TBL_ID , REF_TBL_ID , TBL_FGN_KEY_ID , TBL_MERGE_TYP , TBL_DUP_ERROR_IND , LAST_CHG_TMS , LAST_CHG_USR_ID , PRIM_KEY_CMPNT_IND , LOGL_ONLY_IND , RFI_RULE_TYP , CHILD_TO_PRNT_TXT , CHILD_TO_PRNT_REQ_IND , CHILD_TO_PRNT_CARD_TYP , PRNT_TO_CHILD_TXT , PRNT_TO_CHILD_REQ_IND , PRNT_TO_CHILD_CARD_TYP , ALT_LOGL_KEY , REF_PARTITION_IND) VALUES ('RTG1LAAT01','RTG1','LAAT','FT_T_RTG1_F002',NULL,NULL,'12-FEB-16','MHICSTM',NULL,'N','R',NULL,'N','0,1',NULL,'N','0,M',NULL,NULL);

 
INSERT INTO FT_T_TBRN (TBRN_OID , TBRL_OID , TBL_ID , COL_NME , COL_SQ_NUM , LAST_CHG_TMS , LAST_CHG_USR_ID) VALUES ('RTG1F00101','RTG1LAAP01','RTG1','LAAP_OID',1,'12-FEB-16','MHICSTM');

INSERT INTO FT_T_TBRN (TBRN_OID , TBRL_OID , TBL_ID , COL_NME , COL_SQ_NUM , LAST_CHG_TMS , LAST_CHG_USR_ID) VALUES ('RTG1F00201','RTG1LAAT01','RTG1','LAAT_OID',1,'12-FEB-16','MHICSTM');

 
INSERT INTO FT_T_TBDF (TBL_ID , LAST_CHG_TMS , LAST_CHG_USR_ID , DATA_MODL_VER_ID , TBL_NME , TBL_DESC , LAST_CMP_TMS , TBL_DDL_NME , TBL_CLSF_TYP , TBL_PROP_TO_NME , TBL_SUBJECT_AREA_NME , TBL_PRIN_APP_NME , TBL_OWNER_NME , TBL_DATA_OWNER_NME , TBL_DATA_TYP , TBL_DATA_UPD_RULE_TYP , TBL_OBSOLETE_IND , VDDB_SHARED_TBL_IND , PRODCTN_FIRST_INSTALL_TYP , PRODCTN_UPD_TYP , TBL_VIEW_NME , DATA_MODL_ID , TBL_CMNT_TXT , EST_TBL_SIZE_IND , LOGGING_IND , ORACLE_INIT_TRANS_NUM , ORACLE_PCT_FREE_NUM , DW_STANDALONE_IND , CDC_ENABLED_IND , AUDIT_ENABLED_IND , STAGING_ENABLED_IND , NON_RELATIONAL_TYP , LOCK_OCCUR_IND , BI_TEMPORAL_IND ) VALUES ('SOI1','27-MAY-14','MHI:CSTM','8.4.1.1','SecurityOfInterest','Each Occurrence of SOI is for making BB per security Request.',NULL,'FT_T_SOI1','X',NULL,NULL,NULL,NULL,NULL,NULL,NULL,NULL,NULL,NULL,NULL,NULL,NULL,NULL,NULL,NULL,NULL,NULL,NULL,NULL,NULL,NULL,NULL,NULL,NULL);

 
INSERT INTO FT_T_FLDF (FLD_ID , LAST_CHG_TMS , LAST_CHG_USR_ID , FLD_DATA_CL_ID , FLD_TAG_TYP , PRNT_FLD_ID , FLD_DFLT_METH_NME , FLD_EDIT_METH_NME , DDL_NME , FILL_CHAR , JUST_TYP , CTL_TOT_ELIG_IND , FLD_USED_BY_TYP , DMN_TBL_TYP , FLD_DFLT_VAL_TXT , FLD_NME , FLD_DESC , DSPY_DATA_TYP , DSPY_INT_NUM , DSPY_DEC_NUM , DSPY_CAPTION_TXT , MN_VAL_CAMT , MX_VAL_CAMT , FLD_DFLT_CAMT) SELECT '00161254','19-NOV-24','GS:MSYS','DSRCID',NULL,NULL,NULL,NULL,'DATA_SRC_ID',NULL,'L',NULL,'T',NULL,NULL,'Data Source ID','This field uniquely identifies the source that provided the data.  This is typically a vendor.  It is recommended that a unique mnemonic be supplied (for example, "TELEKURS" and "EXTEL") in order to facilitate the identification of the data provider.','TEXT',NULL,NULL,'Data Source ID',NULL,NULL,NULL FROM DUAL WHERE NOT EXISTS (SELECT 1 FROM FT_T_FLDF WHERE FLD_ID= '00161254');

INSERT INTO FT_T_FLDF (FLD_ID , LAST_CHG_TMS , LAST_CHG_USR_ID , FLD_DATA_CL_ID , FLD_TAG_TYP , PRNT_FLD_ID , FLD_DFLT_METH_NME , FLD_EDIT_METH_NME , DDL_NME , FILL_CHAR , JUST_TYP , CTL_TOT_ELIG_IND , FLD_USED_BY_TYP , DMN_TBL_TYP , FLD_DFLT_VAL_TXT , FLD_NME , FLD_DESC , DSPY_DATA_TYP , DSPY_INT_NUM , DSPY_DEC_NUM , DSPY_CAPTION_TXT , MN_VAL_CAMT , MX_VAL_CAMT , FLD_DFLT_CAMT) SELECT '00007450','19-NOV-24','GS:MSYS','DATETIME',NULL,NULL,NULL,NULL,'END_TMS',NULL,'L',NULL,'T',NULL,NULL,'End Date/Time','This field specifies the date and time after which the table occurrence is no longer active.  A value of "null" in this field indicates that an End Date/Time is not given and that the table occurrence is active.  The End Date/Time is used in conjunction with the Start Date/Time to determine the period when the table occurrence is active.','DATETIME',NULL,NULL,'End Date/Time',NULL,NULL,NULL FROM DUAL WHERE NOT EXISTS (SELECT 1 FROM FT_T_FLDF WHERE FLD_ID= '00007450');

INSERT INTO FT_T_FLDF (FLD_ID , LAST_CHG_TMS , LAST_CHG_USR_ID , FLD_DATA_CL_ID , FLD_TAG_TYP , PRNT_FLD_ID , FLD_DFLT_METH_NME , FLD_EDIT_METH_NME , DDL_NME , FILL_CHAR , JUST_TYP , CTL_TOT_ELIG_IND , FLD_USED_BY_TYP , DMN_TBL_TYP , FLD_DFLT_VAL_TXT , FLD_NME , FLD_DESC , DSPY_DATA_TYP , DSPY_INT_NUM , DSPY_DEC_NUM , DSPY_CAPTION_TXT , MN_VAL_CAMT , MX_VAL_CAMT , FLD_DFLT_CAMT) SELECT '00003010','19-NOV-24','GS:MSYS','OID',NULL,NULL,NULL,NULL,'INSTR_ID',' ','L',NULL,'T',NULL,NULL,'Instrument ID','This field acts as a surrogate key for the Issue table and uniquely identifies an occurrence of the Issue table.  This fields value is normally created via an algorithm that guarantees a unique value.  The Instrument ID contains a non-descriptive value since there is no commonly used worldwide identification scheme that can be applied to all Issues.','TEXT',NULL,NULL,'Instrument ID',NULL,NULL,NULL FROM DUAL WHERE NOT EXISTS (SELECT 1 FROM FT_T_FLDF WHERE FLD_ID= '00003010');

INSERT INTO FT_T_FLDF (FLD_ID , LAST_CHG_TMS , LAST_CHG_USR_ID , FLD_DATA_CL_ID , FLD_TAG_TYP , PRNT_FLD_ID , FLD_DFLT_METH_NME , FLD_EDIT_METH_NME , DDL_NME , FILL_CHAR , JUST_TYP , CTL_TOT_ELIG_IND , FLD_USED_BY_TYP , DMN_TBL_TYP , FLD_DFLT_VAL_TXT , FLD_NME , FLD_DESC , DSPY_DATA_TYP , DSPY_INT_NUM , DSPY_DEC_NUM , DSPY_CAPTION_TXT , MN_VAL_CAMT , MX_VAL_CAMT , FLD_DFLT_CAMT) SELECT '00003015','19-NOV-24','GS:MSYS','OID',NULL,NULL,NULL,NULL,'INSTR_ISSR_ID',' ','L',NULL,'T',NULL,NULL,'Instrument Issuer ID','This is an optional foreign key column referencing the Issuer (FT_T_ISSR) table with relationship applies to.','TEXT',NULL,NULL,'Instrument Issuer ID',NULL,NULL,NULL FROM DUAL WHERE NOT EXISTS (SELECT 1 FROM FT_T_FLDF WHERE FLD_ID= '00003015');

INSERT INTO FT_T_FLDF (FLD_ID , LAST_CHG_TMS , LAST_CHG_USR_ID , FLD_DATA_CL_ID , FLD_TAG_TYP , PRNT_FLD_ID , FLD_DFLT_METH_NME , FLD_EDIT_METH_NME , DDL_NME , FILL_CHAR , JUST_TYP , CTL_TOT_ELIG_IND , FLD_USED_BY_TYP , DMN_TBL_TYP , FLD_DFLT_VAL_TXT , FLD_NME , FLD_DESC , DSPY_DATA_TYP , DSPY_INT_NUM , DSPY_DEC_NUM , DSPY_CAPTION_TXT , MN_VAL_CAMT , MX_VAL_CAMT , FLD_DFLT_CAMT) SELECT '00003320','19-NOV-24','GS:MSYS','LSTCHGDT',NULL,NULL,NULL,NULL,'LAST_CHG_TMS',NULL,'L',NULL,'T',NULL,NULL,'Last Change Date/Time','This field contains the latest date and time that the values of the table occurrence on which this field resides were changed.','DATETIME',NULL,NULL,'Last Change Date/Time',NULL,NULL,NULL FROM DUAL WHERE NOT EXISTS (SELECT 1 FROM FT_T_FLDF WHERE FLD_ID= '00003320');

INSERT INTO FT_T_FLDF (FLD_ID , LAST_CHG_TMS , LAST_CHG_USR_ID , FLD_DATA_CL_ID , FLD_TAG_TYP , PRNT_FLD_ID , FLD_DFLT_METH_NME , FLD_EDIT_METH_NME , DDL_NME , FILL_CHAR , JUST_TYP , CTL_TOT_ELIG_IND , FLD_USED_BY_TYP , DMN_TBL_TYP , FLD_DFLT_VAL_TXT , FLD_NME , FLD_DESC , DSPY_DATA_TYP , DSPY_INT_NUM , DSPY_DEC_NUM , DSPY_CAPTION_TXT , MN_VAL_CAMT , MX_VAL_CAMT , FLD_DFLT_CAMT) SELECT '00003325','19-NOV-24','GS:MSYS','USER',NULL,NULL,NULL,NULL,'LAST_CHG_USR_ID',NULL,'L',NULL,'T',NULL,NULL,'Last Change User ID','This field contains the identifier of the last person or application that changed the values of the table occurrence on which this field resides.','TEXT',NULL,NULL,'Last Change User ID',NULL,NULL,NULL FROM DUAL WHERE NOT EXISTS (SELECT 1 FROM FT_T_FLDF WHERE FLD_ID= '00003325');

INSERT INTO FT_T_FLDF (FLD_ID , LAST_CHG_TMS , LAST_CHG_USR_ID , FLD_DATA_CL_ID , FLD_TAG_TYP , PRNT_FLD_ID , FLD_DFLT_METH_NME , FLD_EDIT_METH_NME , DDL_NME , FILL_CHAR , JUST_TYP , CTL_TOT_ELIG_IND , FLD_USED_BY_TYP , DMN_TBL_TYP , FLD_DFLT_VAL_TXT , FLD_NME , FLD_DESC , DSPY_DATA_TYP , DSPY_INT_NUM , DSPY_DEC_NUM , DSPY_CAPTION_TXT , MN_VAL_CAMT , MX_VAL_CAMT , FLD_DFLT_CAMT) SELECT '40000006','27-MAY-14','MHI:CSTM','OID',NULL,NULL,NULL,NULL,'SOI1_OID',NULL,'L',NULL,'T',NULL,NULL,'CAC1 OID','This field contains an arbitrary value that uniquely identifies an occurrence of this table.',NULL,NULL,NULL,NULL,NULL,NULL,NULL FROM DUAL WHERE NOT EXISTS (SELECT 1 FROM FT_T_FLDF WHERE FLD_ID= '40000006');

INSERT INTO FT_T_FLDF (FLD_ID , LAST_CHG_TMS , LAST_CHG_USR_ID , FLD_DATA_CL_ID , FLD_TAG_TYP , PRNT_FLD_ID , FLD_DFLT_METH_NME , FLD_EDIT_METH_NME , DDL_NME , FILL_CHAR , JUST_TYP , CTL_TOT_ELIG_IND , FLD_USED_BY_TYP , DMN_TBL_TYP , FLD_DFLT_VAL_TXT , FLD_NME , FLD_DESC , DSPY_DATA_TYP , DSPY_INT_NUM , DSPY_DEC_NUM , DSPY_CAPTION_TXT , MN_VAL_CAMT , MX_VAL_CAMT , FLD_DFLT_CAMT) SELECT '40000007','27-MAY-14','MHI:CSTM','ISSUEID',NULL,NULL,NULL,NULL,'SOI_NME',NULL,'L',NULL,'T',NULL,NULL,'SOI Name','Internal ASX Code',NULL,NULL,NULL,NULL,NULL,NULL,NULL FROM DUAL WHERE NOT EXISTS (SELECT 1 FROM FT_T_FLDF WHERE FLD_ID= '40000007');

INSERT INTO FT_T_FLDF (FLD_ID , LAST_CHG_TMS , LAST_CHG_USR_ID , FLD_DATA_CL_ID , FLD_TAG_TYP , PRNT_FLD_ID , FLD_DFLT_METH_NME , FLD_EDIT_METH_NME , DDL_NME , FILL_CHAR , JUST_TYP , CTL_TOT_ELIG_IND , FLD_USED_BY_TYP , DMN_TBL_TYP , FLD_DFLT_VAL_TXT , FLD_NME , FLD_DESC , DSPY_DATA_TYP , DSPY_INT_NUM , DSPY_DEC_NUM , DSPY_CAPTION_TXT , MN_VAL_CAMT , MX_VAL_CAMT , FLD_DFLT_CAMT) SELECT '00007490','19-NOV-24','GS:MSYS','DATETIME',NULL,NULL,NULL,NULL,'START_TMS',NULL,'L',NULL,'T',NULL,NULL,'Start Date/Time','This field specifies the date and time from which the table occurrence is active.  In conjunction with the End Date/Time field, it determines the period when the table occurrence is active.','DATETIME',NULL,NULL,'Start Date/Time',NULL,NULL,NULL FROM DUAL WHERE NOT EXISTS (SELECT 1 FROM FT_T_FLDF WHERE FLD_ID= '00007490');

 
INSERT INTO FT_T_CLDF (TBL_ID , COL_NME , FLD_ID , PRNT_TBL_ID , PRNT_COL_NME , COL_REQ_IND , DDL_DATA_TYP , COL_SQ_NUM , LAST_CHG_TMS , LAST_CHG_USR_ID , NATIVE_COL_IND , LOGL_NME , COL_DESC , DDL_BASE_DATA_TYP , DDL_DATA_LEN , DDL_DATA_PREC_NUM , DDL_DATA_SCALE_NUM , DDL_DATA_DFLT_TXT , COL_VIEW_NME , ORACLE_LOB_TXT , DB2_LOB_TXT , INFO_TYP_NME , COL_OBSOLETE_IND , COL_CMNT_TXT , DSPY_CAPTION_TXT , DMN_SET_ID , EDMV_USED_IND , VIRTUAL_COL_IND) VALUES ('SOI1','DATA_SRC_ID','00161254',NULL,NULL,'N','VARCHAR(40)',4,'27-MAY-14','MHI:CSTM','Y','Data Source ID','This field uniquely identifies the source that provided the data.  This is typically a vendor.  It is recommended that a unique mnemonic be supplied (for example, TELEKURS and EXTEL) in order to facilitate the identification of the data provider.','VARCHAR',40,NULL,NULL,NULL,NULL,NULL,NULL,NULL,NULL,NULL,NULL,NULL,NULL,NULL);

INSERT INTO FT_T_CLDF (TBL_ID , COL_NME , FLD_ID , PRNT_TBL_ID , PRNT_COL_NME , COL_REQ_IND , DDL_DATA_TYP , COL_SQ_NUM , LAST_CHG_TMS , LAST_CHG_USR_ID , NATIVE_COL_IND , LOGL_NME , COL_DESC , DDL_BASE_DATA_TYP , DDL_DATA_LEN , DDL_DATA_PREC_NUM , DDL_DATA_SCALE_NUM , DDL_DATA_DFLT_TXT , COL_VIEW_NME , ORACLE_LOB_TXT , DB2_LOB_TXT , INFO_TYP_NME , COL_OBSOLETE_IND , COL_CMNT_TXT , DSPY_CAPTION_TXT , DMN_SET_ID , EDMV_USED_IND , VIRTUAL_COL_IND) VALUES ('SOI1','END_TMS','00007450',NULL,NULL,'N','TIMESTAMP(0)',6,'27-MAY-14','MHI:CSTM','Y','End Date/Time','This field specifies the date and time after which the table occurrence is no longer active.  A value of null in this field indicates that an End Date/Time is not given and that the table occurrence is active.  The End Date/Time is used in conjunction w','DATE',NULL,NULL,NULL,NULL,NULL,NULL,NULL,NULL,NULL,NULL,NULL,NULL,NULL,NULL);

INSERT INTO FT_T_CLDF (TBL_ID , COL_NME , FLD_ID , PRNT_TBL_ID , PRNT_COL_NME , COL_REQ_IND , DDL_DATA_TYP , COL_SQ_NUM , LAST_CHG_TMS , LAST_CHG_USR_ID , NATIVE_COL_IND , LOGL_NME , COL_DESC , DDL_BASE_DATA_TYP , DDL_DATA_LEN , DDL_DATA_PREC_NUM , DDL_DATA_SCALE_NUM , DDL_DATA_DFLT_TXT , COL_VIEW_NME , ORACLE_LOB_TXT , DB2_LOB_TXT , INFO_TYP_NME , COL_OBSOLETE_IND , COL_CMNT_TXT , DSPY_CAPTION_TXT , DMN_SET_ID , EDMV_USED_IND , VIRTUAL_COL_IND) VALUES ('SOI1','INSTR_ID','00003010',NULL,NULL,'Y','VARCHAR(10)',3,'27-MAY-14','MHI:CSTM','Y','Data Status','This field specifies the status of the data within this row of the table.  Normally the value of this field will be null indicating that the data is active.  Depending upon how a specific data vendor supplies data, other possible values include DELETED, REPLACED.  It is also possible to use this field to indicate the verification status of the data in this table row.  In that case possible values include UNVERIFIED and VERIFIED.','VARCHAR',10,NULL,NULL,NULL,NULL,NULL,NULL,NULL,NULL,NULL,NULL,NULL,NULL,NULL);

INSERT INTO FT_T_CLDF (TBL_ID , COL_NME , FLD_ID , PRNT_TBL_ID , PRNT_COL_NME , COL_REQ_IND , DDL_DATA_TYP , COL_SQ_NUM , LAST_CHG_TMS , LAST_CHG_USR_ID , NATIVE_COL_IND , LOGL_NME , COL_DESC , DDL_BASE_DATA_TYP , DDL_DATA_LEN , DDL_DATA_PREC_NUM , DDL_DATA_SCALE_NUM , DDL_DATA_DFLT_TXT , COL_VIEW_NME , ORACLE_LOB_TXT , DB2_LOB_TXT , INFO_TYP_NME , COL_OBSOLETE_IND , COL_CMNT_TXT , DSPY_CAPTION_TXT , DMN_SET_ID , EDMV_USED_IND , VIRTUAL_COL_IND) VALUES ('SOI1','INSTR_ISSR_ID','00003015',NULL,NULL,'N','VARCHAR(10)',9,'27-MAY-14','MHI:CSTM','Y','Instrument Issuer ID','This field acts as a surrogate key for the Issue table and uniquely identifies an occurrence of the Issue table.  This fields value is normally created via an algorithm that guarantees a unique value.  The Instrument ID contains a non-descriptive value since there is no commonly used worldwide identification scheme that can be applied to all Issues.','VARCHAR',10,NULL,NULL,NULL,NULL,NULL,NULL,NULL,NULL,NULL,NULL,NULL,NULL,NULL);

INSERT INTO FT_T_CLDF (TBL_ID , COL_NME , FLD_ID , PRNT_TBL_ID , PRNT_COL_NME , COL_REQ_IND , DDL_DATA_TYP , COL_SQ_NUM , LAST_CHG_TMS , LAST_CHG_USR_ID , NATIVE_COL_IND , LOGL_NME , COL_DESC , DDL_BASE_DATA_TYP , DDL_DATA_LEN , DDL_DATA_PREC_NUM , DDL_DATA_SCALE_NUM , DDL_DATA_DFLT_TXT , COL_VIEW_NME , ORACLE_LOB_TXT , DB2_LOB_TXT , INFO_TYP_NME , COL_OBSOLETE_IND , COL_CMNT_TXT , DSPY_CAPTION_TXT , DMN_SET_ID , EDMV_USED_IND , VIRTUAL_COL_IND) VALUES ('SOI1','LAST_CHG_TMS','00003320',NULL,NULL,'Y','TIMESTAMP(0)',7,'27-MAY-14','MHI:CSTM','Y','Last Change Date/Time','This field contains the latest date and time that the values of the table occurrence on which this field resides were changed.','DATE',NULL,NULL,NULL,NULL,NULL,NULL,NULL,NULL,NULL,NULL,NULL,NULL,NULL,NULL);

INSERT INTO FT_T_CLDF (TBL_ID , COL_NME , FLD_ID , PRNT_TBL_ID , PRNT_COL_NME , COL_REQ_IND , DDL_DATA_TYP , COL_SQ_NUM , LAST_CHG_TMS , LAST_CHG_USR_ID , NATIVE_COL_IND , LOGL_NME , COL_DESC , DDL_BASE_DATA_TYP , DDL_DATA_LEN , DDL_DATA_PREC_NUM , DDL_DATA_SCALE_NUM , DDL_DATA_DFLT_TXT , COL_VIEW_NME , ORACLE_LOB_TXT , DB2_LOB_TXT , INFO_TYP_NME , COL_OBSOLETE_IND , COL_CMNT_TXT , DSPY_CAPTION_TXT , DMN_SET_ID , EDMV_USED_IND , VIRTUAL_COL_IND) VALUES ('SOI1','LAST_CHG_USR_ID','00003325',NULL,NULL,'Y','VARCHAR(256)',8,'27-MAY-14','MHI:CSTM','Y','Last Change User ID','This field contains the identifier of the last person or application that changed the values of the table occurrence on which this field resides.','VARCHAR',256,NULL,NULL,NULL,NULL,NULL,NULL,NULL,NULL,NULL,NULL,NULL,NULL,NULL);

INSERT INTO FT_T_CLDF (TBL_ID , COL_NME , FLD_ID , PRNT_TBL_ID , PRNT_COL_NME , COL_REQ_IND , DDL_DATA_TYP , COL_SQ_NUM , LAST_CHG_TMS , LAST_CHG_USR_ID , NATIVE_COL_IND , LOGL_NME , COL_DESC , DDL_BASE_DATA_TYP , DDL_DATA_LEN , DDL_DATA_PREC_NUM , DDL_DATA_SCALE_NUM , DDL_DATA_DFLT_TXT , COL_VIEW_NME , ORACLE_LOB_TXT , DB2_LOB_TXT , INFO_TYP_NME , COL_OBSOLETE_IND , COL_CMNT_TXT , DSPY_CAPTION_TXT , DMN_SET_ID , EDMV_USED_IND , VIRTUAL_COL_IND) VALUES ('SOI1','SOI1_OID','40000006',NULL,NULL,'Y','VARCHAR(10)',1,'27-MAY-14','MHI:CSTM','Y','CAC1 OID','This field contains an arbitrary value that uniquely identifies an occurrence of this table.','VARCHAR',10,NULL,NULL,NULL,NULL,NULL,NULL,NULL,NULL,NULL,NULL,NULL,NULL,NULL);

INSERT INTO FT_T_CLDF (TBL_ID , COL_NME , FLD_ID , PRNT_TBL_ID , PRNT_COL_NME , COL_REQ_IND , DDL_DATA_TYP , COL_SQ_NUM , LAST_CHG_TMS , LAST_CHG_USR_ID , NATIVE_COL_IND , LOGL_NME , COL_DESC , DDL_BASE_DATA_TYP , DDL_DATA_LEN , DDL_DATA_PREC_NUM , DDL_DATA_SCALE_NUM , DDL_DATA_DFLT_TXT , COL_VIEW_NME , ORACLE_LOB_TXT , DB2_LOB_TXT , INFO_TYP_NME , COL_OBSOLETE_IND , COL_CMNT_TXT , DSPY_CAPTION_TXT , DMN_SET_ID , EDMV_USED_IND , VIRTUAL_COL_IND) VALUES ('SOI1','SOI_NME','40000007',NULL,NULL,'Y','VARCHAR(256)',2,'27-MAY-14','MHI:CSTM','Y','Internal ASX Code','Internal ASX Code','VARCHAR',256,NULL,NULL,NULL,NULL,NULL,NULL,NULL,NULL,NULL,NULL,NULL,NULL,NULL);

INSERT INTO FT_T_CLDF (TBL_ID , COL_NME , FLD_ID , PRNT_TBL_ID , PRNT_COL_NME , COL_REQ_IND , DDL_DATA_TYP , COL_SQ_NUM , LAST_CHG_TMS , LAST_CHG_USR_ID , NATIVE_COL_IND , LOGL_NME , COL_DESC , DDL_BASE_DATA_TYP , DDL_DATA_LEN , DDL_DATA_PREC_NUM , DDL_DATA_SCALE_NUM , DDL_DATA_DFLT_TXT , COL_VIEW_NME , ORACLE_LOB_TXT , DB2_LOB_TXT , INFO_TYP_NME , COL_OBSOLETE_IND , COL_CMNT_TXT , DSPY_CAPTION_TXT , DMN_SET_ID , EDMV_USED_IND , VIRTUAL_COL_IND) VALUES ('SOI1','START_TMS','00007490',NULL,NULL,'Y','TIMESTAMP(0)',5,'27-MAY-14','MHI:CSTM','Y','Start Date/Time','This field specifies the date and time from which the table occurrence is active.  In conjunction with the End Date/Time field, it determines the period when the table occurrence is active.','DATE',NULL,NULL,NULL,NULL,NULL,NULL,NULL,NULL,NULL,NULL,NULL,NULL,NULL,NULL);

 
INSERT INTO FT_T_TIDX (TIDX_OID , TBL_ID , TBL_INDEX_NME , TBL_INDEX_TYP , LAST_CHG_TMS , LAST_CHG_USR_ID , TBL_INDEX_PARTITION_TYP , ORACLE_INIT_TRANS_NUM , REVERSE_INDEX_IND , BITMAP_INDEX_IND) VALUES ('SOI1P001==','SOI1','FT_T_SOI1_PK','P','27-MAY-14','MHI:CSTM',NULL,NULL,NULL,NULL);

INSERT INTO FT_T_TIDX (TIDX_OID , TBL_ID , TBL_INDEX_NME , TBL_INDEX_TYP , LAST_CHG_TMS , LAST_CHG_USR_ID , TBL_INDEX_PARTITION_TYP , ORACLE_INIT_TRANS_NUM , REVERSE_INDEX_IND , BITMAP_INDEX_IND) VALUES ('SOI1U001==','SOI1','FT_X_SOI1_U001','U','27-MAY-14','MHI:CSTM',NULL,NULL,NULL,NULL);

 
INSERT INTO FT_T_TIDC (TIDC_OID , TIDX_OID , TBL_ID , COL_NME , COL_SQ_NUM , SORT_SEQ_TYP , LAST_CHG_TMS , LAST_CHG_USR_ID , COL_EXPR_TXT) VALUES ('SOI1P00101','SOI1P001==','SOI1','SOI1_OID',1,NULL,'27-MAY-14','MHI:CSTM',NULL);

INSERT INTO FT_T_TIDC (TIDC_OID , TIDX_OID , TBL_ID , COL_NME , COL_SQ_NUM , SORT_SEQ_TYP , LAST_CHG_TMS , LAST_CHG_USR_ID , COL_EXPR_TXT) VALUES ('SOI1U00101','SOI1U001==','SOI1','SOI_NME',1,NULL,'27-MAY-14','MHI:CSTM',NULL);

INSERT INTO FT_T_TIDC (TIDC_OID , TIDX_OID , TBL_ID , COL_NME , COL_SQ_NUM , SORT_SEQ_TYP , LAST_CHG_TMS , LAST_CHG_USR_ID , COL_EXPR_TXT) VALUES ('SOI1U00102','SOI1U001==','SOI1','INSTR_ID',2,NULL,'27-MAY-14','MHI:CSTM',NULL);

INSERT INTO FT_T_TIDC (TIDC_OID , TIDX_OID , TBL_ID , COL_NME , COL_SQ_NUM , SORT_SEQ_TYP , LAST_CHG_TMS , LAST_CHG_USR_ID , COL_EXPR_TXT) VALUES ('SOI1U00103','SOI1U001==','SOI1','INSTR_ISSR_ID',3,NULL,'27-MAY-14','MHI:CSTM',NULL);

INSERT INTO FT_T_TIDC (TIDC_OID , TIDX_OID , TBL_ID , COL_NME , COL_SQ_NUM , SORT_SEQ_TYP , LAST_CHG_TMS , LAST_CHG_USR_ID , COL_EXPR_TXT) VALUES ('SOI1U00104','SOI1U001==','SOI1','START_TMS',4,NULL,'27-MAY-14','MHI:CSTM',NULL);

 
INSERT INTO FT_T_TBRL (TBRL_OID , TBL_ID , REF_TBL_ID , TBL_FGN_KEY_ID , TBL_MERGE_TYP , TBL_DUP_ERROR_IND , LAST_CHG_TMS , LAST_CHG_USR_ID , PRIM_KEY_CMPNT_IND , LOGL_ONLY_IND , RFI_RULE_TYP , CHILD_TO_PRNT_TXT , CHILD_TO_PRNT_REQ_IND , CHILD_TO_PRNT_CARD_TYP , PRNT_TO_CHILD_TXT , PRNT_TO_CHILD_REQ_IND , PRNT_TO_CHILD_CARD_TYP , ALT_LOGL_KEY , REF_PARTITION_IND) VALUES ('SOI1ISSR01','SOI1','ISSR','SOI1F002',NULL,NULL,'27-MAY-14','MHI:CSTM',NULL,'N','R',NULL,'N',NULL,NULL,'N',NULL,NULL,NULL);

INSERT INTO FT_T_TBRL (TBRL_OID , TBL_ID , REF_TBL_ID , TBL_FGN_KEY_ID , TBL_MERGE_TYP , TBL_DUP_ERROR_IND , LAST_CHG_TMS , LAST_CHG_USR_ID , PRIM_KEY_CMPNT_IND , LOGL_ONLY_IND , RFI_RULE_TYP , CHILD_TO_PRNT_TXT , CHILD_TO_PRNT_REQ_IND , CHILD_TO_PRNT_CARD_TYP , PRNT_TO_CHILD_TXT , PRNT_TO_CHILD_REQ_IND , PRNT_TO_CHILD_CARD_TYP , ALT_LOGL_KEY , REF_PARTITION_IND) VALUES ('SOI1ISSU01','SOI1','ISSU','SOI1F001',NULL,NULL,'27-MAY-14','MHI:CSTM',NULL,'N','R',NULL,'N',NULL,NULL,'N',NULL,NULL,NULL);

 
INSERT INTO FT_T_TBRN (TBRN_OID , TBRL_OID , TBL_ID , COL_NME , COL_SQ_NUM , LAST_CHG_TMS , LAST_CHG_USR_ID) VALUES ('SOI1F00101','SOI1ISSU01','SOI1','INSTR_ID',1,'27-MAY-14','MHI:CSTM');

INSERT INTO FT_T_TBRN (TBRN_OID , TBRL_OID , TBL_ID , COL_NME , COL_SQ_NUM , LAST_CHG_TMS , LAST_CHG_USR_ID) VALUES ('SOI1F00201','SOI1ISSR01','SOI1','INSTR_ISSR_ID',1,'27-MAY-14','MHI:CSTM');


 
INSERT INTO FT_T_TBDF (TBL_ID , LAST_CHG_TMS , LAST_CHG_USR_ID , DATA_MODL_VER_ID , TBL_NME , TBL_DESC , LAST_CMP_TMS , TBL_DDL_NME , TBL_CLSF_TYP , TBL_PROP_TO_NME , TBL_SUBJECT_AREA_NME , TBL_PRIN_APP_NME , TBL_OWNER_NME , TBL_DATA_OWNER_NME , TBL_DATA_TYP , TBL_DATA_UPD_RULE_TYP , TBL_OBSOLETE_IND , VDDB_SHARED_TBL_IND , PRODCTN_FIRST_INSTALL_TYP , PRODCTN_UPD_TYP , TBL_VIEW_NME , DATA_MODL_ID , TBL_CMNT_TXT , EST_TBL_SIZE_IND , LOGGING_IND , ORACLE_INIT_TRANS_NUM , ORACLE_PCT_FREE_NUM , DW_STANDALONE_IND , CDC_ENABLED_IND , AUDIT_ENABLED_IND , STAGING_ENABLED_IND , NON_RELATIONAL_TYP , LOCK_OCCUR_IND , BI_TEMPORAL_IND ) VALUES ('STR1','21-DEC-15','MHI:CSTM','8.4.1.1','Statistic Store','Each Occurrence of STR1 represents an entry for a statistic',NULL,'FT_T_STR1','X',NULL,NULL,NULL,NULL,NULL,NULL,NULL,NULL,NULL,NULL,NULL,NULL,NULL,NULL,NULL,NULL,NULL,NULL,NULL,NULL,NULL,NULL,NULL,NULL,NULL);

 
INSERT INTO FT_T_FLDF (FLD_ID , LAST_CHG_TMS , LAST_CHG_USR_ID , FLD_DATA_CL_ID , FLD_TAG_TYP , PRNT_FLD_ID , FLD_DFLT_METH_NME , FLD_EDIT_METH_NME , DDL_NME , FILL_CHAR , JUST_TYP , CTL_TOT_ELIG_IND , FLD_USED_BY_TYP , DMN_TBL_TYP , FLD_DFLT_VAL_TXT , FLD_NME , FLD_DESC , DSPY_DATA_TYP , DSPY_INT_NUM , DSPY_DEC_NUM , DSPY_CAPTION_TXT , MN_VAL_CAMT , MX_VAL_CAMT , FLD_DFLT_CAMT) SELECT '00161254','19-NOV-24','GS:MSYS','DSRCID',NULL,NULL,NULL,NULL,'DATA_SRC_ID',NULL,'L',NULL,'T',NULL,NULL,'Data Source ID','This field uniquely identifies the source that provided the data.  This is typically a vendor.  It is recommended that a unique mnemonic be supplied (for example, "TELEKURS" and "EXTEL") in order to facilitate the identification of the data provider.','TEXT',NULL,NULL,'Data Source ID',NULL,NULL,NULL FROM DUAL WHERE NOT EXISTS (SELECT 1 FROM FT_T_FLDF WHERE FLD_ID= '00161254');

INSERT INTO FT_T_FLDF (FLD_ID , LAST_CHG_TMS , LAST_CHG_USR_ID , FLD_DATA_CL_ID , FLD_TAG_TYP , PRNT_FLD_ID , FLD_DFLT_METH_NME , FLD_EDIT_METH_NME , DDL_NME , FILL_CHAR , JUST_TYP , CTL_TOT_ELIG_IND , FLD_USED_BY_TYP , DMN_TBL_TYP , FLD_DFLT_VAL_TXT , FLD_NME , FLD_DESC , DSPY_DATA_TYP , DSPY_INT_NUM , DSPY_DEC_NUM , DSPY_CAPTION_TXT , MN_VAL_CAMT , MX_VAL_CAMT , FLD_DFLT_CAMT) SELECT '00161255','19-NOV-24','GS:MSYS','DSTATTYP',NULL,NULL,NULL,NULL,'DATA_STAT_TYP',NULL,'L',NULL,'T',NULL,NULL,'Data Status','This field specifies the status of the data within this row of the table.  Normally the value of this field will be "null" indicating that the data is active.  Depending upon how a specific data vendor supplies data, other possible values include "DELETED", "REPLACED".  It is also possible to use this field to indicate the verification status of the data in this table row.  In that case possible values include "UNVERIFIED" and "VERIFIED".','TEXT',NULL,NULL,'Data Status',NULL,NULL,NULL FROM DUAL WHERE NOT EXISTS (SELECT 1 FROM FT_T_FLDF WHERE FLD_ID= '00161255');

INSERT INTO FT_T_FLDF (FLD_ID , LAST_CHG_TMS , LAST_CHG_USR_ID , FLD_DATA_CL_ID , FLD_TAG_TYP , PRNT_FLD_ID , FLD_DFLT_METH_NME , FLD_EDIT_METH_NME , DDL_NME , FILL_CHAR , JUST_TYP , CTL_TOT_ELIG_IND , FLD_USED_BY_TYP , DMN_TBL_TYP , FLD_DFLT_VAL_TXT , FLD_NME , FLD_DESC , DSPY_DATA_TYP , DSPY_INT_NUM , DSPY_DEC_NUM , DSPY_CAPTION_TXT , MN_VAL_CAMT , MX_VAL_CAMT , FLD_DFLT_CAMT) SELECT '00007450','19-NOV-24','GS:MSYS','DATETIME',NULL,NULL,NULL,NULL,'END_TMS',NULL,'L',NULL,'T',NULL,NULL,'End Date/Time','This field specifies the date and time after which the table occurrence is no longer active.  A value of "null" in this field indicates that an End Date/Time is not given and that the table occurrence is active.  The End Date/Time is used in conjunction with the Start Date/Time to determine the period when the table occurrence is active.','DATETIME',NULL,NULL,'End Date/Time',NULL,NULL,NULL FROM DUAL WHERE NOT EXISTS (SELECT 1 FROM FT_T_FLDF WHERE FLD_ID= '00007450');

INSERT INTO FT_T_FLDF (FLD_ID , LAST_CHG_TMS , LAST_CHG_USR_ID , FLD_DATA_CL_ID , FLD_TAG_TYP , PRNT_FLD_ID , FLD_DFLT_METH_NME , FLD_EDIT_METH_NME , DDL_NME , FILL_CHAR , JUST_TYP , CTL_TOT_ELIG_IND , FLD_USED_BY_TYP , DMN_TBL_TYP , FLD_DFLT_VAL_TXT , FLD_NME , FLD_DESC , DSPY_DATA_TYP , DSPY_INT_NUM , DSPY_DEC_NUM , DSPY_CAPTION_TXT , MN_VAL_CAMT , MX_VAL_CAMT , FLD_DFLT_CAMT) SELECT '00003320','19-NOV-24','GS:MSYS','LSTCHGDT',NULL,NULL,NULL,NULL,'LAST_CHG_TMS',NULL,'L',NULL,'T',NULL,NULL,'Last Change Date/Time','This field contains the latest date and time that the values of the table occurrence on which this field resides were changed.','DATETIME',NULL,NULL,'Last Change Date/Time',NULL,NULL,NULL FROM DUAL WHERE NOT EXISTS (SELECT 1 FROM FT_T_FLDF WHERE FLD_ID= '00003320');

INSERT INTO FT_T_FLDF (FLD_ID , LAST_CHG_TMS , LAST_CHG_USR_ID , FLD_DATA_CL_ID , FLD_TAG_TYP , PRNT_FLD_ID , FLD_DFLT_METH_NME , FLD_EDIT_METH_NME , DDL_NME , FILL_CHAR , JUST_TYP , CTL_TOT_ELIG_IND , FLD_USED_BY_TYP , DMN_TBL_TYP , FLD_DFLT_VAL_TXT , FLD_NME , FLD_DESC , DSPY_DATA_TYP , DSPY_INT_NUM , DSPY_DEC_NUM , DSPY_CAPTION_TXT , MN_VAL_CAMT , MX_VAL_CAMT , FLD_DFLT_CAMT) SELECT '00003325','19-NOV-24','GS:MSYS','USER',NULL,NULL,NULL,NULL,'LAST_CHG_USR_ID',NULL,'L',NULL,'T',NULL,NULL,'Last Change User ID','This field contains the identifier of the last person or application that changed the values of the table occurrence on which this field resides.','TEXT',NULL,NULL,'Last Change User ID',NULL,NULL,NULL FROM DUAL WHERE NOT EXISTS (SELECT 1 FROM FT_T_FLDF WHERE FLD_ID= '00003325');

INSERT INTO FT_T_FLDF (FLD_ID , LAST_CHG_TMS , LAST_CHG_USR_ID , FLD_DATA_CL_ID , FLD_TAG_TYP , PRNT_FLD_ID , FLD_DFLT_METH_NME , FLD_EDIT_METH_NME , DDL_NME , FILL_CHAR , JUST_TYP , CTL_TOT_ELIG_IND , FLD_USED_BY_TYP , DMN_TBL_TYP , FLD_DFLT_VAL_TXT , FLD_NME , FLD_DESC , DSPY_DATA_TYP , DSPY_INT_NUM , DSPY_DEC_NUM , DSPY_CAPTION_TXT , MN_VAL_CAMT , MX_VAL_CAMT , FLD_DFLT_CAMT) SELECT '00007490','19-NOV-24','GS:MSYS','DATETIME',NULL,NULL,NULL,NULL,'START_TMS',NULL,'L',NULL,'T',NULL,NULL,'Start Date/Time','This field specifies the date and time from which the table occurrence is active.  In conjunction with the End Date/Time field, it determines the period when the table occurrence is active.','DATETIME',NULL,NULL,'Start Date/Time',NULL,NULL,NULL FROM DUAL WHERE NOT EXISTS (SELECT 1 FROM FT_T_FLDF WHERE FLD_ID= '00007490');

INSERT INTO FT_T_FLDF (FLD_ID , LAST_CHG_TMS , LAST_CHG_USR_ID , FLD_DATA_CL_ID , FLD_TAG_TYP , PRNT_FLD_ID , FLD_DFLT_METH_NME , FLD_EDIT_METH_NME , DDL_NME , FILL_CHAR , JUST_TYP , CTL_TOT_ELIG_IND , FLD_USED_BY_TYP , DMN_TBL_TYP , FLD_DFLT_VAL_TXT , FLD_NME , FLD_DESC , DSPY_DATA_TYP , DSPY_INT_NUM , DSPY_DEC_NUM , DSPY_CAPTION_TXT , MN_VAL_CAMT , MX_VAL_CAMT , FLD_DFLT_CAMT) SELECT '00068253','19-NOV-24','GS:MSYS','EXLGTXT',NULL,NULL,NULL,NULL,'STAT_CHAR_VAL_TXT',NULL,'L',NULL,'T',NULL,NULL,'Statistic Character Value','This field stores a statistic value that is defined as a character or text field.','TEXT',NULL,NULL,'Statistic Character Value',NULL,NULL,NULL FROM DUAL WHERE NOT EXISTS (SELECT 1 FROM FT_T_FLDF WHERE FLD_ID= '00068253');

INSERT INTO FT_T_FLDF (FLD_ID , LAST_CHG_TMS , LAST_CHG_USR_ID , FLD_DATA_CL_ID , FLD_TAG_TYP , PRNT_FLD_ID , FLD_DFLT_METH_NME , FLD_EDIT_METH_NME , DDL_NME , FILL_CHAR , JUST_TYP , CTL_TOT_ELIG_IND , FLD_USED_BY_TYP , DMN_TBL_TYP , FLD_DFLT_VAL_TXT , FLD_NME , FLD_DESC , DSPY_DATA_TYP , DSPY_INT_NUM , DSPY_DEC_NUM , DSPY_CAPTION_TXT , MN_VAL_CAMT , MX_VAL_CAMT , FLD_DFLT_CAMT) SELECT '00068250','19-NOV-24','GS:MSYS','MNEMONIC',NULL,NULL,NULL,NULL,'STAT_DEF_ID',' ','L',NULL,'T',NULL,NULL,'Statistic Definition ID','This is a required foreign key column referencing the Statistic Definition (FT_T_STDF) table with relationship defined by.','TEXT',NULL,NULL,'Statistic Definition ID',NULL,NULL,NULL FROM DUAL WHERE NOT EXISTS (SELECT 1 FROM FT_T_FLDF WHERE FLD_ID= '00068250');

INSERT INTO FT_T_FLDF (FLD_ID , LAST_CHG_TMS , LAST_CHG_USR_ID , FLD_DATA_CL_ID , FLD_TAG_TYP , PRNT_FLD_ID , FLD_DFLT_METH_NME , FLD_EDIT_METH_NME , DDL_NME , FILL_CHAR , JUST_TYP , CTL_TOT_ELIG_IND , FLD_USED_BY_TYP , DMN_TBL_TYP , FLD_DFLT_VAL_TXT , FLD_NME , FLD_DESC , DSPY_DATA_TYP , DSPY_INT_NUM , DSPY_DEC_NUM , DSPY_CAPTION_TXT , MN_VAL_CAMT , MX_VAL_CAMT , FLD_DFLT_CAMT) SELECT '00068249','19-NOV-24','GS:MSYS','OID',NULL,NULL,NULL,NULL,'STAT_ID',' ','L',NULL,'T',NULL,NULL,'Statistic ID','This field contains an arbitrary value that uniquely identifies an occurrence of the Account Statistic table. This value is typically programmatically generated.','TEXT',NULL,NULL,'Statistic ID',NULL,NULL,NULL FROM DUAL WHERE NOT EXISTS (SELECT 1 FROM FT_T_FLDF WHERE FLD_ID= '00068249');

INSERT INTO FT_T_FLDF (FLD_ID , LAST_CHG_TMS , LAST_CHG_USR_ID , FLD_DATA_CL_ID , FLD_TAG_TYP , PRNT_FLD_ID , FLD_DFLT_METH_NME , FLD_EDIT_METH_NME , DDL_NME , FILL_CHAR , JUST_TYP , CTL_TOT_ELIG_IND , FLD_USED_BY_TYP , DMN_TBL_TYP , FLD_DFLT_VAL_TXT , FLD_NME , FLD_DESC , DSPY_DATA_TYP , DSPY_INT_NUM , DSPY_DEC_NUM , DSPY_CAPTION_TXT , MN_VAL_CAMT , MX_VAL_CAMT , FLD_DFLT_CAMT) SELECT '00068257','19-NOV-24','GS:MSYS','FULLNUM',NULL,NULL,NULL,NULL,'STAT_INT_VAL_NUM','0','R',NULL,'T',NULL,NULL,'Statistic Integer Value','This field stores a statistic value that is defined as a whole number without decimal digits.','INTEGER',NULL,NULL,'Statistic Integer Value',NULL,NULL,NULL FROM DUAL WHERE NOT EXISTS (SELECT 1 FROM FT_T_FLDF WHERE FLD_ID= '00068257');

INSERT INTO FT_T_FLDF (FLD_ID , LAST_CHG_TMS , LAST_CHG_USR_ID , FLD_DATA_CL_ID , FLD_TAG_TYP , PRNT_FLD_ID , FLD_DFLT_METH_NME , FLD_EDIT_METH_NME , DDL_NME , FILL_CHAR , JUST_TYP , CTL_TOT_ELIG_IND , FLD_USED_BY_TYP , DMN_TBL_TYP , FLD_DFLT_VAL_TXT , FLD_NME , FLD_DESC , DSPY_DATA_TYP , DSPY_INT_NUM , DSPY_DEC_NUM , DSPY_CAPTION_TXT , MN_VAL_CAMT , MX_VAL_CAMT , FLD_DFLT_CAMT) SELECT '00068254','19-NOV-24','GS:MSYS','DATE',NULL,NULL,NULL,NULL,'STAT_VAL_DTE',NULL,'L',NULL,'T',NULL,NULL,'Statistic Date Value','This field stores a statistic value that is defined as a date only field.','DATE',NULL,NULL,'Statistic Date Value',NULL,NULL,NULL FROM DUAL WHERE NOT EXISTS (SELECT 1 FROM FT_T_FLDF WHERE FLD_ID= '00068254');

INSERT INTO FT_T_FLDF (FLD_ID , LAST_CHG_TMS , LAST_CHG_USR_ID , FLD_DATA_CL_ID , FLD_TAG_TYP , PRNT_FLD_ID , FLD_DFLT_METH_NME , FLD_EDIT_METH_NME , DDL_NME , FILL_CHAR , JUST_TYP , CTL_TOT_ELIG_IND , FLD_USED_BY_TYP , DMN_TBL_TYP , FLD_DFLT_VAL_TXT , FLD_NME , FLD_DESC , DSPY_DATA_TYP , DSPY_INT_NUM , DSPY_DEC_NUM , DSPY_CAPTION_TXT , MN_VAL_CAMT , MX_VAL_CAMT , FLD_DFLT_CAMT) SELECT '00068255','19-NOV-24','GS:MSYS','DATETIME',NULL,NULL,NULL,NULL,'STAT_VAL_TMS',NULL,'L',NULL,'T',NULL,NULL,'Statistic Date/Time Value','This field stores a statistic value that is defined as a date and time field.','DATETIME',NULL,NULL,'Statistic Date/Time Value',NULL,NULL,NULL FROM DUAL WHERE NOT EXISTS (SELECT 1 FROM FT_T_FLDF WHERE FLD_ID= '00068255');

INSERT INTO FT_T_FLDF (FLD_ID , LAST_CHG_TMS , LAST_CHG_USR_ID , FLD_DATA_CL_ID , FLD_TAG_TYP , PRNT_FLD_ID , FLD_DFLT_METH_NME , FLD_EDIT_METH_NME , DDL_NME , FILL_CHAR , JUST_TYP , CTL_TOT_ELIG_IND , FLD_USED_BY_TYP , DMN_TBL_TYP , FLD_DFLT_VAL_TXT , FLD_NME , FLD_DESC , DSPY_DATA_TYP , DSPY_INT_NUM , DSPY_DEC_NUM , DSPY_CAPTION_TXT , MN_VAL_CAMT , MX_VAL_CAMT , FLD_DFLT_CAMT) SELECT '00074268','19-NOV-24','GS:MSYS','TABLETYP',NULL,NULL,NULL,NULL,'TBL_ID',' ','L',NULL,'T',NULL,NULL,'Table ID','This field contains a mnemonic that uniquely identifies a table.','TEXT',NULL,NULL,'Table ID',NULL,NULL,NULL FROM DUAL WHERE NOT EXISTS (SELECT 1 FROM FT_T_FLDF WHERE FLD_ID= '00074268');

 
INSERT INTO FT_T_CLDF (TBL_ID , COL_NME , FLD_ID , PRNT_TBL_ID , PRNT_COL_NME , COL_REQ_IND , DDL_DATA_TYP , COL_SQ_NUM , LAST_CHG_TMS , LAST_CHG_USR_ID , NATIVE_COL_IND , LOGL_NME , COL_DESC , DDL_BASE_DATA_TYP , DDL_DATA_LEN , DDL_DATA_PREC_NUM , DDL_DATA_SCALE_NUM , DDL_DATA_DFLT_TXT , COL_VIEW_NME , ORACLE_LOB_TXT , DB2_LOB_TXT , INFO_TYP_NME , COL_OBSOLETE_IND , COL_CMNT_TXT , DSPY_CAPTION_TXT , DMN_SET_ID , EDMV_USED_IND , VIRTUAL_COL_IND) VALUES ('STR1','DATA_SRC_ID','00161254',NULL,NULL,'N','VARCHAR(40)',14,'21-DEC-15','MHI:CSTM','Y','Data Source ID','This field uniquely identifies the source that provided the data.  This is typically a vendor.  It is recommended that a unique mnemonic be supplied (for example, "TELEKURS" and "EXTEL") in order to facilitate the identification of the data provider.','VARCHAR',40,NULL,NULL,NULL,NULL,NULL,NULL,NULL,NULL,NULL,NULL,NULL,NULL,NULL);

INSERT INTO FT_T_CLDF (TBL_ID , COL_NME , FLD_ID , PRNT_TBL_ID , PRNT_COL_NME , COL_REQ_IND , DDL_DATA_TYP , COL_SQ_NUM , LAST_CHG_TMS , LAST_CHG_USR_ID , NATIVE_COL_IND , LOGL_NME , COL_DESC , DDL_BASE_DATA_TYP , DDL_DATA_LEN , DDL_DATA_PREC_NUM , DDL_DATA_SCALE_NUM , DDL_DATA_DFLT_TXT , COL_VIEW_NME , ORACLE_LOB_TXT , DB2_LOB_TXT , INFO_TYP_NME , COL_OBSOLETE_IND , COL_CMNT_TXT , DSPY_CAPTION_TXT , DMN_SET_ID , EDMV_USED_IND , VIRTUAL_COL_IND) VALUES ('STR1','DATA_STAT_TYP','00161255',NULL,NULL,'N','VARCHAR(20)',13,'21-DEC-15','MHI:CSTM','Y','Data Status','This field specifies the status of the data within this row of the table.','VARCHAR',20,NULL,NULL,NULL,NULL,NULL,NULL,NULL,NULL,NULL,NULL,NULL,NULL,NULL);

INSERT INTO FT_T_CLDF (TBL_ID , COL_NME , FLD_ID , PRNT_TBL_ID , PRNT_COL_NME , COL_REQ_IND , DDL_DATA_TYP , COL_SQ_NUM , LAST_CHG_TMS , LAST_CHG_USR_ID , NATIVE_COL_IND , LOGL_NME , COL_DESC , DDL_BASE_DATA_TYP , DDL_DATA_LEN , DDL_DATA_PREC_NUM , DDL_DATA_SCALE_NUM , DDL_DATA_DFLT_TXT , COL_VIEW_NME , ORACLE_LOB_TXT , DB2_LOB_TXT , INFO_TYP_NME , COL_OBSOLETE_IND , COL_CMNT_TXT , DSPY_CAPTION_TXT , DMN_SET_ID , EDMV_USED_IND , VIRTUAL_COL_IND) VALUES ('STR1','END_TMS','00007450',NULL,NULL,'N','TIMESTAMP(0)',6,'21-DEC-15','MHI:CSTM','Y','End Date/Time','This field specifies the date and time after which the table occurrence is no longer active.  A value of null in this field indicates that an End Date/Time is not given and that the table occurrence is active.  The End Date/Time is used in conjunction w','DATE',NULL,NULL,NULL,NULL,NULL,NULL,NULL,NULL,NULL,NULL,NULL,NULL,NULL,NULL);

INSERT INTO FT_T_CLDF (TBL_ID , COL_NME , FLD_ID , PRNT_TBL_ID , PRNT_COL_NME , COL_REQ_IND , DDL_DATA_TYP , COL_SQ_NUM , LAST_CHG_TMS , LAST_CHG_USR_ID , NATIVE_COL_IND , LOGL_NME , COL_DESC , DDL_BASE_DATA_TYP , DDL_DATA_LEN , DDL_DATA_PREC_NUM , DDL_DATA_SCALE_NUM , DDL_DATA_DFLT_TXT , COL_VIEW_NME , ORACLE_LOB_TXT , DB2_LOB_TXT , INFO_TYP_NME , COL_OBSOLETE_IND , COL_CMNT_TXT , DSPY_CAPTION_TXT , DMN_SET_ID , EDMV_USED_IND , VIRTUAL_COL_IND) VALUES ('STR1','LAST_CHG_TMS','00003320',NULL,NULL,'Y','TIMESTAMP(0)',7,'21-DEC-15','MHI:CSTM','Y','Last Change Date/Time','This field contains the latest date and time that the values of the table occurrence on which this field resides were changed.','DATE',NULL,NULL,NULL,NULL,NULL,NULL,NULL,NULL,NULL,NULL,NULL,NULL,NULL,NULL);

INSERT INTO FT_T_CLDF (TBL_ID , COL_NME , FLD_ID , PRNT_TBL_ID , PRNT_COL_NME , COL_REQ_IND , DDL_DATA_TYP , COL_SQ_NUM , LAST_CHG_TMS , LAST_CHG_USR_ID , NATIVE_COL_IND , LOGL_NME , COL_DESC , DDL_BASE_DATA_TYP , DDL_DATA_LEN , DDL_DATA_PREC_NUM , DDL_DATA_SCALE_NUM , DDL_DATA_DFLT_TXT , COL_VIEW_NME , ORACLE_LOB_TXT , DB2_LOB_TXT , INFO_TYP_NME , COL_OBSOLETE_IND , COL_CMNT_TXT , DSPY_CAPTION_TXT , DMN_SET_ID , EDMV_USED_IND , VIRTUAL_COL_IND) VALUES ('STR1','LAST_CHG_USR_ID','00003325',NULL,NULL,'Y','VARCHAR(256)',8,'21-DEC-15','MHI:CSTM','Y','Last Change User ID','This field contains the identifier of the last person or application that changed the values of the table occurrence on which this field resides.','VARCHAR',256,NULL,NULL,NULL,NULL,NULL,NULL,NULL,NULL,NULL,NULL,NULL,NULL,NULL);

INSERT INTO FT_T_CLDF (TBL_ID , COL_NME , FLD_ID , PRNT_TBL_ID , PRNT_COL_NME , COL_REQ_IND , DDL_DATA_TYP , COL_SQ_NUM , LAST_CHG_TMS , LAST_CHG_USR_ID , NATIVE_COL_IND , LOGL_NME , COL_DESC , DDL_BASE_DATA_TYP , DDL_DATA_LEN , DDL_DATA_PREC_NUM , DDL_DATA_SCALE_NUM , DDL_DATA_DFLT_TXT , COL_VIEW_NME , ORACLE_LOB_TXT , DB2_LOB_TXT , INFO_TYP_NME , COL_OBSOLETE_IND , COL_CMNT_TXT , DSPY_CAPTION_TXT , DMN_SET_ID , EDMV_USED_IND , VIRTUAL_COL_IND) VALUES ('STR1','START_TMS','00007490',NULL,NULL,'Y','TIMESTAMP(0)',5,'21-DEC-15','MHI:CSTM','Y','Start Date/Time','This field specifies the date and time from which the table occurrence is active.  In conjunction with the End Date/Time field, it determines the period when the table occurrence is active.','DATE',NULL,NULL,NULL,NULL,NULL,NULL,NULL,NULL,NULL,NULL,NULL,NULL,NULL,NULL);

INSERT INTO FT_T_CLDF (TBL_ID , COL_NME , FLD_ID , PRNT_TBL_ID , PRNT_COL_NME , COL_REQ_IND , DDL_DATA_TYP , COL_SQ_NUM , LAST_CHG_TMS , LAST_CHG_USR_ID , NATIVE_COL_IND , LOGL_NME , COL_DESC , DDL_BASE_DATA_TYP , DDL_DATA_LEN , DDL_DATA_PREC_NUM , DDL_DATA_SCALE_NUM , DDL_DATA_DFLT_TXT , COL_VIEW_NME , ORACLE_LOB_TXT , DB2_LOB_TXT , INFO_TYP_NME , COL_OBSOLETE_IND , COL_CMNT_TXT , DSPY_CAPTION_TXT , DMN_SET_ID , EDMV_USED_IND , VIRTUAL_COL_IND) VALUES ('STR1','STAT_CHAR_VAL_TXT','00068253',NULL,NULL,'N','VARCHAR(254)',12,'21-DEC-15','MHI:CSTM','Y','Statistic Character Value','This field stores a statistic value that is defined as a character or text field.','VARCHAR',254,NULL,NULL,NULL,NULL,NULL,NULL,NULL,NULL,NULL,NULL,NULL,NULL,NULL);

INSERT INTO FT_T_CLDF (TBL_ID , COL_NME , FLD_ID , PRNT_TBL_ID , PRNT_COL_NME , COL_REQ_IND , DDL_DATA_TYP , COL_SQ_NUM , LAST_CHG_TMS , LAST_CHG_USR_ID , NATIVE_COL_IND , LOGL_NME , COL_DESC , DDL_BASE_DATA_TYP , DDL_DATA_LEN , DDL_DATA_PREC_NUM , DDL_DATA_SCALE_NUM , DDL_DATA_DFLT_TXT , COL_VIEW_NME , ORACLE_LOB_TXT , DB2_LOB_TXT , INFO_TYP_NME , COL_OBSOLETE_IND , COL_CMNT_TXT , DSPY_CAPTION_TXT , DMN_SET_ID , EDMV_USED_IND , VIRTUAL_COL_IND) VALUES ('STR1','STAT_DEF_ID','00068250',NULL,NULL,'Y','VARCHAR(8)',2,'21-DEC-15','MHI:CSTM','Y','Statistic Definition ID','This field contains a mnemonic that identifies the statistic.','VARCHAR',8,NULL,NULL,NULL,NULL,NULL,NULL,NULL,NULL,NULL,NULL,NULL,NULL,NULL);

INSERT INTO FT_T_CLDF (TBL_ID , COL_NME , FLD_ID , PRNT_TBL_ID , PRNT_COL_NME , COL_REQ_IND , DDL_DATA_TYP , COL_SQ_NUM , LAST_CHG_TMS , LAST_CHG_USR_ID , NATIVE_COL_IND , LOGL_NME , COL_DESC , DDL_BASE_DATA_TYP , DDL_DATA_LEN , DDL_DATA_PREC_NUM , DDL_DATA_SCALE_NUM , DDL_DATA_DFLT_TXT , COL_VIEW_NME , ORACLE_LOB_TXT , DB2_LOB_TXT , INFO_TYP_NME , COL_OBSOLETE_IND , COL_CMNT_TXT , DSPY_CAPTION_TXT , DMN_SET_ID , EDMV_USED_IND , VIRTUAL_COL_IND) VALUES ('STR1','STAT_ID','00068249',NULL,NULL,'Y','VARCHAR(10)',1,'21-DEC-15','MHI:CSTM','Y','Statistic ID','This field uniquely identifies an occurrence of a user-defined Statistic table.','VARCHAR',10,NULL,NULL,NULL,NULL,NULL,NULL,'OBJECT_IDENTIFIER',NULL,NULL,NULL,NULL,NULL,NULL);

INSERT INTO FT_T_CLDF (TBL_ID , COL_NME , FLD_ID , PRNT_TBL_ID , PRNT_COL_NME , COL_REQ_IND , DDL_DATA_TYP , COL_SQ_NUM , LAST_CHG_TMS , LAST_CHG_USR_ID , NATIVE_COL_IND , LOGL_NME , COL_DESC , DDL_BASE_DATA_TYP , DDL_DATA_LEN , DDL_DATA_PREC_NUM , DDL_DATA_SCALE_NUM , DDL_DATA_DFLT_TXT , COL_VIEW_NME , ORACLE_LOB_TXT , DB2_LOB_TXT , INFO_TYP_NME , COL_OBSOLETE_IND , COL_CMNT_TXT , DSPY_CAPTION_TXT , DMN_SET_ID , EDMV_USED_IND , VIRTUAL_COL_IND) VALUES ('STR1','STAT_INT_VAL_NUM','00068257',NULL,NULL,'N','NUMERIC(38)',11,'21-DEC-15','MHI:CSTM','Y','Statistic Integer Value','This field stores a statistic value that is defined as a whole number without decimal digits.','NUMBER',10,NULL,NULL,NULL,NULL,NULL,NULL,NULL,NULL,NULL,NULL,NULL,NULL,NULL);

INSERT INTO FT_T_CLDF (TBL_ID , COL_NME , FLD_ID , PRNT_TBL_ID , PRNT_COL_NME , COL_REQ_IND , DDL_DATA_TYP , COL_SQ_NUM , LAST_CHG_TMS , LAST_CHG_USR_ID , NATIVE_COL_IND , LOGL_NME , COL_DESC , DDL_BASE_DATA_TYP , DDL_DATA_LEN , DDL_DATA_PREC_NUM , DDL_DATA_SCALE_NUM , DDL_DATA_DFLT_TXT , COL_VIEW_NME , ORACLE_LOB_TXT , DB2_LOB_TXT , INFO_TYP_NME , COL_OBSOLETE_IND , COL_CMNT_TXT , DSPY_CAPTION_TXT , DMN_SET_ID , EDMV_USED_IND , VIRTUAL_COL_IND) VALUES ('STR1','STAT_VAL_DTE','00068254',NULL,NULL,'N','TIMESTAMP(0)',9,'21-DEC-15','MHI:CSTM','Y','Statistic Date Value','This field stores a statistic value that is defined as a date only field.','DATE',NULL,NULL,NULL,NULL,NULL,NULL,NULL,NULL,NULL,NULL,NULL,NULL,NULL,NULL);

INSERT INTO FT_T_CLDF (TBL_ID , COL_NME , FLD_ID , PRNT_TBL_ID , PRNT_COL_NME , COL_REQ_IND , DDL_DATA_TYP , COL_SQ_NUM , LAST_CHG_TMS , LAST_CHG_USR_ID , NATIVE_COL_IND , LOGL_NME , COL_DESC , DDL_BASE_DATA_TYP , DDL_DATA_LEN , DDL_DATA_PREC_NUM , DDL_DATA_SCALE_NUM , DDL_DATA_DFLT_TXT , COL_VIEW_NME , ORACLE_LOB_TXT , DB2_LOB_TXT , INFO_TYP_NME , COL_OBSOLETE_IND , COL_CMNT_TXT , DSPY_CAPTION_TXT , DMN_SET_ID , EDMV_USED_IND , VIRTUAL_COL_IND) VALUES ('STR1','STAT_VAL_TMS','00068255',NULL,NULL,'N','TIMESTAMP(0)',10,'21-DEC-15','MHI:CSTM','Y','Statistic Date/Time Value','TThis field stores a statistic value that is defined as a date and time field.','DATE',NULL,NULL,NULL,NULL,NULL,NULL,NULL,NULL,NULL,NULL,NULL,NULL,NULL,NULL);

INSERT INTO FT_T_CLDF (TBL_ID , COL_NME , FLD_ID , PRNT_TBL_ID , PRNT_COL_NME , COL_REQ_IND , DDL_DATA_TYP , COL_SQ_NUM , LAST_CHG_TMS , LAST_CHG_USR_ID , NATIVE_COL_IND , LOGL_NME , COL_DESC , DDL_BASE_DATA_TYP , DDL_DATA_LEN , DDL_DATA_PREC_NUM , DDL_DATA_SCALE_NUM , DDL_DATA_DFLT_TXT , COL_VIEW_NME , ORACLE_LOB_TXT , DB2_LOB_TXT , INFO_TYP_NME , COL_OBSOLETE_IND , COL_CMNT_TXT , DSPY_CAPTION_TXT , DMN_SET_ID , EDMV_USED_IND , VIRTUAL_COL_IND) VALUES ('STR1','TBL_ID','00074268',NULL,NULL,'Y','VARCHAR(8)',3,'21-DEC-15','MHI:CSTM','Y','Table ID','This field contains a mnemonic that uniquely identifies a table.','VARCHAR',8,NULL,NULL,NULL,NULL,NULL,NULL,NULL,NULL,NULL,NULL,NULL,NULL,NULL);

INSERT INTO FT_T_CLDF (TBL_ID , COL_NME , FLD_ID , PRNT_TBL_ID , PRNT_COL_NME , COL_REQ_IND , DDL_DATA_TYP , COL_SQ_NUM , LAST_CHG_TMS , LAST_CHG_USR_ID , NATIVE_COL_IND , LOGL_NME , COL_DESC , DDL_BASE_DATA_TYP , DDL_DATA_LEN , DDL_DATA_PREC_NUM , DDL_DATA_SCALE_NUM , DDL_DATA_DFLT_TXT , COL_VIEW_NME , ORACLE_LOB_TXT , DB2_LOB_TXT , INFO_TYP_NME , COL_OBSOLETE_IND , COL_CMNT_TXT , DSPY_CAPTION_TXT , DMN_SET_ID , EDMV_USED_IND , VIRTUAL_COL_IND) VALUES ('STR1','XREF_ID','00068105',NULL,NULL,'Y','VARCHAR(10)',4,'21-DEC-15','MHI:CSTM','Y','Cross Reference ID','This field provides a single field, unique identifier for a table occurrence.','VARCHAR',10,NULL,NULL,NULL,NULL,NULL,NULL,NULL,NULL,NULL,NULL,NULL,NULL,NULL);

 
INSERT INTO FT_T_TIDX (TIDX_OID , TBL_ID , TBL_INDEX_NME , TBL_INDEX_TYP , LAST_CHG_TMS , LAST_CHG_USR_ID , TBL_INDEX_PARTITION_TYP , ORACLE_INIT_TRANS_NUM , REVERSE_INDEX_IND , BITMAP_INDEX_IND) VALUES ('STR1P001==','STR1','FT_T_STR1_PK','P','21-DEC-15','MHI:CSTM',NULL,NULL,NULL,NULL);

 
INSERT INTO FT_T_TIDC (TIDC_OID , TIDX_OID , TBL_ID , COL_NME , COL_SQ_NUM , SORT_SEQ_TYP , LAST_CHG_TMS , LAST_CHG_USR_ID , COL_EXPR_TXT) VALUES ('STR10001  ','STR1P001==','STR1','STAT_ID',1,NULL,'21-DEC-15','MHI:CSTM',NULL);


 
INSERT INTO FT_T_TBDF (TBL_ID , LAST_CHG_TMS , LAST_CHG_USR_ID , DATA_MODL_VER_ID , TBL_NME , TBL_DESC , LAST_CMP_TMS , TBL_DDL_NME , TBL_CLSF_TYP , TBL_PROP_TO_NME , TBL_SUBJECT_AREA_NME , TBL_PRIN_APP_NME , TBL_OWNER_NME , TBL_DATA_OWNER_NME , TBL_DATA_TYP , TBL_DATA_UPD_RULE_TYP , TBL_OBSOLETE_IND , VDDB_SHARED_TBL_IND , PRODCTN_FIRST_INSTALL_TYP , PRODCTN_UPD_TYP , TBL_VIEW_NME , DATA_MODL_ID , TBL_CMNT_TXT , EST_TBL_SIZE_IND , LOGGING_IND , ORACLE_INIT_TRANS_NUM , ORACLE_PCT_FREE_NUM , DW_STANDALONE_IND , CDC_ENABLED_IND , AUDIT_ENABLED_IND , STAGING_ENABLED_IND , NON_RELATIONAL_TYP , LOCK_OCCUR_IND , BI_TEMPORAL_IND ) VALUES ('TAX1','21-DEC-15','MHI:CSTM','8.4.1.1','Product Taxonomy','Each Occurrence of TAX1 represents 1 Product Taxonomy Reference',NULL,'FT_T_TAX1','T',NULL,'Products and Services','Products','Reference','EDM','Client','Unrestricted','N',NULL,NULL,NULL,'Product_Taxonomy','GSDM',NULL,NULL,NULL,NULL,NULL,NULL,NULL,NULL,NULL,NULL,NULL,NULL);

 
INSERT INTO FT_T_FLDF (FLD_ID , LAST_CHG_TMS , LAST_CHG_USR_ID , FLD_DATA_CL_ID , FLD_TAG_TYP , PRNT_FLD_ID , FLD_DFLT_METH_NME , FLD_EDIT_METH_NME , DDL_NME , FILL_CHAR , JUST_TYP , CTL_TOT_ELIG_IND , FLD_USED_BY_TYP , DMN_TBL_TYP , FLD_DFLT_VAL_TXT , FLD_NME , FLD_DESC , DSPY_DATA_TYP , DSPY_INT_NUM , DSPY_DEC_NUM , DSPY_CAPTION_TXT , MN_VAL_CAMT , MX_VAL_CAMT , FLD_DFLT_CAMT) SELECT '00007450','19-NOV-24','GS:MSYS','DATETIME',NULL,NULL,NULL,NULL,'END_TMS',NULL,'L',NULL,'T',NULL,NULL,'End Date/Time','This field specifies the date and time after which the table occurrence is no longer active.  A value of "null" in this field indicates that an End Date/Time is not given and that the table occurrence is active.  The End Date/Time is used in conjunction with the Start Date/Time to determine the period when the table occurrence is active.','DATETIME',NULL,NULL,'End Date/Time',NULL,NULL,NULL FROM DUAL WHERE NOT EXISTS (SELECT 1 FROM FT_T_FLDF WHERE FLD_ID= '00007450');

INSERT INTO FT_T_FLDF (FLD_ID , LAST_CHG_TMS , LAST_CHG_USR_ID , FLD_DATA_CL_ID , FLD_TAG_TYP , PRNT_FLD_ID , FLD_DFLT_METH_NME , FLD_EDIT_METH_NME , DDL_NME , FILL_CHAR , JUST_TYP , CTL_TOT_ELIG_IND , FLD_USED_BY_TYP , DMN_TBL_TYP , FLD_DFLT_VAL_TXT , FLD_NME , FLD_DESC , DSPY_DATA_TYP , DSPY_INT_NUM , DSPY_DEC_NUM , DSPY_CAPTION_TXT , MN_VAL_CAMT , MX_VAL_CAMT , FLD_DFLT_CAMT) SELECT '00003320','19-NOV-24','GS:MSYS','LSTCHGDT',NULL,NULL,NULL,NULL,'LAST_CHG_TMS',NULL,'L',NULL,'T',NULL,NULL,'Last Change Date/Time','This field contains the latest date and time that the values of the table occurrence on which this field resides were changed.','DATETIME',NULL,NULL,'Last Change Date/Time',NULL,NULL,NULL FROM DUAL WHERE NOT EXISTS (SELECT 1 FROM FT_T_FLDF WHERE FLD_ID= '00003320');

INSERT INTO FT_T_FLDF (FLD_ID , LAST_CHG_TMS , LAST_CHG_USR_ID , FLD_DATA_CL_ID , FLD_TAG_TYP , PRNT_FLD_ID , FLD_DFLT_METH_NME , FLD_EDIT_METH_NME , DDL_NME , FILL_CHAR , JUST_TYP , CTL_TOT_ELIG_IND , FLD_USED_BY_TYP , DMN_TBL_TYP , FLD_DFLT_VAL_TXT , FLD_NME , FLD_DESC , DSPY_DATA_TYP , DSPY_INT_NUM , DSPY_DEC_NUM , DSPY_CAPTION_TXT , MN_VAL_CAMT , MX_VAL_CAMT , FLD_DFLT_CAMT) SELECT '00003325','19-NOV-24','GS:MSYS','USER',NULL,NULL,NULL,NULL,'LAST_CHG_USR_ID',NULL,'L',NULL,'T',NULL,NULL,'Last Change User ID','This field contains the identifier of the last person or application that changed the values of the table occurrence on which this field resides.','TEXT',NULL,NULL,'Last Change User ID',NULL,NULL,NULL FROM DUAL WHERE NOT EXISTS (SELECT 1 FROM FT_T_FLDF WHERE FLD_ID= '00003325');

INSERT INTO FT_T_FLDF (FLD_ID , LAST_CHG_TMS , LAST_CHG_USR_ID , FLD_DATA_CL_ID , FLD_TAG_TYP , PRNT_FLD_ID , FLD_DFLT_METH_NME , FLD_EDIT_METH_NME , DDL_NME , FILL_CHAR , JUST_TYP , CTL_TOT_ELIG_IND , FLD_USED_BY_TYP , DMN_TBL_TYP , FLD_DFLT_VAL_TXT , FLD_NME , FLD_DESC , DSPY_DATA_TYP , DSPY_INT_NUM , DSPY_DEC_NUM , DSPY_CAPTION_TXT , MN_VAL_CAMT , MX_VAL_CAMT , FLD_DFLT_CAMT) SELECT 'TAX10002','21-DEC-15','MHI:CSTM','LONGNAME',NULL,NULL,NULL,NULL,'MHI_REF_NO',NULL,'L',NULL,'T',NULL,NULL,'MHI Taxonomy Reference Number','MHI Taxonomy Reference Number',NULL,NULL,NULL,NULL,NULL,NULL,NULL FROM DUAL WHERE NOT EXISTS (SELECT 1 FROM FT_T_FLDF WHERE FLD_ID= 'TAX10002');

INSERT INTO FT_T_FLDF (FLD_ID , LAST_CHG_TMS , LAST_CHG_USR_ID , FLD_DATA_CL_ID , FLD_TAG_TYP , PRNT_FLD_ID , FLD_DFLT_METH_NME , FLD_EDIT_METH_NME , DDL_NME , FILL_CHAR , JUST_TYP , CTL_TOT_ELIG_IND , FLD_USED_BY_TYP , DMN_TBL_TYP , FLD_DFLT_VAL_TXT , FLD_NME , FLD_DESC , DSPY_DATA_TYP , DSPY_INT_NUM , DSPY_DEC_NUM , DSPY_CAPTION_TXT , MN_VAL_CAMT , MX_VAL_CAMT , FLD_DFLT_CAMT) SELECT '00007490','19-NOV-24','GS:MSYS','DATETIME',NULL,NULL,NULL,NULL,'START_TMS',NULL,'L',NULL,'T',NULL,NULL,'Start Date/Time','This field specifies the date and time from which the table occurrence is active.  In conjunction with the End Date/Time field, it determines the period when the table occurrence is active.','DATETIME',NULL,NULL,'Start Date/Time',NULL,NULL,NULL FROM DUAL WHERE NOT EXISTS (SELECT 1 FROM FT_T_FLDF WHERE FLD_ID= '00007490');

INSERT INTO FT_T_FLDF (FLD_ID , LAST_CHG_TMS , LAST_CHG_USR_ID , FLD_DATA_CL_ID , FLD_TAG_TYP , PRNT_FLD_ID , FLD_DFLT_METH_NME , FLD_EDIT_METH_NME , DDL_NME , FILL_CHAR , JUST_TYP , CTL_TOT_ELIG_IND , FLD_USED_BY_TYP , DMN_TBL_TYP , FLD_DFLT_VAL_TXT , FLD_NME , FLD_DESC , DSPY_DATA_TYP , DSPY_INT_NUM , DSPY_DEC_NUM , DSPY_CAPTION_TXT , MN_VAL_CAMT , MX_VAL_CAMT , FLD_DFLT_CAMT) SELECT 'TAX10001','21-DEC-15','MHI:CSTM','OID',NULL,NULL,NULL,NULL,'TAX1_OID',NULL,'L',NULL,'T',NULL,NULL,'Taxonomy ID','This field contains an arbitrary value that uniquely identifies an occurrence of this table.',NULL,NULL,NULL,NULL,NULL,NULL,NULL FROM DUAL WHERE NOT EXISTS (SELECT 1 FROM FT_T_FLDF WHERE FLD_ID= 'TAX10001');

INSERT INTO FT_T_FLDF (FLD_ID , LAST_CHG_TMS , LAST_CHG_USR_ID , FLD_DATA_CL_ID , FLD_TAG_TYP , PRNT_FLD_ID , FLD_DFLT_METH_NME , FLD_EDIT_METH_NME , DDL_NME , FILL_CHAR , JUST_TYP , CTL_TOT_ELIG_IND , FLD_USED_BY_TYP , DMN_TBL_TYP , FLD_DFLT_VAL_TXT , FLD_NME , FLD_DESC , DSPY_DATA_TYP , DSPY_INT_NUM , DSPY_DEC_NUM , DSPY_CAPTION_TXT , MN_VAL_CAMT , MX_VAL_CAMT , FLD_DFLT_CAMT) SELECT 'TAX10003','21-DEC-15','MHI:CSTM','LONGNAME',NULL,NULL,NULL,NULL,'TAXONOMY_DESC',NULL,'L',NULL,'T',NULL,NULL,'Taxonomy Descritpion','Taxonomy Descritpion',NULL,NULL,NULL,NULL,NULL,NULL,NULL FROM DUAL WHERE NOT EXISTS (SELECT 1 FROM FT_T_FLDF WHERE FLD_ID= 'TAX10003');

INSERT INTO FT_T_FLDF (FLD_ID , LAST_CHG_TMS , LAST_CHG_USR_ID , FLD_DATA_CL_ID , FLD_TAG_TYP , PRNT_FLD_ID , FLD_DFLT_METH_NME , FLD_EDIT_METH_NME , DDL_NME , FILL_CHAR , JUST_TYP , CTL_TOT_ELIG_IND , FLD_USED_BY_TYP , DMN_TBL_TYP , FLD_DFLT_VAL_TXT , FLD_NME , FLD_DESC , DSPY_DATA_TYP , DSPY_INT_NUM , DSPY_DEC_NUM , DSPY_CAPTION_TXT , MN_VAL_CAMT , MX_VAL_CAMT , FLD_DFLT_CAMT) SELECT 'TAX10005','21-DEC-15','MHI:CSTM','LONGNAME',NULL,NULL,NULL,NULL,'TAX_ASST_GRP_OID',NULL,'L',NULL,'T',NULL,NULL,'Asset Class Group OID','Asset Class Group OID',NULL,NULL,NULL,NULL,NULL,NULL,NULL FROM DUAL WHERE NOT EXISTS (SELECT 1 FROM FT_T_FLDF WHERE FLD_ID= 'TAX10005');

INSERT INTO FT_T_FLDF (FLD_ID , LAST_CHG_TMS , LAST_CHG_USR_ID , FLD_DATA_CL_ID , FLD_TAG_TYP , PRNT_FLD_ID , FLD_DFLT_METH_NME , FLD_EDIT_METH_NME , DDL_NME , FILL_CHAR , JUST_TYP , CTL_TOT_ELIG_IND , FLD_USED_BY_TYP , DMN_TBL_TYP , FLD_DFLT_VAL_TXT , FLD_NME , FLD_DESC , DSPY_DATA_TYP , DSPY_INT_NUM , DSPY_DEC_NUM , DSPY_CAPTION_TXT , MN_VAL_CAMT , MX_VAL_CAMT , FLD_DFLT_CAMT) SELECT 'TAX10004','21-DEC-15','MHI:CSTM','LONGNAME',NULL,NULL,NULL,NULL,'TAX_PROD_GRP_OID',NULL,'L',NULL,'T',NULL,NULL,'Taxonomy Parent Product Group OID','Taxonomy Parent Product Group OID',NULL,NULL,NULL,NULL,NULL,NULL,NULL FROM DUAL WHERE NOT EXISTS (SELECT 1 FROM FT_T_FLDF WHERE FLD_ID= 'TAX10004');

INSERT INTO FT_T_FLDF (FLD_ID , LAST_CHG_TMS , LAST_CHG_USR_ID , FLD_DATA_CL_ID , FLD_TAG_TYP , PRNT_FLD_ID , FLD_DFLT_METH_NME , FLD_EDIT_METH_NME , DDL_NME , FILL_CHAR , JUST_TYP , CTL_TOT_ELIG_IND , FLD_USED_BY_TYP , DMN_TBL_TYP , FLD_DFLT_VAL_TXT , FLD_NME , FLD_DESC , DSPY_DATA_TYP , DSPY_INT_NUM , DSPY_DEC_NUM , DSPY_CAPTION_TXT , MN_VAL_CAMT , MX_VAL_CAMT , FLD_DFLT_CAMT) SELECT 'TAX10006','21-DEC-15','MHI:CSTM','LONGNAME',NULL,NULL,NULL,NULL,'TAX_PROD_ID',NULL,'L',NULL,'T',NULL,NULL,'Taxonomy Product ID','Taxonomy Product ID',NULL,NULL,NULL,NULL,NULL,NULL,NULL FROM DUAL WHERE NOT EXISTS (SELECT 1 FROM FT_T_FLDF WHERE FLD_ID= 'TAX10006');

INSERT INTO FT_T_FLDF (FLD_ID , LAST_CHG_TMS , LAST_CHG_USR_ID , FLD_DATA_CL_ID , FLD_TAG_TYP , PRNT_FLD_ID , FLD_DFLT_METH_NME , FLD_EDIT_METH_NME , DDL_NME , FILL_CHAR , JUST_TYP , CTL_TOT_ELIG_IND , FLD_USED_BY_TYP , DMN_TBL_TYP , FLD_DFLT_VAL_TXT , FLD_NME , FLD_DESC , DSPY_DATA_TYP , DSPY_INT_NUM , DSPY_DEC_NUM , DSPY_CAPTION_TXT , MN_VAL_CAMT , MX_VAL_CAMT , FLD_DFLT_CAMT) SELECT 'TAX10008','21-DEC-15','MHI:CSTM','LONGNAME',NULL,NULL,NULL,NULL,'TAX_PROD_ORG_ID',NULL,'L',NULL,'T',NULL,NULL,'Taxonomy Product Organization ID','Taxonomy Product Organization ID',NULL,NULL,NULL,NULL,NULL,NULL,NULL FROM DUAL WHERE NOT EXISTS (SELECT 1 FROM FT_T_FLDF WHERE FLD_ID= 'TAX10008');

INSERT INTO FT_T_FLDF (FLD_ID , LAST_CHG_TMS , LAST_CHG_USR_ID , FLD_DATA_CL_ID , FLD_TAG_TYP , PRNT_FLD_ID , FLD_DFLT_METH_NME , FLD_EDIT_METH_NME , DDL_NME , FILL_CHAR , JUST_TYP , CTL_TOT_ELIG_IND , FLD_USED_BY_TYP , DMN_TBL_TYP , FLD_DFLT_VAL_TXT , FLD_NME , FLD_DESC , DSPY_DATA_TYP , DSPY_INT_NUM , DSPY_DEC_NUM , DSPY_CAPTION_TXT , MN_VAL_CAMT , MX_VAL_CAMT , FLD_DFLT_CAMT) SELECT 'TAX10007','21-DEC-15','MHI:CSTM','LONGNAME',NULL,NULL,NULL,NULL,'TAX_SUB_PROD_ID',NULL,'L',NULL,'T',NULL,NULL,'Taxonomy Sub Product ID','Taxonomy Sub Product ID',NULL,NULL,NULL,NULL,NULL,NULL,NULL FROM DUAL WHERE NOT EXISTS (SELECT 1 FROM FT_T_FLDF WHERE FLD_ID= 'TAX10007');

INSERT INTO FT_T_FLDF (FLD_ID , LAST_CHG_TMS , LAST_CHG_USR_ID , FLD_DATA_CL_ID , FLD_TAG_TYP , PRNT_FLD_ID , FLD_DFLT_METH_NME , FLD_EDIT_METH_NME , DDL_NME , FILL_CHAR , JUST_TYP , CTL_TOT_ELIG_IND , FLD_USED_BY_TYP , DMN_TBL_TYP , FLD_DFLT_VAL_TXT , FLD_NME , FLD_DESC , DSPY_DATA_TYP , DSPY_INT_NUM , DSPY_DEC_NUM , DSPY_CAPTION_TXT , MN_VAL_CAMT , MX_VAL_CAMT , FLD_DFLT_CAMT) SELECT 'TAX10009','21-DEC-15','MHI:CSTM','LONGNAME',NULL,NULL,NULL,NULL,'TAX_SUB_PROD_ORG_ID',NULL,'L',NULL,'T',NULL,NULL,'Taxonomy Sub Product Organization ID','Taxonomy Sub Product Organization ID',NULL,NULL,NULL,NULL,NULL,NULL,NULL FROM DUAL WHERE NOT EXISTS (SELECT 1 FROM FT_T_FLDF WHERE FLD_ID= 'TAX10009');

 
INSERT INTO FT_T_CLDF (TBL_ID , COL_NME , FLD_ID , PRNT_TBL_ID , PRNT_COL_NME , COL_REQ_IND , DDL_DATA_TYP , COL_SQ_NUM , LAST_CHG_TMS , LAST_CHG_USR_ID , NATIVE_COL_IND , LOGL_NME , COL_DESC , DDL_BASE_DATA_TYP , DDL_DATA_LEN , DDL_DATA_PREC_NUM , DDL_DATA_SCALE_NUM , DDL_DATA_DFLT_TXT , COL_VIEW_NME , ORACLE_LOB_TXT , DB2_LOB_TXT , INFO_TYP_NME , COL_OBSOLETE_IND , COL_CMNT_TXT , DSPY_CAPTION_TXT , DMN_SET_ID , EDMV_USED_IND , VIRTUAL_COL_IND) VALUES ('TAX1','END_TMS','00007450',NULL,NULL,'N','TIMESTAMP(0)',13,'21-DEC-15','MHI:CSTM','Y','End Date/Time','This field specifies the date and time after which the table occurrence is no longer active.  A value of null in this field indicates that an End Date/Time is not given and that the table occurrence is active.  The End Date/Time is used in conjunction w','DATE',NULL,NULL,NULL,NULL,NULL,NULL,NULL,NULL,NULL,NULL,NULL,NULL,NULL,NULL);

INSERT INTO FT_T_CLDF (TBL_ID , COL_NME , FLD_ID , PRNT_TBL_ID , PRNT_COL_NME , COL_REQ_IND , DDL_DATA_TYP , COL_SQ_NUM , LAST_CHG_TMS , LAST_CHG_USR_ID , NATIVE_COL_IND , LOGL_NME , COL_DESC , DDL_BASE_DATA_TYP , DDL_DATA_LEN , DDL_DATA_PREC_NUM , DDL_DATA_SCALE_NUM , DDL_DATA_DFLT_TXT , COL_VIEW_NME , ORACLE_LOB_TXT , DB2_LOB_TXT , INFO_TYP_NME , COL_OBSOLETE_IND , COL_CMNT_TXT , DSPY_CAPTION_TXT , DMN_SET_ID , EDMV_USED_IND , VIRTUAL_COL_IND) VALUES ('TAX1','LAST_CHG_TMS','00003320',NULL,NULL,'Y','TIMESTAMP(0)',11,'21-DEC-15','MHI:CSTM','Y','Last Change Date/Time','This field contains the latest date and time that the values of the table occurrence on which this field resides were changed.','DATE',NULL,NULL,NULL,NULL,NULL,NULL,NULL,NULL,NULL,NULL,NULL,NULL,NULL,NULL);

INSERT INTO FT_T_CLDF (TBL_ID , COL_NME , FLD_ID , PRNT_TBL_ID , PRNT_COL_NME , COL_REQ_IND , DDL_DATA_TYP , COL_SQ_NUM , LAST_CHG_TMS , LAST_CHG_USR_ID , NATIVE_COL_IND , LOGL_NME , COL_DESC , DDL_BASE_DATA_TYP , DDL_DATA_LEN , DDL_DATA_PREC_NUM , DDL_DATA_SCALE_NUM , DDL_DATA_DFLT_TXT , COL_VIEW_NME , ORACLE_LOB_TXT , DB2_LOB_TXT , INFO_TYP_NME , COL_OBSOLETE_IND , COL_CMNT_TXT , DSPY_CAPTION_TXT , DMN_SET_ID , EDMV_USED_IND , VIRTUAL_COL_IND) VALUES ('TAX1','LAST_CHG_USR_ID','00003325',NULL,NULL,'Y','VARCHAR(256)',12,'21-DEC-15','MHI:CSTM','Y','Last Change User ID','This field contains the identifier of the last person or application that changed the values of the table occurrence on which this field resides.','VARCHAR',256,NULL,NULL,NULL,NULL,NULL,NULL,NULL,NULL,NULL,NULL,NULL,NULL,NULL);

INSERT INTO FT_T_CLDF (TBL_ID , COL_NME , FLD_ID , PRNT_TBL_ID , PRNT_COL_NME , COL_REQ_IND , DDL_DATA_TYP , COL_SQ_NUM , LAST_CHG_TMS , LAST_CHG_USR_ID , NATIVE_COL_IND , LOGL_NME , COL_DESC , DDL_BASE_DATA_TYP , DDL_DATA_LEN , DDL_DATA_PREC_NUM , DDL_DATA_SCALE_NUM , DDL_DATA_DFLT_TXT , COL_VIEW_NME , ORACLE_LOB_TXT , DB2_LOB_TXT , INFO_TYP_NME , COL_OBSOLETE_IND , COL_CMNT_TXT , DSPY_CAPTION_TXT , DMN_SET_ID , EDMV_USED_IND , VIRTUAL_COL_IND) VALUES ('TAX1','MHI_REF_NO','TAX10002',NULL,NULL,'Y','VARCHAR(10)',2,'21-DEC-15','MHI:CSTM','Y','MHI Taxonomy Reference Number','MHI Taxonomy Reference Number','NUMBER',10,NULL,NULL,NULL,NULL,NULL,NULL,NULL,NULL,NULL,NULL,NULL,NULL,NULL);

INSERT INTO FT_T_CLDF (TBL_ID , COL_NME , FLD_ID , PRNT_TBL_ID , PRNT_COL_NME , COL_REQ_IND , DDL_DATA_TYP , COL_SQ_NUM , LAST_CHG_TMS , LAST_CHG_USR_ID , NATIVE_COL_IND , LOGL_NME , COL_DESC , DDL_BASE_DATA_TYP , DDL_DATA_LEN , DDL_DATA_PREC_NUM , DDL_DATA_SCALE_NUM , DDL_DATA_DFLT_TXT , COL_VIEW_NME , ORACLE_LOB_TXT , DB2_LOB_TXT , INFO_TYP_NME , COL_OBSOLETE_IND , COL_CMNT_TXT , DSPY_CAPTION_TXT , DMN_SET_ID , EDMV_USED_IND , VIRTUAL_COL_IND) VALUES ('TAX1','START_TMS','00007490',NULL,NULL,'Y','TIMESTAMP(0)',10,'21-DEC-15','MHI:CSTM','Y','Start Date/Time','This field specifies the date and time from which the table occurrence is active.  In conjunction with the End Date/Time field, it determines the period when the table occurrence is active.','DATE',NULL,NULL,NULL,NULL,NULL,NULL,NULL,NULL,NULL,NULL,NULL,NULL,NULL,NULL);

INSERT INTO FT_T_CLDF (TBL_ID , COL_NME , FLD_ID , PRNT_TBL_ID , PRNT_COL_NME , COL_REQ_IND , DDL_DATA_TYP , COL_SQ_NUM , LAST_CHG_TMS , LAST_CHG_USR_ID , NATIVE_COL_IND , LOGL_NME , COL_DESC , DDL_BASE_DATA_TYP , DDL_DATA_LEN , DDL_DATA_PREC_NUM , DDL_DATA_SCALE_NUM , DDL_DATA_DFLT_TXT , COL_VIEW_NME , ORACLE_LOB_TXT , DB2_LOB_TXT , INFO_TYP_NME , COL_OBSOLETE_IND , COL_CMNT_TXT , DSPY_CAPTION_TXT , DMN_SET_ID , EDMV_USED_IND , VIRTUAL_COL_IND) VALUES ('TAX1','TAX1_OID','TAX10001',NULL,NULL,'Y','VARCHAR(10)',1,'21-DEC-15','MHI:CSTM','Y','Taxonomy ID','This field contains an arbitrary value that uniquely identifies an occurrence of this table.','VARCHAR',10,NULL,NULL,NULL,NULL,NULL,NULL,'OBJECT_IDENTIFIER',NULL,NULL,NULL,NULL,NULL,NULL);

INSERT INTO FT_T_CLDF (TBL_ID , COL_NME , FLD_ID , PRNT_TBL_ID , PRNT_COL_NME , COL_REQ_IND , DDL_DATA_TYP , COL_SQ_NUM , LAST_CHG_TMS , LAST_CHG_USR_ID , NATIVE_COL_IND , LOGL_NME , COL_DESC , DDL_BASE_DATA_TYP , DDL_DATA_LEN , DDL_DATA_PREC_NUM , DDL_DATA_SCALE_NUM , DDL_DATA_DFLT_TXT , COL_VIEW_NME , ORACLE_LOB_TXT , DB2_LOB_TXT , INFO_TYP_NME , COL_OBSOLETE_IND , COL_CMNT_TXT , DSPY_CAPTION_TXT , DMN_SET_ID , EDMV_USED_IND , VIRTUAL_COL_IND) VALUES ('TAX1','TAXONOMY_DESC','TAX10003',NULL,NULL,'N','VARCHAR(4000)',3,'21-DEC-15','MHI:CSTM','Y','Taxonomy Descritpion','Taxonomy Descritpion','VARCHAR',4000,NULL,NULL,NULL,NULL,NULL,NULL,NULL,NULL,NULL,NULL,NULL,NULL,NULL);

INSERT INTO FT_T_CLDF (TBL_ID , COL_NME , FLD_ID , PRNT_TBL_ID , PRNT_COL_NME , COL_REQ_IND , DDL_DATA_TYP , COL_SQ_NUM , LAST_CHG_TMS , LAST_CHG_USR_ID , NATIVE_COL_IND , LOGL_NME , COL_DESC , DDL_BASE_DATA_TYP , DDL_DATA_LEN , DDL_DATA_PREC_NUM , DDL_DATA_SCALE_NUM , DDL_DATA_DFLT_TXT , COL_VIEW_NME , ORACLE_LOB_TXT , DB2_LOB_TXT , INFO_TYP_NME , COL_OBSOLETE_IND , COL_CMNT_TXT , DSPY_CAPTION_TXT , DMN_SET_ID , EDMV_USED_IND , VIRTUAL_COL_IND) VALUES ('TAX1','TAX_ASST_GRP_OID','TAX10005',NULL,NULL,'Y','VARCHAR(10)',5,'21-DEC-15','MHI:CSTM','Y','Asset Class Group OID','Asset Class Group OID','VARCHAR',10,NULL,NULL,NULL,NULL,NULL,NULL,NULL,NULL,NULL,NULL,NULL,NULL,NULL);

INSERT INTO FT_T_CLDF (TBL_ID , COL_NME , FLD_ID , PRNT_TBL_ID , PRNT_COL_NME , COL_REQ_IND , DDL_DATA_TYP , COL_SQ_NUM , LAST_CHG_TMS , LAST_CHG_USR_ID , NATIVE_COL_IND , LOGL_NME , COL_DESC , DDL_BASE_DATA_TYP , DDL_DATA_LEN , DDL_DATA_PREC_NUM , DDL_DATA_SCALE_NUM , DDL_DATA_DFLT_TXT , COL_VIEW_NME , ORACLE_LOB_TXT , DB2_LOB_TXT , INFO_TYP_NME , COL_OBSOLETE_IND , COL_CMNT_TXT , DSPY_CAPTION_TXT , DMN_SET_ID , EDMV_USED_IND , VIRTUAL_COL_IND) VALUES ('TAX1','TAX_PROD_GRP_OID','TAX10004',NULL,NULL,'Y','VARCHAR(10)',4,'21-DEC-15','MHI:CSTM','Y','Parent Product Group OID','Parent Product Group OID','VARCHAR',10,NULL,NULL,NULL,NULL,NULL,NULL,NULL,NULL,NULL,NULL,NULL,NULL,NULL);

INSERT INTO FT_T_CLDF (TBL_ID , COL_NME , FLD_ID , PRNT_TBL_ID , PRNT_COL_NME , COL_REQ_IND , DDL_DATA_TYP , COL_SQ_NUM , LAST_CHG_TMS , LAST_CHG_USR_ID , NATIVE_COL_IND , LOGL_NME , COL_DESC , DDL_BASE_DATA_TYP , DDL_DATA_LEN , DDL_DATA_PREC_NUM , DDL_DATA_SCALE_NUM , DDL_DATA_DFLT_TXT , COL_VIEW_NME , ORACLE_LOB_TXT , DB2_LOB_TXT , INFO_TYP_NME , COL_OBSOLETE_IND , COL_CMNT_TXT , DSPY_CAPTION_TXT , DMN_SET_ID , EDMV_USED_IND , VIRTUAL_COL_IND) VALUES ('TAX1','TAX_PROD_ID','TAX10006',NULL,NULL,'Y','VARCHAR(8)',6,'21-DEC-15','MHI:CSTM','Y','Taxonomy Product ID','Taxonomy Product ID','VARCHAR',8,NULL,NULL,NULL,NULL,NULL,NULL,NULL,NULL,NULL,NULL,NULL,NULL,NULL);

INSERT INTO FT_T_CLDF (TBL_ID , COL_NME , FLD_ID , PRNT_TBL_ID , PRNT_COL_NME , COL_REQ_IND , DDL_DATA_TYP , COL_SQ_NUM , LAST_CHG_TMS , LAST_CHG_USR_ID , NATIVE_COL_IND , LOGL_NME , COL_DESC , DDL_BASE_DATA_TYP , DDL_DATA_LEN , DDL_DATA_PREC_NUM , DDL_DATA_SCALE_NUM , DDL_DATA_DFLT_TXT , COL_VIEW_NME , ORACLE_LOB_TXT , DB2_LOB_TXT , INFO_TYP_NME , COL_OBSOLETE_IND , COL_CMNT_TXT , DSPY_CAPTION_TXT , DMN_SET_ID , EDMV_USED_IND , VIRTUAL_COL_IND) VALUES ('TAX1','TAX_PROD_ORG_ID','TAX10008',NULL,NULL,'Y','VARCHAR(4)',8,'21-DEC-15','MHI:CSTM','Y','Taxonomy Product Organization ID','Taxonomy Product Organization ID','VARCHAR',4,NULL,NULL,NULL,NULL,NULL,NULL,NULL,NULL,NULL,NULL,NULL,NULL,NULL);

INSERT INTO FT_T_CLDF (TBL_ID , COL_NME , FLD_ID , PRNT_TBL_ID , PRNT_COL_NME , COL_REQ_IND , DDL_DATA_TYP , COL_SQ_NUM , LAST_CHG_TMS , LAST_CHG_USR_ID , NATIVE_COL_IND , LOGL_NME , COL_DESC , DDL_BASE_DATA_TYP , DDL_DATA_LEN , DDL_DATA_PREC_NUM , DDL_DATA_SCALE_NUM , DDL_DATA_DFLT_TXT , COL_VIEW_NME , ORACLE_LOB_TXT , DB2_LOB_TXT , INFO_TYP_NME , COL_OBSOLETE_IND , COL_CMNT_TXT , DSPY_CAPTION_TXT , DMN_SET_ID , EDMV_USED_IND , VIRTUAL_COL_IND) VALUES ('TAX1','TAX_SUB_PROD_ID','TAX10007',NULL,NULL,'N','VARCHAR(8)',7,'21-DEC-15','MHI:CSTM','Y','Taxonomy Sub Product ID','Taxonomy Sub Product ID','VARCHAR',8,NULL,NULL,NULL,NULL,NULL,NULL,NULL,NULL,NULL,NULL,NULL,NULL,NULL);

INSERT INTO FT_T_CLDF (TBL_ID , COL_NME , FLD_ID , PRNT_TBL_ID , PRNT_COL_NME , COL_REQ_IND , DDL_DATA_TYP , COL_SQ_NUM , LAST_CHG_TMS , LAST_CHG_USR_ID , NATIVE_COL_IND , LOGL_NME , COL_DESC , DDL_BASE_DATA_TYP , DDL_DATA_LEN , DDL_DATA_PREC_NUM , DDL_DATA_SCALE_NUM , DDL_DATA_DFLT_TXT , COL_VIEW_NME , ORACLE_LOB_TXT , DB2_LOB_TXT , INFO_TYP_NME , COL_OBSOLETE_IND , COL_CMNT_TXT , DSPY_CAPTION_TXT , DMN_SET_ID , EDMV_USED_IND , VIRTUAL_COL_IND) VALUES ('TAX1','TAX_SUB_PROD_ORG_ID','TAX10009',NULL,NULL,'N','VARCHAR(4)',9,'21-DEC-15','MHI:CSTM','Y','Taxonomy Sub Product Organization ID','Taxonomy Sub Product Organization ID','VARCHAR',4,NULL,NULL,NULL,NULL,NULL,NULL,NULL,NULL,NULL,NULL,NULL,NULL,NULL);

 
INSERT INTO FT_T_TIDX (TIDX_OID , TBL_ID , TBL_INDEX_NME , TBL_INDEX_TYP , LAST_CHG_TMS , LAST_CHG_USR_ID , TBL_INDEX_PARTITION_TYP , ORACLE_INIT_TRANS_NUM , REVERSE_INDEX_IND , BITMAP_INDEX_IND) VALUES ('TAX1P001==','TAX1','FT_T_TAX1_PK','P','21-DEC-15','MHI:CSTM',NULL,NULL,NULL,NULL);

INSERT INTO FT_T_TIDX (TIDX_OID , TBL_ID , TBL_INDEX_NME , TBL_INDEX_TYP , LAST_CHG_TMS , LAST_CHG_USR_ID , TBL_INDEX_PARTITION_TYP , ORACLE_INIT_TRANS_NUM , REVERSE_INDEX_IND , BITMAP_INDEX_IND) VALUES ('TAX1U001==','TAX1','FT_X_TAX1_U001','U','21-DEC-15','MHI:CSTM',NULL,NULL,NULL,NULL);

INSERT INTO FT_T_TIDX (TIDX_OID , TBL_ID , TBL_INDEX_NME , TBL_INDEX_TYP , LAST_CHG_TMS , LAST_CHG_USR_ID , TBL_INDEX_PARTITION_TYP , ORACLE_INIT_TRANS_NUM , REVERSE_INDEX_IND , BITMAP_INDEX_IND) VALUES ('TAX1U002==','TAX1','FT_X_TAX1_U002','U','21-DEC-15','MHI:CSTM',NULL,NULL,NULL,NULL);

 
INSERT INTO FT_T_TIDC (TIDC_OID , TIDX_OID , TBL_ID , COL_NME , COL_SQ_NUM , SORT_SEQ_TYP , LAST_CHG_TMS , LAST_CHG_USR_ID , COL_EXPR_TXT) VALUES ('TAX1P00101','TAX1P001==','TAX1','TAX1_OID',1,NULL,'21-DEC-15','MHI:CSTM',NULL);

INSERT INTO FT_T_TIDC (TIDC_OID , TIDX_OID , TBL_ID , COL_NME , COL_SQ_NUM , SORT_SEQ_TYP , LAST_CHG_TMS , LAST_CHG_USR_ID , COL_EXPR_TXT) VALUES ('TAX1U00101','TAX1U001==','TAX1','MHI_REF_NO',1,NULL,'21-DEC-15','MHI:CSTM',NULL);

INSERT INTO FT_T_TIDC (TIDC_OID , TIDX_OID , TBL_ID , COL_NME , COL_SQ_NUM , SORT_SEQ_TYP , LAST_CHG_TMS , LAST_CHG_USR_ID , COL_EXPR_TXT) VALUES ('TAX1U00201','TAX1U002==','TAX1','TAX_PROD_GRP_OID',1,NULL,'21-DEC-15','MHI:CSTM',NULL);

INSERT INTO FT_T_TIDC (TIDC_OID , TIDX_OID , TBL_ID , COL_NME , COL_SQ_NUM , SORT_SEQ_TYP , LAST_CHG_TMS , LAST_CHG_USR_ID , COL_EXPR_TXT) VALUES ('TAX1U00202','TAX1U002==','TAX1','TAX_ASST_GRP_OID',2,NULL,'21-DEC-15','MHI:CSTM',NULL);

INSERT INTO FT_T_TIDC (TIDC_OID , TIDX_OID , TBL_ID , COL_NME , COL_SQ_NUM , SORT_SEQ_TYP , LAST_CHG_TMS , LAST_CHG_USR_ID , COL_EXPR_TXT) VALUES ('TAX1U00203','TAX1U002==','TAX1','TAX_PROD_ID',3,NULL,'21-DEC-15','MHI:CSTM',NULL);

INSERT INTO FT_T_TIDC (TIDC_OID , TIDX_OID , TBL_ID , COL_NME , COL_SQ_NUM , SORT_SEQ_TYP , LAST_CHG_TMS , LAST_CHG_USR_ID , COL_EXPR_TXT) VALUES ('TAX1U00204','TAX1U002==','TAX1','TAX_PROD_ORG_ID',4,NULL,'21-DEC-15','MHI:CSTM',NULL);

INSERT INTO FT_T_TIDC (TIDC_OID , TIDX_OID , TBL_ID , COL_NME , COL_SQ_NUM , SORT_SEQ_TYP , LAST_CHG_TMS , LAST_CHG_USR_ID , COL_EXPR_TXT) VALUES ('TAX1U00205','TAX1U002==','TAX1','TAX_SUB_PROD_ID',5,NULL,'21-DEC-15','MHI:CSTM',NULL);

INSERT INTO FT_T_TIDC (TIDC_OID , TIDX_OID , TBL_ID , COL_NME , COL_SQ_NUM , SORT_SEQ_TYP , LAST_CHG_TMS , LAST_CHG_USR_ID , COL_EXPR_TXT) VALUES ('TAX1U00206','TAX1U002==','TAX1','TAX_SUB_PROD_ORG_ID',6,NULL,'21-DEC-15','MHI:CSTM',NULL);

INSERT INTO FT_T_TBDF (TBL_ID , LAST_CHG_TMS , LAST_CHG_USR_ID , DATA_MODL_VER_ID , TBL_NME , TBL_DESC , LAST_CMP_TMS , TBL_DDL_NME , TBL_CLSF_TYP , TBL_PROP_TO_NME , TBL_SUBJECT_AREA_NME , TBL_PRIN_APP_NME , TBL_OWNER_NME , TBL_DATA_OWNER_NME , TBL_DATA_TYP , TBL_DATA_UPD_RULE_TYP , TBL_OBSOLETE_IND , VDDB_SHARED_TBL_IND , PRODCTN_FIRST_INSTALL_TYP , PRODCTN_UPD_TYP , TBL_VIEW_NME , DATA_MODL_ID , TBL_CMNT_TXT , EST_TBL_SIZE_IND , LOGGING_IND , ORACLE_INIT_TRANS_NUM , ORACLE_PCT_FREE_NUM , DW_STANDALONE_IND , CDC_ENABLED_IND , AUDIT_ENABLED_IND , STAGING_ENABLED_IND , NON_RELATIONAL_TYP , LOCK_OCCUR_IND , BI_TEMPORAL_IND ) VALUES ('UPD1','13-MAY-17','MHI:CSTM','8.4.1.1','Entity Update Timestamp','Log entity level updates for FINS,CUST,ISSR,LAGR and ISSU types',NULL,'FT_T_UPD1','X',NULL,'Processing Environment','Other Processing',NULL,NULL,NULL,NULL,'N',NULL,NULL,NULL,'Entity_Update_TMS',NULL,NULL,NULL,NULL,NULL,NULL,NULL,NULL,NULL,NULL,NULL,NULL,NULL);

 
INSERT INTO FT_T_FLDF (FLD_ID , LAST_CHG_TMS , LAST_CHG_USR_ID , FLD_DATA_CL_ID , FLD_TAG_TYP , PRNT_FLD_ID , FLD_DFLT_METH_NME , FLD_EDIT_METH_NME , DDL_NME , FILL_CHAR , JUST_TYP , CTL_TOT_ELIG_IND , FLD_USED_BY_TYP , DMN_TBL_TYP , FLD_DFLT_VAL_TXT , FLD_NME , FLD_DESC , DSPY_DATA_TYP , DSPY_INT_NUM , DSPY_DEC_NUM , DSPY_CAPTION_TXT , MN_VAL_CAMT , MX_VAL_CAMT , FLD_DFLT_CAMT) SELECT '00181191','08-FEB-24','GS:MSYS','INDTYPE',NULL,NULL,NULL,NULL,'ENTITY_CHG_IND',' ','L',NULL,'T',NULL,NULL,'Entity Change Indicator','This field specifies if the entity has changed.  Valid values are: Created (C), Updated (U), Deleted (D), and No Change(N).','TEXT',NULL,NULL,'Entity Change Indicator',NULL,NULL,NULL FROM DUAL WHERE NOT EXISTS (SELECT 1 FROM FT_T_FLDF WHERE FLD_ID= '00181191');

INSERT INTO FT_T_FLDF (FLD_ID , LAST_CHG_TMS , LAST_CHG_USR_ID , FLD_DATA_CL_ID , FLD_TAG_TYP , PRNT_FLD_ID , FLD_DFLT_METH_NME , FLD_EDIT_METH_NME , DDL_NME , FILL_CHAR , JUST_TYP , CTL_TOT_ELIG_IND , FLD_USED_BY_TYP , DMN_TBL_TYP , FLD_DFLT_VAL_TXT , FLD_NME , FLD_DESC , DSPY_DATA_TYP , DSPY_INT_NUM , DSPY_DEC_NUM , DSPY_CAPTION_TXT , MN_VAL_CAMT , MX_VAL_CAMT , FLD_DFLT_CAMT) SELECT '00180312','19-NOV-24','GS:MSYS','TABLETYP',NULL,NULL,NULL,NULL,'ENTITY_TBL_TYP',' ','L',NULL,'T',NULL,NULL,'Entity Table Type','This field identifies the table ID of the entity.  For example, this would be "ISSU" for an Issue table.','TEXT',NULL,NULL,'Entity Table Type',NULL,NULL,NULL FROM DUAL WHERE NOT EXISTS (SELECT 1 FROM FT_T_FLDF WHERE FLD_ID= '00180312');

INSERT INTO FT_T_FLDF (FLD_ID , LAST_CHG_TMS , LAST_CHG_USR_ID , FLD_DATA_CL_ID , FLD_TAG_TYP , PRNT_FLD_ID , FLD_DFLT_METH_NME , FLD_EDIT_METH_NME , DDL_NME , FILL_CHAR , JUST_TYP , CTL_TOT_ELIG_IND , FLD_USED_BY_TYP , DMN_TBL_TYP , FLD_DFLT_VAL_TXT , FLD_NME , FLD_DESC , DSPY_DATA_TYP , DSPY_INT_NUM , DSPY_DEC_NUM , DSPY_CAPTION_TXT , MN_VAL_CAMT , MX_VAL_CAMT , FLD_DFLT_CAMT) SELECT 'UPD10002','13-MAY-17','MHI:CSTM','LONGNAME',NULL,NULL,NULL,NULL,'REFERENCE',NULL,'L',NULL,'T',NULL,NULL,'Reference','This field can contain related information such as user id.',NULL,NULL,NULL,NULL,NULL,NULL,NULL FROM DUAL WHERE NOT EXISTS (SELECT 1 FROM FT_T_FLDF WHERE FLD_ID= 'UPD10002');

INSERT INTO FT_T_FLDF (FLD_ID , LAST_CHG_TMS , LAST_CHG_USR_ID , FLD_DATA_CL_ID , FLD_TAG_TYP , PRNT_FLD_ID , FLD_DFLT_METH_NME , FLD_EDIT_METH_NME , DDL_NME , FILL_CHAR , JUST_TYP , CTL_TOT_ELIG_IND , FLD_USED_BY_TYP , DMN_TBL_TYP , FLD_DFLT_VAL_TXT , FLD_NME , FLD_DESC , DSPY_DATA_TYP , DSPY_INT_NUM , DSPY_DEC_NUM , DSPY_CAPTION_TXT , MN_VAL_CAMT , MX_VAL_CAMT , FLD_DFLT_CAMT) SELECT 'UPD10005','13-MAY-17','MHI:CSTM','NUMBER',NULL,NULL,NULL,NULL,'SEQUENCENO',NULL,'L',NULL,'T',NULL,NULL,'Log sequence number','This field contains unique sequence number unique to a record in FT_T_UPD1.','INTEGER',NULL,NULL,NULL,NULL,NULL,NULL FROM DUAL WHERE NOT EXISTS (SELECT 1 FROM FT_T_FLDF WHERE FLD_ID= 'UPD10005');

INSERT INTO FT_T_FLDF (FLD_ID , LAST_CHG_TMS , LAST_CHG_USR_ID , FLD_DATA_CL_ID , FLD_TAG_TYP , PRNT_FLD_ID , FLD_DFLT_METH_NME , FLD_EDIT_METH_NME , DDL_NME , FILL_CHAR , JUST_TYP , CTL_TOT_ELIG_IND , FLD_USED_BY_TYP , DMN_TBL_TYP , FLD_DFLT_VAL_TXT , FLD_NME , FLD_DESC , DSPY_DATA_TYP , DSPY_INT_NUM , DSPY_DEC_NUM , DSPY_CAPTION_TXT , MN_VAL_CAMT , MX_VAL_CAMT , FLD_DFLT_CAMT) SELECT '00080735','19-NOV-24','GS:MSYS','TRANSID',NULL,NULL,NULL,NULL,'TRN_ID',' ','L',NULL,'T',NULL,NULL,'Transaction ID','This field uniquely identifies a transaction.  This identifier is used throughout the life-cycle of the transaction.','TEXT',NULL,NULL,'Transaction ID',NULL,NULL,NULL FROM DUAL WHERE NOT EXISTS (SELECT 1 FROM FT_T_FLDF WHERE FLD_ID= '00080735');

INSERT INTO FT_T_FLDF (FLD_ID , LAST_CHG_TMS , LAST_CHG_USR_ID , FLD_DATA_CL_ID , FLD_TAG_TYP , PRNT_FLD_ID , FLD_DFLT_METH_NME , FLD_EDIT_METH_NME , DDL_NME , FILL_CHAR , JUST_TYP , CTL_TOT_ELIG_IND , FLD_USED_BY_TYP , DMN_TBL_TYP , FLD_DFLT_VAL_TXT , FLD_NME , FLD_DESC , DSPY_DATA_TYP , DSPY_INT_NUM , DSPY_DEC_NUM , DSPY_CAPTION_TXT , MN_VAL_CAMT , MX_VAL_CAMT , FLD_DFLT_CAMT) SELECT 'UPD10001','13-MAY-17','MHI:CSTM','OID',NULL,NULL,NULL,NULL,'UPD1_OID',NULL,'L',NULL,'T',NULL,NULL,'Entity Update Timestamp ID','This field contains an arbitrary value that uniquely identifies an occurrence of this table.',NULL,NULL,NULL,NULL,NULL,NULL,NULL FROM DUAL WHERE NOT EXISTS (SELECT 1 FROM FT_T_FLDF WHERE FLD_ID= 'UPD10001');

INSERT INTO FT_T_FLDF (FLD_ID , LAST_CHG_TMS , LAST_CHG_USR_ID , FLD_DATA_CL_ID , FLD_TAG_TYP , PRNT_FLD_ID , FLD_DFLT_METH_NME , FLD_EDIT_METH_NME , DDL_NME , FILL_CHAR , JUST_TYP , CTL_TOT_ELIG_IND , FLD_USED_BY_TYP , DMN_TBL_TYP , FLD_DFLT_VAL_TXT , FLD_NME , FLD_DESC , DSPY_DATA_TYP , DSPY_INT_NUM , DSPY_DEC_NUM , DSPY_CAPTION_TXT , MN_VAL_CAMT , MX_VAL_CAMT , FLD_DFLT_CAMT) SELECT 'UPD10003','13-MAY-17','MHI:CSTM','DATETIME',NULL,NULL,NULL,NULL,'UPDATED_TMSMP',NULL,'L',NULL,'T',NULL,NULL,'Update Timestamp','This field contains the timestamp for updted entity for audit.','DATETIME',NULL,NULL,NULL,NULL,NULL,NULL FROM DUAL WHERE NOT EXISTS (SELECT 1 FROM FT_T_FLDF WHERE FLD_ID= 'UPD10003');

INSERT INTO FT_T_FLDF (FLD_ID , LAST_CHG_TMS , LAST_CHG_USR_ID , FLD_DATA_CL_ID , FLD_TAG_TYP , PRNT_FLD_ID , FLD_DFLT_METH_NME , FLD_EDIT_METH_NME , DDL_NME , FILL_CHAR , JUST_TYP , CTL_TOT_ELIG_IND , FLD_USED_BY_TYP , DMN_TBL_TYP , FLD_DFLT_VAL_TXT , FLD_NME , FLD_DESC , DSPY_DATA_TYP , DSPY_INT_NUM , DSPY_DEC_NUM , DSPY_CAPTION_TXT , MN_VAL_CAMT , MX_VAL_CAMT , FLD_DFLT_CAMT) SELECT 'UPD10004','13-MAY-17','MHI:CSTM','NUMBER',NULL,NULL,NULL,NULL,'VERSION',NULL,'L',NULL,'T',NULL,NULL,'Version','Version number',NULL,NULL,NULL,NULL,NULL,NULL,NULL FROM DUAL WHERE NOT EXISTS (SELECT 1 FROM FT_T_FLDF WHERE FLD_ID= 'UPD10004');

INSERT INTO FT_T_FLDF (FLD_ID , LAST_CHG_TMS , LAST_CHG_USR_ID , FLD_DATA_CL_ID , FLD_TAG_TYP , PRNT_FLD_ID , FLD_DFLT_METH_NME , FLD_EDIT_METH_NME , DDL_NME , FILL_CHAR , JUST_TYP , CTL_TOT_ELIG_IND , FLD_USED_BY_TYP , DMN_TBL_TYP , FLD_DFLT_VAL_TXT , FLD_NME , FLD_DESC , DSPY_DATA_TYP , DSPY_INT_NUM , DSPY_DEC_NUM , DSPY_CAPTION_TXT , MN_VAL_CAMT , MX_VAL_CAMT , FLD_DFLT_CAMT) SELECT '00102682','19-NOV-24','GS:MSYS','OIDV16',NULL,NULL,NULL,NULL,'XREF_TBL_ROW_OID',NULL,'L',NULL,'T',NULL,NULL,'Cross Reference Table Row Identifier','This field contains the unique row identifier for the specific row in the table identified by the Cross Reference Table Type field.','TEXT',NULL,NULL,'Cross Reference Table Row Identifier',NULL,NULL,NULL FROM DUAL WHERE NOT EXISTS (SELECT 1 FROM FT_T_FLDF WHERE FLD_ID= '00102682');

 
INSERT INTO FT_T_CLDF (TBL_ID , COL_NME , FLD_ID , PRNT_TBL_ID , PRNT_COL_NME , COL_REQ_IND , DDL_DATA_TYP , COL_SQ_NUM , LAST_CHG_TMS , LAST_CHG_USR_ID , NATIVE_COL_IND , LOGL_NME , COL_DESC , DDL_BASE_DATA_TYP , DDL_DATA_LEN , DDL_DATA_PREC_NUM , DDL_DATA_SCALE_NUM , DDL_DATA_DFLT_TXT , COL_VIEW_NME , ORACLE_LOB_TXT , DB2_LOB_TXT , INFO_TYP_NME , COL_OBSOLETE_IND , COL_CMNT_TXT , DSPY_CAPTION_TXT , DMN_SET_ID , EDMV_USED_IND , VIRTUAL_COL_IND) VALUES ('UPD1','ENTITY_CHG_IND','00181191',NULL,NULL,'N','CHAR',7,'13-MAY-17','MHI:CSTM','Y','Entity Change Indicator','C for create, U for Update and D for delete','VARCHAR',1,NULL,NULL,NULL,NULL,NULL,NULL,NULL,NULL,NULL,NULL,NULL,NULL,NULL);

INSERT INTO FT_T_CLDF (TBL_ID , COL_NME , FLD_ID , PRNT_TBL_ID , PRNT_COL_NME , COL_REQ_IND , DDL_DATA_TYP , COL_SQ_NUM , LAST_CHG_TMS , LAST_CHG_USR_ID , NATIVE_COL_IND , LOGL_NME , COL_DESC , DDL_BASE_DATA_TYP , DDL_DATA_LEN , DDL_DATA_PREC_NUM , DDL_DATA_SCALE_NUM , DDL_DATA_DFLT_TXT , COL_VIEW_NME , ORACLE_LOB_TXT , DB2_LOB_TXT , INFO_TYP_NME , COL_OBSOLETE_IND , COL_CMNT_TXT , DSPY_CAPTION_TXT , DMN_SET_ID , EDMV_USED_IND , VIRTUAL_COL_IND) VALUES ('UPD1','ENTITY_TBL_TYP','00180312',NULL,NULL,'Y','VARCHAR(4)',2,'13-MAY-17','MHI:CSTM','Y','Entity Table Type','Entity Table Type','VARCHAR',4,NULL,NULL,NULL,NULL,NULL,NULL,NULL,NULL,NULL,NULL,NULL,NULL,NULL);

INSERT INTO FT_T_CLDF (TBL_ID , COL_NME , FLD_ID , PRNT_TBL_ID , PRNT_COL_NME , COL_REQ_IND , DDL_DATA_TYP , COL_SQ_NUM , LAST_CHG_TMS , LAST_CHG_USR_ID , NATIVE_COL_IND , LOGL_NME , COL_DESC , DDL_BASE_DATA_TYP , DDL_DATA_LEN , DDL_DATA_PREC_NUM , DDL_DATA_SCALE_NUM , DDL_DATA_DFLT_TXT , COL_VIEW_NME , ORACLE_LOB_TXT , DB2_LOB_TXT , INFO_TYP_NME , COL_OBSOLETE_IND , COL_CMNT_TXT , DSPY_CAPTION_TXT , DMN_SET_ID , EDMV_USED_IND , VIRTUAL_COL_IND) VALUES ('UPD1','REFERENCE','UPD10002',NULL,NULL,'N','VARCHAR(100)',6,'13-MAY-17','MHI:CSTM','Y','Reference','This field contains further information of the updating process such as user id.','VARCHAR',100,NULL,NULL,NULL,NULL,NULL,NULL,NULL,NULL,NULL,NULL,NULL,NULL,NULL);

INSERT INTO FT_T_CLDF (TBL_ID , COL_NME , FLD_ID , PRNT_TBL_ID , PRNT_COL_NME , COL_REQ_IND , DDL_DATA_TYP , COL_SQ_NUM , LAST_CHG_TMS , LAST_CHG_USR_ID , NATIVE_COL_IND , LOGL_NME , COL_DESC , DDL_BASE_DATA_TYP , DDL_DATA_LEN , DDL_DATA_PREC_NUM , DDL_DATA_SCALE_NUM , DDL_DATA_DFLT_TXT , COL_VIEW_NME , ORACLE_LOB_TXT , DB2_LOB_TXT , INFO_TYP_NME , COL_OBSOLETE_IND , COL_CMNT_TXT , DSPY_CAPTION_TXT , DMN_SET_ID , EDMV_USED_IND , VIRTUAL_COL_IND) VALUES ('UPD1','SEQUENCENO','UPD10005',NULL,NULL,'N','NUMERIC(38)',9,'13-MAY-17','MHI:CSTM','Y','Log sequence number','Log sequence number','NUMBER',NULL,38,NULL,NULL,NULL,NULL,NULL,'FULL_NUMBER',NULL,NULL,NULL,NULL,NULL,NULL);

INSERT INTO FT_T_CLDF (TBL_ID , COL_NME , FLD_ID , PRNT_TBL_ID , PRNT_COL_NME , COL_REQ_IND , DDL_DATA_TYP , COL_SQ_NUM , LAST_CHG_TMS , LAST_CHG_USR_ID , NATIVE_COL_IND , LOGL_NME , COL_DESC , DDL_BASE_DATA_TYP , DDL_DATA_LEN , DDL_DATA_PREC_NUM , DDL_DATA_SCALE_NUM , DDL_DATA_DFLT_TXT , COL_VIEW_NME , ORACLE_LOB_TXT , DB2_LOB_TXT , INFO_TYP_NME , COL_OBSOLETE_IND , COL_CMNT_TXT , DSPY_CAPTION_TXT , DMN_SET_ID , EDMV_USED_IND , VIRTUAL_COL_IND) VALUES ('UPD1','TRN_ID','00080735',NULL,NULL,'N','VARCHAR(16)',5,'13-MAY-17','MHI:CSTM','Y','Updating Transaction ID','This field is to identify the process updates the entity. Typically the transaction ID generated in GS Engines.','VARCHAR',16,NULL,NULL,NULL,NULL,NULL,NULL,NULL,NULL,NULL,NULL,NULL,NULL,NULL);

INSERT INTO FT_T_CLDF (TBL_ID , COL_NME , FLD_ID , PRNT_TBL_ID , PRNT_COL_NME , COL_REQ_IND , DDL_DATA_TYP , COL_SQ_NUM , LAST_CHG_TMS , LAST_CHG_USR_ID , NATIVE_COL_IND , LOGL_NME , COL_DESC , DDL_BASE_DATA_TYP , DDL_DATA_LEN , DDL_DATA_PREC_NUM , DDL_DATA_SCALE_NUM , DDL_DATA_DFLT_TXT , COL_VIEW_NME , ORACLE_LOB_TXT , DB2_LOB_TXT , INFO_TYP_NME , COL_OBSOLETE_IND , COL_CMNT_TXT , DSPY_CAPTION_TXT , DMN_SET_ID , EDMV_USED_IND , VIRTUAL_COL_IND) VALUES ('UPD1','UPD1_OID','UPD10001',NULL,NULL,'Y','VARCHAR(10)',1,'13-MAY-17','MHI:CSTM','Y','Entity Update Timestamp ID','This field contains an arbitrary value that uniquely identifies an occurrence of this table.','VARCHAR',10,NULL,NULL,NULL,NULL,NULL,NULL,'OBJECT_IDENTIFIER',NULL,NULL,NULL,NULL,NULL,NULL);

INSERT INTO FT_T_CLDF (TBL_ID , COL_NME , FLD_ID , PRNT_TBL_ID , PRNT_COL_NME , COL_REQ_IND , DDL_DATA_TYP , COL_SQ_NUM , LAST_CHG_TMS , LAST_CHG_USR_ID , NATIVE_COL_IND , LOGL_NME , COL_DESC , DDL_BASE_DATA_TYP , DDL_DATA_LEN , DDL_DATA_PREC_NUM , DDL_DATA_SCALE_NUM , DDL_DATA_DFLT_TXT , COL_VIEW_NME , ORACLE_LOB_TXT , DB2_LOB_TXT , INFO_TYP_NME , COL_OBSOLETE_IND , COL_CMNT_TXT , DSPY_CAPTION_TXT , DMN_SET_ID , EDMV_USED_IND , VIRTUAL_COL_IND) VALUES ('UPD1','UPDATED_TMSMP','UPD10003',NULL,NULL,'N','TIMESTAMP(0)',4,'13-MAY-17','MHI:CSTM','Y','Last Update Timestanp','This field contains the latest timestamp that the values of the table occurrence on which this field resides were changed.','DATE',NULL,NULL,NULL,NULL,NULL,NULL,NULL,'DATE/TIME',NULL,NULL,NULL,NULL,NULL,NULL);

INSERT INTO FT_T_CLDF (TBL_ID , COL_NME , FLD_ID , PRNT_TBL_ID , PRNT_COL_NME , COL_REQ_IND , DDL_DATA_TYP , COL_SQ_NUM , LAST_CHG_TMS , LAST_CHG_USR_ID , NATIVE_COL_IND , LOGL_NME , COL_DESC , DDL_BASE_DATA_TYP , DDL_DATA_LEN , DDL_DATA_PREC_NUM , DDL_DATA_SCALE_NUM , DDL_DATA_DFLT_TXT , COL_VIEW_NME , ORACLE_LOB_TXT , DB2_LOB_TXT , INFO_TYP_NME , COL_OBSOLETE_IND , COL_CMNT_TXT , DSPY_CAPTION_TXT , DMN_SET_ID , EDMV_USED_IND , VIRTUAL_COL_IND) VALUES ('UPD1','VERSION','UPD10004',NULL,NULL,'N','BIGINT',8,'13-MAY-17','MHI:CSTM','Y','Entity Version Number','Entity Version Number','NUMBER',10,10,NULL,NULL,'Entity_Version',NULL,NULL,NULL,NULL,NULL,NULL,NULL,NULL,NULL);

INSERT INTO FT_T_CLDF (TBL_ID , COL_NME , FLD_ID , PRNT_TBL_ID , PRNT_COL_NME , COL_REQ_IND , DDL_DATA_TYP , COL_SQ_NUM , LAST_CHG_TMS , LAST_CHG_USR_ID , NATIVE_COL_IND , LOGL_NME , COL_DESC , DDL_BASE_DATA_TYP , DDL_DATA_LEN , DDL_DATA_PREC_NUM , DDL_DATA_SCALE_NUM , DDL_DATA_DFLT_TXT , COL_VIEW_NME , ORACLE_LOB_TXT , DB2_LOB_TXT , INFO_TYP_NME , COL_OBSOLETE_IND , COL_CMNT_TXT , DSPY_CAPTION_TXT , DMN_SET_ID , EDMV_USED_IND , VIRTUAL_COL_IND) VALUES ('UPD1','XREF_TBL_ROW_OID','00102682',NULL,NULL,'Y','VARCHAR(12)',3,'13-MAY-17','MHI:CSTM','Y','Cross Reference Table Row Identifier','This field contains the unique row identifier for the specific row in the main table updated by this message.For example, this field would typically contain the Instrument ID when the Cross Reference Table Type is "ISSU" (Issue table).','VARCHAR',12,NULL,NULL,NULL,NULL,NULL,NULL,'OBJECT_IDENTIFIER-V12',NULL,NULL,NULL,NULL,NULL,NULL);

 
INSERT INTO FT_T_TIDX (TIDX_OID , TBL_ID , TBL_INDEX_NME , TBL_INDEX_TYP , LAST_CHG_TMS , LAST_CHG_USR_ID , TBL_INDEX_PARTITION_TYP , ORACLE_INIT_TRANS_NUM , REVERSE_INDEX_IND , BITMAP_INDEX_IND) VALUES ('UPD1P001==','UPD1','FT_T_UPD1_PK','P','13-MAY-17','MHI:CSTM',NULL,NULL,NULL,NULL);

 
INSERT INTO FT_T_TIDC (TIDC_OID , TIDX_OID , TBL_ID , COL_NME , COL_SQ_NUM , SORT_SEQ_TYP , LAST_CHG_TMS , LAST_CHG_USR_ID , COL_EXPR_TXT) VALUES ('UPD1P00101','UPD1P001==','UPD1','UPD1_OID',1,NULL,'13-MAY-17','MHI:CSTM',NULL);

---LAV1----

INSERT INTO FT_T_TBRL
(TBRL_OID, TBL_ID, REF_TBL_ID, TBL_FGN_KEY_ID, TBL_MERGE_TYP, TBL_DUP_ERROR_IND, LAST_CHG_TMS, LAST_CHG_USR_ID, PRIM_KEY_CMPNT_IND, LOGL_ONLY_IND, RFI_RULE_TYP, CHILD_TO_PRNT_TXT, CHILD_TO_PRNT_REQ_IND, CHILD_TO_PRNT_CARD_TYP, PRNT_TO_CHILD_TXT, PRNT_TO_CHILD_REQ_IND, PRNT_TO_CHILD_CARD_TYP, ALT_LOGL_KEY, REF_PARTITION_IND)
VALUES('LAV1LAGR01', 'LAV1', 'LAGR', 'FT_T_LAV1_F002', NULL, NULL, sysdate(), 'MHICSTM', NULL, 'N', 'R', 'can represent a', 'N', '0,1', 'acts as', 'N', '0,M', NULL, NULL);

INSERT INTO FT_T_TBRN
(TBRN_OID, TBRL_OID, TBL_ID, COL_NME, COL_SQ_NUM, LAST_CHG_TMS, LAST_CHG_USR_ID)
VALUES('LAV1F00201', 'LAV1LAGR01', 'LAV1', 'LEG_AGRMNT_ID', 1, sysdate(), 'MHICSTM');
INSERT INTO FT_T_TBRN
(TBRN_OID, TBRL_OID, TBL_ID, COL_NME, COL_SQ_NUM, LAST_CHG_TMS, LAST_CHG_USR_ID)
VALUES('LAV1F00202', 'LAV1LAGR01', 'LAV1', 'ORG_ID', 2, sysdate(), 'MHICSTM');

INSERT INTO FT_T_TIDX
(TIDX_OID, TBL_ID, TBL_INDEX_NME, TBL_INDEX_TYP, LAST_CHG_TMS, LAST_CHG_USR_ID, TBL_INDEX_PARTITION_TYP, ORACLE_INIT_TRANS_NUM, REVERSE_INDEX_IND, BITMAP_INDEX_IND)
VALUES('LAV1P001==', 'LAV1', 'FT_T_LAV1_PK', 'P', sysdate(), 'MHICSTM', NULL, NULL, NULL, NULL);
INSERT INTO FT_T_TIDX
(TIDX_OID, TBL_ID, TBL_INDEX_NME, TBL_INDEX_TYP, LAST_CHG_TMS, LAST_CHG_USR_ID, TBL_INDEX_PARTITION_TYP, ORACLE_INIT_TRANS_NUM, REVERSE_INDEX_IND, BITMAP_INDEX_IND)
VALUES('LAV1U001==', 'LAV1', 'FT_X_LAV1_U001', 'U', sysdate(), 'MHICSTM', NULL, NULL, NULL, NULL);

INSERT INTO FT_T_TIDC
(TIDC_OID, TIDX_OID, TBL_ID, COL_NME, COL_SQ_NUM, SORT_SEQ_TYP, LAST_CHG_TMS, LAST_CHG_USR_ID, COL_EXPR_TXT)
VALUES('LAV1P00101', 'LAV1P001==', 'LAV1', 'LAV1_OID', 1, NULL, sysdate(), 'MHICSTM', NULL);
INSERT INTO FT_T_TIDC
(TIDC_OID, TIDX_OID, TBL_ID, COL_NME, COL_SQ_NUM, SORT_SEQ_TYP, LAST_CHG_TMS, LAST_CHG_USR_ID, COL_EXPR_TXT)
VALUES('LAV1U00101', 'LAV1U001==', 'LAV1', 'VERSION_NO', 1, NULL, sysdate(), 'MHICSTM', NULL);
INSERT INTO FT_T_TIDC
(TIDC_OID, TIDX_OID, TBL_ID, COL_NME, COL_SQ_NUM, SORT_SEQ_TYP, LAST_CHG_TMS, LAST_CHG_USR_ID, COL_EXPR_TXT)
VALUES('LAV1U00102', 'LAV1U001==', 'LAV1', 'LAAN_OID', 1, NULL, sysdate(), 'MHICSTM', NULL);
INSERT INTO FT_T_TIDC
(TIDC_OID, TIDX_OID, TBL_ID, COL_NME, COL_SQ_NUM, SORT_SEQ_TYP, LAST_CHG_TMS, LAST_CHG_USR_ID, COL_EXPR_TXT)
VALUES('LAV1U00103', 'LAV1U001==', 'LAV1', 'START_TMS', 1, NULL, sysdate(), 'MHICSTM', NULL);
INSERT INTO FT_T_TIDC
(TIDC_OID, TIDX_OID, TBL_ID, COL_NME, COL_SQ_NUM, SORT_SEQ_TYP, LAST_CHG_TMS, LAST_CHG_USR_ID, COL_EXPR_TXT)
VALUES('LAV1U00104', 'LAV1U001==', 'LAV1', 'LEG_AGRMNT_ID', 1, NULL, sysdate(), 'MHICSTM', NULL);
INSERT INTO FT_T_TIDC
(TIDC_OID, TIDX_OID, TBL_ID, COL_NME, COL_SQ_NUM, SORT_SEQ_TYP, LAST_CHG_TMS, LAST_CHG_USR_ID, COL_EXPR_TXT)
VALUES('LAV1U00105', 'LAV1U001==', 'LAV1', 'ORG_ID', 1, NULL, sysdate(), 'MHICSTM', NULL);
INSERT INTO FT_T_TIDC
(TIDC_OID, TIDX_OID, TBL_ID, COL_NME, COL_SQ_NUM, SORT_SEQ_TYP, LAST_CHG_TMS, LAST_CHG_USR_ID, COL_EXPR_TXT)
VALUES('LAV1U00106', 'LAV1U001==', 'LAV1', 'FLAR_OID', 1, NULL, sysdate(), 'MHICSTM', NULL);

--------AFD1------

INSERT INTO FT_T_TBRL
(TBRL_OID, TBL_ID, REF_TBL_ID, TBL_FGN_KEY_ID, TBL_MERGE_TYP, TBL_DUP_ERROR_IND, LAST_CHG_TMS, LAST_CHG_USR_ID, PRIM_KEY_CMPNT_IND, LOGL_ONLY_IND, RFI_RULE_TYP, CHILD_TO_PRNT_TXT, CHILD_TO_PRNT_REQ_IND, CHILD_TO_PRNT_CARD_TYP, PRNT_TO_CHILD_TXT, PRNT_TO_CHILD_REQ_IND, PRNT_TO_CHILD_CARD_TYP, ALT_LOGL_KEY, REF_PARTITION_IND)
VALUES('AFD1LAGR01', 'AFD1', 'LAGR', 'FT_T_AFD1_F001', NULL, NULL, TIMESTAMP '2016-03-07 14:46:53.000000', 'MHICSTM', NULL, 'N', 'R', 'can represent a', 'N', '0,1', 'acts as', 'N', '0,M', NULL, NULL);

INSERT INTO FT_T_TBRN
(TBRN_OID, TBRL_OID, TBL_ID, COL_NME, COL_SQ_NUM, LAST_CHG_TMS, LAST_CHG_USR_ID)
VALUES('AFD1F00101', 'AFD1LAGR01', 'AFD1', 'LEG_AGRMNT_ID', 1, sysdate(), 'MHICSTM');

INSERT INTO FT_T_TBRN
(TBRN_OID, TBRL_OID, TBL_ID, COL_NME, COL_SQ_NUM, LAST_CHG_TMS, LAST_CHG_USR_ID)
VALUES('AFD1F00102', 'AFD1LAGR01', 'AFD1', 'ORG_ID', 2, sysdate(), 'MHICSTM');

INSERT INTO FT_T_TIDX
(TIDX_OID, TBL_ID, TBL_INDEX_NME, TBL_INDEX_TYP, LAST_CHG_TMS, LAST_CHG_USR_ID, TBL_INDEX_PARTITION_TYP, ORACLE_INIT_TRANS_NUM, REVERSE_INDEX_IND, BITMAP_INDEX_IND)
VALUES('AFD1P001==', 'AFD1', 'FT_T_AFD1_PK', 'P', sysdate(), 'MHICSTM', NULL, NULL, NULL, NULL);

INSERT INTO FT_T_TIDX
(TIDX_OID, TBL_ID, TBL_INDEX_NME, TBL_INDEX_TYP, LAST_CHG_TMS, LAST_CHG_USR_ID, TBL_INDEX_PARTITION_TYP, ORACLE_INIT_TRANS_NUM, REVERSE_INDEX_IND, BITMAP_INDEX_IND)
VALUES('AFD1U001==', 'AFD1', 'FT_X_AFD1_U001', 'U', sysdate(), 'MHICSTM', NULL, NULL, NULL, NULL);

INSERT INTO FT_T_TIDC
(TIDC_OID, TIDX_OID, TBL_ID, COL_NME, COL_SQ_NUM, SORT_SEQ_TYP, LAST_CHG_TMS, LAST_CHG_USR_ID, COL_EXPR_TXT)
VALUES('AFD1P00101', 'AFD1P001==', 'AFD1', 'AFD1_OID', 1, NULL, sysdate(), 'MHICSTM', NULL);
INSERT INTO FT_T_TIDC
(TIDC_OID, TIDX_OID, TBL_ID, COL_NME, COL_SQ_NUM, SORT_SEQ_TYP, LAST_CHG_TMS, LAST_CHG_USR_ID, COL_EXPR_TXT)
VALUES('AFD1U00101', 'AFD1U001==', 'AFD1', 'FREQ_SP_TYP', 1, NULL, sysdate(), 'MHICSTM', NULL);
INSERT INTO FT_T_TIDC
(TIDC_OID, TIDX_OID, TBL_ID, COL_NME, COL_SQ_NUM, SORT_SEQ_TYP, LAST_CHG_TMS, LAST_CHG_USR_ID, COL_EXPR_TXT)
VALUES('AFD1U00102', 'AFD1U001==', 'AFD1', 'LEG_AGRMNT_ID', 1, NULL, sysdate(), 'MHICSTM', NULL);
INSERT INTO FT_T_TIDC
(TIDC_OID, TIDX_OID, TBL_ID, COL_NME, COL_SQ_NUM, SORT_SEQ_TYP, LAST_CHG_TMS, LAST_CHG_USR_ID, COL_EXPR_TXT)
VALUES('AFD1U00107', 'AFD1U001==', 'AFD1', 'ORG_ID', 1, NULL, sysdate(), 'MHICSTM', NULL);
INSERT INTO FT_T_TIDC
(TIDC_OID, TIDX_OID, TBL_ID, COL_NME, COL_SQ_NUM, SORT_SEQ_TYP, LAST_CHG_TMS, LAST_CHG_USR_ID, COL_EXPR_TXT)
VALUES('AFD1U00103', 'AFD1U001==', 'AFD1', 'FREQ_DY_WEEK_TYP', 1, NULL, sysdate(), 'MHICSTM', NULL);
INSERT INTO FT_T_TIDC
(TIDC_OID, TIDX_OID, TBL_ID, COL_NME, COL_SQ_NUM, SORT_SEQ_TYP, LAST_CHG_TMS, LAST_CHG_USR_ID, COL_EXPR_TXT)
VALUES('AFD1U00104', 'AFD1U001==', 'AFD1', 'FREQ_DY_MNTH_TYP', 1, NULL, sysdate(), 'MHICSTM', NULL);
INSERT INTO FT_T_TIDC
(TIDC_OID, TIDX_OID, TBL_ID, COL_NME, COL_SQ_NUM, SORT_SEQ_TYP, LAST_CHG_TMS, LAST_CHG_USR_ID, COL_EXPR_TXT)
VALUES('AFD1U00105', 'AFD1U001==', 'AFD1', 'FREQ_MNTH_ORD_TYP', 1, NULL, sysdate(), 'MHICSTM', NULL);
INSERT INTO FT_T_TIDC
(TIDC_OID, TIDX_OID, TBL_ID, COL_NME, COL_SQ_NUM, SORT_SEQ_TYP, LAST_CHG_TMS, LAST_CHG_USR_ID, COL_EXPR_TXT)
VALUES('AFD1U00106', 'AFD1U001==', 'AFD1', 'RL_TYP', 1, NULL, sysdate(), 'MHICSTM', NULL);
commit;

----------CLM1------

INSERT INTO FT_T_TBRL
(TBRL_OID, TBL_ID, REF_TBL_ID, TBL_FGN_KEY_ID, TBL_MERGE_TYP, TBL_DUP_ERROR_IND, LAST_CHG_TMS, LAST_CHG_USR_ID, PRIM_KEY_CMPNT_IND, LOGL_ONLY_IND, RFI_RULE_TYP, CHILD_TO_PRNT_TXT, CHILD_TO_PRNT_REQ_IND, CHILD_TO_PRNT_CARD_TYP, PRNT_TO_CHILD_TXT, PRNT_TO_CHILD_REQ_IND, PRNT_TO_CHILD_CARD_TYP, ALT_LOGL_KEY, REF_PARTITION_IND)
VALUES('CLM1LAGR01', 'CLM1', 'LAGR', 'FT_T_CLM1_F001', NULL, NULL, sysdate(), 'MHICSTM', NULL, 'N', 'R', 'can represent a', 'N', '0,1', 'acts as', 'N', '0,M', NULL, NULL);

INSERT INTO FT_T_TBRN
(TBRN_OID, TBRL_OID, TBL_ID, COL_NME, COL_SQ_NUM, LAST_CHG_TMS, LAST_CHG_USR_ID)
VALUES('CLM1F00101', 'CLM1LAGR01', 'CLM1', 'LEG_AGRMNT_ID', 1,sysdate(), 'MHICSTM');
INSERT INTO FT_T_TBRN
(TBRN_OID, TBRL_OID, TBL_ID, COL_NME, COL_SQ_NUM, LAST_CHG_TMS, LAST_CHG_USR_ID)
VALUES('CLM1F00102', 'CLM1LAGR01', 'CLM1', 'ORG_ID', 2, sysdate(), 'MHICSTM');

INSERT INTO FT_T_TIDX
(TIDX_OID, TBL_ID, TBL_INDEX_NME, TBL_INDEX_TYP, LAST_CHG_TMS, LAST_CHG_USR_ID, TBL_INDEX_PARTITION_TYP, ORACLE_INIT_TRANS_NUM, REVERSE_INDEX_IND, BITMAP_INDEX_IND)
VALUES('CLM1P001==', 'CLM1', 'FT_T_CLM1_PK', 'P', sysdate(), 'MHICSTM', NULL, NULL, NULL, NULL);

INSERT INTO FT_T_TIDC
(TIDC_OID, TIDX_OID, TBL_ID, COL_NME, COL_SQ_NUM, SORT_SEQ_TYP, LAST_CHG_TMS, LAST_CHG_USR_ID, COL_EXPR_TXT)
VALUES('CLM1P00101', 'CLM1P001==', 'CLM1', 'CLM1_OID', 1, NULL, sysdate(), 'MHICSTM', NULL);