{
  "TYPE" : "Workflow",
  "version" : "1.7.3",
  "timeZone" : "Europe/London",
  "instructions" : [ {
    "TYPE" : "Execute.Named",
    "jobName" : "BBBOAsia1",
    "label" : "BBBOAsia1"
  } ],
  "jobs" : {
    "BBBOAsia1" : {
      "agentName" : "JSAgent",
      "withSubagentClusterIdExpr" : false,
      "executable" : {
        "TYPE" : "ShellScriptExecutable",
        "script" : "cd $scripts_home\n./jobutilities execWkf $input_param $eventName $targetApplication\n",
        "env" : {
          "scripts_home" : "'/gold/app/jobscheduler/scripts'",
          "input_param" : "'/gold/app/jobscheduler/JSInputParams/BBBOAsia1.json'",
          "eventName" : "'BBBOProcess'",
          "targetApplication" : "'fileloading'"
        },
        "v1Compatible" : false
      },
      "skipIfNoAdmissionForOrderDay" : false,
      "parallelism" : 1,
      "graceTimeout" : 15,
      "failOnErrWritten" : false,
      "warnOnErrWritten" : false,
      "isNotRestartable" : false
    }
  }
}