{
  "version" : "1.7.3",
  "workflowNames" : [ "BBCreditRiskRatings" ],
  "title" : "BB Credit Risk Ratings",
  "submitOrderToControllerWhenPlanned" : true,
  "planOrderAutomatically" : true,
  "calendars" : [ {
    "calendarName" : "Cal_Sun-Fri",
    "timeZone" : "Europe/London",
    "periods" : [ {
      "begin" : "22:30:00",
      "end" : "23:59:59",
      "repeat" : "01:00:00",
      "whenHoliday" : "SUPPRESS"
    } ]
  }, {
    "calendarName" : "Cal_Sun-Fri",
    "timeZone" : "Europe/London",
    "periods" : [ {
      "begin" : "00:00:01",
      "end" : "04:30:00",
      "repeat" : "01:00:00",
      "whenHoliday" : "SUPPRESS"
    } ]
  } ],
  "orderParameterisations" : [ {
    "orderName" : "",
    "variables" : { },
    "positions" : { },
    "tags" : [ ]
  } ]
}