{
  "version" : "1.7.3",
  "workflowNames" : [ "BBPerSecurityBulkRequestCorpASIA" ],
  "title" : "BBPerSecurityBulkRequest Corp/ASIA",
  "submitOrderToControllerWhenPlanned" : true,
  "planOrderAutomatically" : true,
  "calendars" : [ {
    "calendarName" : "BuisnessDays",
    "timeZone" : "Europe/London",
    "periods" : [ {
      "singleStart" : "05:30:00",
      "whenHoliday" : "SUPPRESS"
    } ]
  } ],
  "orderParameterisations" : [ {
    "orderName" : "",
    "variables" : { },
    "positions" : { },
    "tags" : [ ]
  } ]
}