{
  "version" : "1.7.3",
  "workflowNames" : [ "cmfCounterpartyAll" ],
  "title" : "cmfCounterparty All",
  "submitOrderToControllerWhenPlanned" : true,
  "planOrderAutomatically" : true,
  "calendars" : [ {
    "calendarName" : "Cal_1st_Day_of_Year",
    "timeZone" : "Europe/London",
    "periods" : [ {
      "singleStart" : "00:00:00",
      "whenHoliday" : "SUPPRESS"
    } ]
  } ],
  "orderParameterisations" : [ {
    "orderName" : "",
    "variables" : { },
    "positions" : { },
    "tags" : [ ]
  } ]
}