{
  "version" : "1.7.3",
  "workflowNames" : [ "MZ_FATAL_ERRORS_SCH" ],
  "title" : "MZ_FATAL_ERRORS_SCH",
  "submitOrderToControllerWhenPlanned" : true,
  "planOrderAutomatically" : true,
  "calendars" : [ {
    "calendarName" : "Cal_Everyday",
    "timeZone" : "Europe/London",
    "periods" : [ {
      "singleStart" : "05:00:00",
      "whenHoliday" : "SUPPRESS"
    } ]
  } ],
  "orderParameterisations" : [ {
    "orderName" : "",
    "variables" : { },
    "positions" : { },
    "tags" : [ ]
  } ]
}