{
  "version" : "1.7.3",
  "workflowNames" : [ "MZ_FENERGO_ID_rep_SCH" ],
  "title" : "MZ_FENERGO_ID_rep_SCH",
  "submitOrderToControllerWhenPlanned" : true,
  "planOrderAutomatically" : true,
  "calendars" : [ {
    "calendarName" : "Cal_Everyday",
    "timeZone" : "Europe/London",
    "periods" : [ {
      "begin" : "00:00:00",
      "end" : "00:30:00",
      "repeat" : "00:30:00",
      "whenHoliday" : "SUPPRESS"
    } ]
  } ],
  "orderParameterisations" : [ {
    "orderName" : "",
    "variables" : { },
    "positions" : { },
    "tags" : [ ]
  } ]
}