{
  "version" : "1.7.3",
  "workflowNames" : [ "ProcessDirFileMHI_HQLA" ],
  "title" : "ProcessDirFileMHI_HQLA",
  "submitOrderToControllerWhenPlanned" : true,
  "planOrderAutomatically" : true,
  "calendars" : [ {
    "calendarName" : "BuisnessDays",
    "timeZone" : "Europe/London",
    "periods" : [ {
      "begin" : "03:30:00",
      "end" : "06:30:00",
      "repeat" : "01:00:00",
      "whenHoliday" : "SUPPRESS"
    }, {
      "begin" : "18:30:00",
      "end" : "21:30:00",
      "repeat" : "01:00:00",
      "whenHoliday" : "SUPPRESS"
    } ]
  } ],
  "orderParameterisations" : [ {
    "orderName" : "",
    "variables" : { },
    "positions" : { },
    "tags" : [ ]
  } ]
}