{
  "version" : "1.7.3",
  "workflowNames" : [ "RecalculatePortfolio" ],
  "title" : "RecalculatePortfolio",
  "submitOrderToControllerWhenPlanned" : true,
  "planOrderAutomatically" : true,
  "calendars" : [ {
    "calendarName" : "Cal_Everyday",
    "timeZone" : "Europe/London",
    "periods" : [ {
      "begin" : "08:30:00",
      "end" : "20:30:00",
      "repeat" : "01:00:00",
      "whenHoliday" : "SUPPRESS"
    } ]
  } ],
  "orderParameterisations" : [ {
    "orderName" : "",
    "variables" : { },
    "positions" : { },
    "tags" : [ ]
  } ]
}