{
  "TYPE" : "Workflow",
  "version" : "1.7.3",
  "timeZone" : "Asia/Calcutta",
  "instructions" : [ {
    "TYPE" : "Execute.Named",
    "jobName" : "job",
    "label" : "job"
  } ],
  "jobs" : {
    "job" : {
      "withSubagentClusterIdExpr" : false,
      "executable" : {
        "TYPE" : "ShellScriptExecutable",
        "v1Compatible" : false
      },
      "skipIfNoAdmissionForOrderDay" : false,
      "parallelism" : 1,
      "graceTimeout" : 1,
      "failOnErrWritten" : false,
      "warnOnErrWritten" : false,
      "isNotRestartable" : false
    }
  }
}