{
  "MessageBulkSize": 500,
  "SuccessAction": "LEAVE",
  "serverTimestampChanged": false,
  "IncludeFilePatternNBusinessFeed": false,
  "VendorDefinition": "BB",
  "ReProcessProcessedFiles": false,
  "MessageProcessingEvent": "ProcessFeedMessage",
  "NrOfFilesParallel": 1,
  "FileSystemName": "sftp/bloomberg/backofficesftp",
  "BusinessFeed": "Bloomberg_DL_Global_Equity",
  "SortAscending": true,
  "FileLoadEvent": "StandardFileLoadAndPublish",
  "RecursiveSearch": false,
  "SortOrder": "NATURAL",
  "FilePatterns": ["equity_asia2.px.gz.20*"],
  "ParallelBranches": 2,
  "Directory": "/gold/GSFTP/files/bloomberg/"
}