{
    "SuccessAction": "LEAVE",
    "FilePatterns": ["creditRiskMultiAgencyRatings.dif.gz.20*"],
    "MessageBulkSize": 500,
    "RecursiveSearch": false,
    "FileLoadEvent": "StandardFileLoadAndPublish",
    "ParallelBranches": 2,
    "serverTimestampChanged": false,
    "VendorDefinition": "BB",
    "ReProcessProcessedFiles": false,
    "Directory": "/gold/GSFTP/files/bloomberg/",
    "FileSystemName": "sftp/bloomberg/backofficesftp",
    "SortOrder": "NATURAL",
    "SortAscending": true,
    "BusinessFeed": "Bloomberg_DL_Ratings",
    "MessageProcessingEvent": "ProcessFeedMessage",
    "IncludeFilePatternNBusinessFeed": false,
    "NrOfFilesParallel": 1
  }