{
  "MessageBulkSize": 500,
  "SuccessAction": "LEAVE",
  "serverTimestampChanged": false,
  "IncludeFilePatternNBusinessFeed": false,
  "VendorDefinition": "FITCH",
  "ReProcessProcessedFiles": false,
  "MessageProcessingEvent": "ProcessFeedMessage",
  "NrOfFilesParallel": 1,
  "BusinessFeed": "Fitch_RDS_Issuer_Ratings",
  "SortAscending": true,
  "FileLoadEvent": "StandardFileLoadAndPublish",
  "RecursiveSearch": false,
  "SortOrder": "NATURAL",
  "FilePatterns": ["20*.mir.zip"],
  "ParallelBranches": 2,
  "Directory": "/"
}