{
  "SuccessAction": "MOVE",
  "MessageBulkSize": 500,
  "OutputProcessedDirectory": "/gold/GSFTP/files/MoodysRDS2/OutputProcessed",
  "FileLoadEvent": "StandardFileLoadAndPublish",
  "IsInstrumentFile": false,
  "ParallelBranches": 1,
  "BulkSize": 99999,
  "Recursive": false,
  "FileSystemName": "filesystem/sftp/MoodysRDS2/user",
  "PatternZipped": "cfg_organization_current_rating_Utf8_12Hour_Delta*.Zip",
  "VendorDefinition": "MOODYS",
  "Directory": "/users/Mizuho_RDS2/CFG_Organization_Current_Rating_12hour_delta",
  "InputDirectory": "/gold/GSFTP/files/MoodysRDS2/Input",
  "OutputDirectory": "/gold/GSFTP/files/MoodysRDS2/Output",
  "ZipInputDaysToKeep": "90",
  "FileSystem": "filesystem/sftp/MoodysRDS2",
  "SortOrder": "TIME",
  "ZipInputProcessedDirectory": "/gold/GSFTP/files/MoodysRDS2/InputZippedProcessed",
  "SortAscending": true,
  "BusinessFeed": "MoodysRDSOrganization",
  "PatternUnzipped": "*org*Delta*",
  "ReDownloadfiles": false,
  "ZipInputDirectory": "/gold/GSFTP/files/MoodysRDS2/InputZipped",
  "NrOfFilesParallel": 1
}