{
  "MessageBulkSize": 500,
  "SuccessAction": "MOVE",
  "serverTimestampChanged": false,
  "IncludeFilePatternNBusinessFeed": false,
  "ReProcessProcessedFiles": false,
  "MessageProcessingEvent": "ProcessFeedMessage",
  "OutputDirectory": "/gold/GSFTP/files/data/prod/hqla/output",
  "LastRunInterval": "24",
  "MessageType": "MHI_HQLA",
  "NrOfFilesParallel": 2,
  "SortAscending": true,
  "FileLoadEvent": "StandardFileLoadAndPublish",
  "Recursive": false,
  "FilePatterns": ["Isin_hqla_*"],
  "ParallelBranches": 2,
  "Directory": "/gold/GSFTP/files/data/prod/hqla/input"
}