{
  "MessageBulkSize": 500,
  "SuccessAction": "MOVE",
  "serverTimestampChanged": false,
  "IncludeFilePatternNBusinessFeed": false,
  "ReProcessProcessedFiles": false,
  "MessageProcessingEvent": "ProcessFeedMessage",
  "OutputDirectory": "/gold/GSFTP/files/mtnExpectedMaturity/done",
  "LastRunInterval": "24",
  "MessageType": "MTN_EMD",
  "NrOfFilesParallel": 2,
  "SortAscending": true,
  "FileLoadEvent": "StandardFileLoadAndPublish",
  "Recursive": false,
  "FilePatterns": ["LiquidityReport*"],
  "ParallelBranches": 2,
  "Directory": "/gold/GSFTP/files/mtnExpectedMaturity/input"
}