{
  "BulkRange": 10,
  "VendorDirectories": "/Products/RXISINGISFCurrentSpan,/Products/RXRatingsGISFCurrentV3Span",
  "MessageBulkSize": 500,
  "FileLoadEvent": "StandardFileLoadAndPublish",
  "ParallelBranches": 2,
  "StagingOutputDirectory": "/gold/GSFTP/files/sandp/staging",
  "BulkSize": 20000,
  "VendorDefinition": "S&P",
  "createCusipFile": false,
  "ReProcessProcessedFiles": false,
  "MoveDirectory": "/gold/GSFTP/files/sandp/done",
  "InputDirectory": "/gold/GSFTP/files/sandp/input",
  "StagingBulkSize": 500,
  "DownloadFilePatterns": "RX*Change*.zip",
  "ZipInputDirectory": "/gold/GSFTP/files/sandp/zip",
  "BulkOutputDirectory": "/gold/GSFTP/files/sandp/bulk",
  "NrOfFilesParallel": 2
}