{
  "NrOfStagingFilesParallel": 7,
  "BulkRange": 10,
  "VendorDirectories": "/Products/RXSPGRatingsReference,/Products/RXSPGRatingsGISFCurrentDaily",
  "MoveFiles": true,
  "BulkFilePatterns": "spRatingData20*",
  "MessageBulkSize": 500,
  "FileLoadEvent": "StandardFileLoadAndPublish",
  "ParallelBranches": 2,
  "BulkSize": 20000,
  "ThresholdNumberOfWFInstances": 1,
  "VendorDefinition": "S&P",
  "ReProcessProcessedFiles": false,
  "IsFullFile": true,
  "MoveDirectory": "/gold/GSFTP/files/sandp/v4/FullFiles/done",
  "InputDirectory": "/gold/GSFTP/files/sandp/v4/FullFiles/input",
  "StagingBulkSize": 500,
  "DownloadFilePatterns": "RXSPGRatingsReferenceFull20*.zip,RXSPGRatingsGISFCurrentDailyFull20*.zip",
  "BulkOutputDirectory": "/gold/GSFTP/files/sandp/v4/FullFiles/output",
  "ThresholdProcessingTime": "24",
  "RatingsType": "ALL",
  "NrOfFilesParallel": 2
}